history,plant,policy,wait_min,success,completion_min
short,0,fixed_6,6.0,0,140.0
short,0,fixed_12,12.0,0,140.0
short,0,fixed_24,24.0,0,140.0
short,0,fixed_48,48.0,0,140.0
short,0,threshold_reset,120.0,0,140.0
short,0,readiness_current,120.0,0,140.0
short,0,readiness_history,120.0,0,140.0
short,0,oracle,120.0,0,140.0
short,1,fixed_6,6.0,0,140.0
short,1,fixed_12,12.0,0,140.0
short,1,fixed_24,24.0,0,140.0
short,1,fixed_48,48.0,0,140.0
short,1,threshold_reset,120.0,0,140.0
short,1,readiness_current,120.0,0,140.0
short,1,readiness_history,120.0,0,140.0
short,1,oracle,120.0,0,140.0
short,2,fixed_6,6.0,0,140.0
short,2,fixed_12,12.0,0,140.0
short,2,fixed_24,24.0,0,140.0
short,2,fixed_48,48.0,0,140.0
short,2,threshold_reset,120.0,0,140.0
short,2,readiness_current,120.0,0,140.0
short,2,readiness_history,120.0,0,140.0
short,2,oracle,120.0,0,140.0
short,3,fixed_6,6.0,0,140.0
short,3,fixed_12,12.0,0,140.0
short,3,fixed_24,24.0,0,140.0
short,3,fixed_48,48.0,0,140.0
short,3,threshold_reset,120.0,0,140.0
short,3,readiness_current,120.0,0,140.0
short,3,readiness_history,120.0,0,140.0
short,3,oracle,120.0,0,140.0
short,4,fixed_6,6.0,0,140.0
short,4,fixed_12,12.0,0,140.0
short,4,fixed_24,24.0,0,140.0
short,4,fixed_48,48.0,0,140.0
short,4,threshold_reset,120.0,0,140.0
short,4,readiness_current,120.0,0,140.0
short,4,readiness_history,120.0,0,140.0
short,4,oracle,120.0,0,140.0
short,5,fixed_6,6.0,0,140.0
short,5,fixed_12,12.0,0,140.0
short,5,fixed_24,24.0,0,140.0
short,5,fixed_48,48.0,0,140.0
short,5,threshold_reset,120.0,0,140.0
short,5,readiness_current,120.0,0,140.0
short,5,readiness_history,120.0,0,140.0
short,5,oracle,120.0,0,140.0
short,6,fixed_6,6.0,0,140.0
short,6,fixed_12,12.0,0,140.0
short,6,fixed_24,24.0,0,140.0
short,6,fixed_48,48.0,0,140.0
short,6,threshold_reset,120.0,0,140.0
short,6,readiness_current,120.0,0,140.0
short,6,readiness_history,120.0,0,140.0
short,6,oracle,120.0,0,140.0
short,7,fixed_6,6.0,0,140.0
short,7,fixed_12,12.0,0,140.0
short,7,fixed_24,24.0,0,140.0
short,7,fixed_48,48.0,0,140.0
short,7,threshold_reset,120.0,0,140.0
short,7,readiness_current,120.0,0,140.0
short,7,readiness_history,120.0,0,140.0
short,7,oracle,120.0,0,140.0
short,8,fixed_6,6.0,0,140.0
short,8,fixed_12,12.0,0,140.0
short,8,fixed_24,24.0,0,140.0
short,8,fixed_48,48.0,0,140.0
short,8,threshold_reset,120.0,0,140.0
short,8,readiness_current,120.0,0,140.0
short,8,readiness_history,120.0,0,140.0
short,8,oracle,120.0,0,140.0
short,9,fixed_6,6.0,0,140.0
short,9,fixed_12,12.0,0,140.0
short,9,fixed_24,24.0,0,140.0
short,9,fixed_48,48.0,0,140.0
short,9,threshold_reset,120.0,0,140.0
short,9,readiness_current,120.0,0,140.0
short,9,readiness_history,120.0,0,140.0
short,9,oracle,120.0,0,140.0
short,10,fixed_6,6.0,0,140.0
short,10,fixed_12,12.0,0,140.0
short,10,fixed_24,24.0,0,140.0
short,10,fixed_48,48.0,0,140.0
short,10,threshold_reset,120.0,0,140.0
short,10,readiness_current,120.0,0,140.0
short,10,readiness_history,120.0,0,140.0
short,10,oracle,120.0,0,140.0
short,11,fixed_6,6.0,0,140.0
short,11,fixed_12,12.0,0,140.0
short,11,fixed_24,24.0,0,140.0
short,11,fixed_48,48.0,0,140.0
short,11,threshold_reset,120.0,0,140.0
short,11,readiness_current,120.0,0,140.0
short,11,readiness_history,120.0,0,140.0
short,11,oracle,120.0,0,140.0
short,12,fixed_6,6.0,0,140.0
short,12,fixed_12,12.0,0,140.0
short,12,fixed_24,24.0,0,140.0
short,12,fixed_48,48.0,0,140.0
short,12,threshold_reset,120.0,0,140.0
short,12,readiness_current,120.0,0,140.0
short,12,readiness_history,120.0,0,140.0
short,12,oracle,120.0,0,140.0
short,13,fixed_6,6.0,0,140.0
short,13,fixed_12,12.0,0,140.0
short,13,fixed_24,24.0,0,140.0
short,13,fixed_48,48.0,0,140.0
short,13,threshold_reset,120.0,0,140.0
short,13,readiness_current,120.0,0,140.0
short,13,readiness_history,120.0,0,140.0
short,13,oracle,120.0,0,140.0
short,14,fixed_6,6.0,0,140.0
short,14,fixed_12,12.0,0,140.0
short,14,fixed_24,24.0,0,140.0
short,14,fixed_48,48.0,0,140.0
short,14,threshold_reset,120.0,0,140.0
short,14,readiness_current,120.0,0,140.0
short,14,readiness_history,120.0,0,140.0
short,14,oracle,120.0,0,140.0
short,15,fixed_6,6.0,0,140.0
short,15,fixed_12,12.0,0,140.0
short,15,fixed_24,24.0,0,140.0
short,15,fixed_48,48.0,0,140.0
short,15,threshold_reset,120.0,0,140.0
short,15,readiness_current,120.0,0,140.0
short,15,readiness_history,120.0,0,140.0
short,15,oracle,120.0,0,140.0
short,16,fixed_6,6.0,0,140.0
short,16,fixed_12,12.0,0,140.0
short,16,fixed_24,24.0,0,140.0
short,16,fixed_48,48.0,0,140.0
short,16,threshold_reset,120.0,0,140.0
short,16,readiness_current,120.0,0,140.0
short,16,readiness_history,120.0,0,140.0
short,16,oracle,120.0,0,140.0
short,17,fixed_6,6.0,0,140.0
short,17,fixed_12,12.0,0,140.0
short,17,fixed_24,24.0,0,140.0
short,17,fixed_48,48.0,0,140.0
short,17,threshold_reset,120.0,0,140.0
short,17,readiness_current,120.0,0,140.0
short,17,readiness_history,120.0,0,140.0
short,17,oracle,120.0,0,140.0
short,18,fixed_6,6.0,0,140.0
short,18,fixed_12,12.0,0,140.0
short,18,fixed_24,24.0,0,140.0
short,18,fixed_48,48.0,0,140.0
short,18,threshold_reset,120.0,0,140.0
short,18,readiness_current,120.0,0,140.0
short,18,readiness_history,120.0,0,140.0
short,18,oracle,120.0,0,140.0
short,19,fixed_6,6.0,0,140.0
short,19,fixed_12,12.0,0,140.0
short,19,fixed_24,24.0,0,140.0
short,19,fixed_48,48.0,0,140.0
short,19,threshold_reset,120.0,0,140.0
short,19,readiness_current,120.0,0,140.0
short,19,readiness_history,120.0,0,140.0
short,19,oracle,120.0,0,140.0
short,20,fixed_6,6.0,0,140.0
short,20,fixed_12,12.0,0,140.0
short,20,fixed_24,24.0,0,140.0
short,20,fixed_48,48.0,0,140.0
short,20,threshold_reset,120.0,0,140.0
short,20,readiness_current,120.0,0,140.0
short,20,readiness_history,120.0,0,140.0
short,20,oracle,120.0,0,140.0
short,21,fixed_6,6.0,0,140.0
short,21,fixed_12,12.0,0,140.0
short,21,fixed_24,24.0,0,140.0
short,21,fixed_48,48.0,0,140.0
short,21,threshold_reset,120.0,0,140.0
short,21,readiness_current,120.0,0,140.0
short,21,readiness_history,120.0,0,140.0
short,21,oracle,120.0,0,140.0
short,22,fixed_6,6.0,0,140.0
short,22,fixed_12,12.0,0,140.0
short,22,fixed_24,24.0,0,140.0
short,22,fixed_48,48.0,0,140.0
short,22,threshold_reset,120.0,0,140.0
short,22,readiness_current,120.0,0,140.0
short,22,readiness_history,120.0,0,140.0
short,22,oracle,120.0,0,140.0
short,23,fixed_6,6.0,0,140.0
short,23,fixed_12,12.0,0,140.0
short,23,fixed_24,24.0,0,140.0
short,23,fixed_48,48.0,0,140.0
short,23,threshold_reset,120.0,0,140.0
short,23,readiness_current,120.0,0,140.0
short,23,readiness_history,120.0,0,140.0
short,23,oracle,120.0,0,140.0
short,24,fixed_6,6.0,0,140.0
short,24,fixed_12,12.0,0,140.0
short,24,fixed_24,24.0,0,140.0
short,24,fixed_48,48.0,0,140.0
short,24,threshold_reset,120.0,0,140.0
short,24,readiness_current,120.0,0,140.0
short,24,readiness_history,120.0,0,140.0
short,24,oracle,120.0,0,140.0
short,25,fixed_6,6.0,0,140.0
short,25,fixed_12,12.0,0,140.0
short,25,fixed_24,24.0,0,140.0
short,25,fixed_48,48.0,0,140.0
short,25,threshold_reset,120.0,0,140.0
short,25,readiness_current,120.0,0,140.0
short,25,readiness_history,120.0,0,140.0
short,25,oracle,120.0,0,140.0
short,26,fixed_6,6.0,0,140.0
short,26,fixed_12,12.0,0,140.0
short,26,fixed_24,24.0,0,140.0
short,26,fixed_48,48.0,0,140.0
short,26,threshold_reset,120.0,0,140.0
short,26,readiness_current,120.0,0,140.0
short,26,readiness_history,120.0,0,140.0
short,26,oracle,120.0,0,140.0
short,27,fixed_6,6.0,0,140.0
short,27,fixed_12,12.0,0,140.0
short,27,fixed_24,24.0,0,140.0
short,27,fixed_48,48.0,0,140.0
short,27,threshold_reset,120.0,0,140.0
short,27,readiness_current,120.0,0,140.0
short,27,readiness_history,120.0,0,140.0
short,27,oracle,120.0,0,140.0
short,28,fixed_6,6.0,0,140.0
short,28,fixed_12,12.0,0,140.0
short,28,fixed_24,24.0,0,140.0
short,28,fixed_48,48.0,0,140.0
short,28,threshold_reset,120.0,0,140.0
short,28,readiness_current,120.0,0,140.0
short,28,readiness_history,120.0,0,140.0
short,28,oracle,120.0,0,140.0
short,29,fixed_6,6.0,0,140.0
short,29,fixed_12,12.0,0,140.0
short,29,fixed_24,24.0,0,140.0
short,29,fixed_48,48.0,0,140.0
short,29,threshold_reset,120.0,0,140.0
short,29,readiness_current,120.0,0,140.0
short,29,readiness_history,120.0,0,140.0
short,29,oracle,120.0,0,140.0
short,30,fixed_6,6.0,0,140.0
short,30,fixed_12,12.0,0,140.0
short,30,fixed_24,24.0,0,140.0
short,30,fixed_48,48.0,0,140.0
short,30,threshold_reset,120.0,0,140.0
short,30,readiness_current,120.0,0,140.0
short,30,readiness_history,120.0,0,140.0
short,30,oracle,120.0,0,140.0
short,31,fixed_6,6.0,0,140.0
short,31,fixed_12,12.0,0,140.0
short,31,fixed_24,24.0,0,140.0
short,31,fixed_48,48.0,0,140.0
short,31,threshold_reset,120.0,0,140.0
short,31,readiness_current,120.0,0,140.0
short,31,readiness_history,120.0,0,140.0
short,31,oracle,120.0,0,140.0
short,32,fixed_6,6.0,0,140.0
short,32,fixed_12,12.0,0,140.0
short,32,fixed_24,24.0,0,140.0
short,32,fixed_48,48.0,0,140.0
short,32,threshold_reset,120.0,0,140.0
short,32,readiness_current,120.0,0,140.0
short,32,readiness_history,120.0,0,140.0
short,32,oracle,120.0,0,140.0
short,33,fixed_6,6.0,0,140.0
short,33,fixed_12,12.0,0,140.0
short,33,fixed_24,24.0,0,140.0
short,33,fixed_48,48.0,0,140.0
short,33,threshold_reset,120.0,0,140.0
short,33,readiness_current,120.0,0,140.0
short,33,readiness_history,120.0,0,140.0
short,33,oracle,120.0,0,140.0
short,34,fixed_6,6.0,0,140.0
short,34,fixed_12,12.0,0,140.0
short,34,fixed_24,24.0,0,140.0
short,34,fixed_48,48.0,0,140.0
short,34,threshold_reset,120.0,0,140.0
short,34,readiness_current,120.0,0,140.0
short,34,readiness_history,120.0,0,140.0
short,34,oracle,120.0,0,140.0
short,35,fixed_6,6.0,0,140.0
short,35,fixed_12,12.0,0,140.0
short,35,fixed_24,24.0,0,140.0
short,35,fixed_48,48.0,0,140.0
short,35,threshold_reset,120.0,0,140.0
short,35,readiness_current,120.0,0,140.0
short,35,readiness_history,120.0,0,140.0
short,35,oracle,120.0,0,140.0
short,36,fixed_6,6.0,0,140.0
short,36,fixed_12,12.0,0,140.0
short,36,fixed_24,24.0,0,140.0
short,36,fixed_48,48.0,0,140.0
short,36,threshold_reset,120.0,0,140.0
short,36,readiness_current,120.0,0,140.0
short,36,readiness_history,120.0,0,140.0
short,36,oracle,120.0,0,140.0
short,37,fixed_6,6.0,0,140.0
short,37,fixed_12,12.0,0,140.0
short,37,fixed_24,24.0,0,140.0
short,37,fixed_48,48.0,0,140.0
short,37,threshold_reset,120.0,0,140.0
short,37,readiness_current,120.0,0,140.0
short,37,readiness_history,120.0,0,140.0
short,37,oracle,120.0,0,140.0
short,38,fixed_6,6.0,0,140.0
short,38,fixed_12,12.0,0,140.0
short,38,fixed_24,24.0,0,140.0
short,38,fixed_48,48.0,0,140.0
short,38,threshold_reset,120.0,0,140.0
short,38,readiness_current,120.0,0,140.0
short,38,readiness_history,120.0,0,140.0
short,38,oracle,120.0,0,140.0
short,39,fixed_6,6.0,0,140.0
short,39,fixed_12,12.0,0,140.0
short,39,fixed_24,24.0,0,140.0
short,39,fixed_48,48.0,0,140.0
short,39,threshold_reset,120.0,0,140.0
short,39,readiness_current,120.0,0,140.0
short,39,readiness_history,120.0,0,140.0
short,39,oracle,120.0,0,140.0
short,40,fixed_6,6.0,0,140.0
short,40,fixed_12,12.0,0,140.0
short,40,fixed_24,24.0,0,140.0
short,40,fixed_48,48.0,0,140.0
short,40,threshold_reset,120.0,0,140.0
short,40,readiness_current,120.0,0,140.0
short,40,readiness_history,120.0,0,140.0
short,40,oracle,120.0,0,140.0
short,41,fixed_6,6.0,0,140.0
short,41,fixed_12,12.0,0,140.0
short,41,fixed_24,24.0,0,140.0
short,41,fixed_48,48.0,0,140.0
short,41,threshold_reset,120.0,0,140.0
short,41,readiness_current,120.0,0,140.0
short,41,readiness_history,120.0,0,140.0
short,41,oracle,120.0,0,140.0
short,42,fixed_6,6.0,0,140.0
short,42,fixed_12,12.0,0,140.0
short,42,fixed_24,24.0,0,140.0
short,42,fixed_48,48.0,0,140.0
short,42,threshold_reset,120.0,0,140.0
short,42,readiness_current,120.0,0,140.0
short,42,readiness_history,120.0,0,140.0
short,42,oracle,120.0,0,140.0
short,43,fixed_6,6.0,0,140.0
short,43,fixed_12,12.0,0,140.0
short,43,fixed_24,24.0,0,140.0
short,43,fixed_48,48.0,0,140.0
short,43,threshold_reset,120.0,0,140.0
short,43,readiness_current,120.0,0,140.0
short,43,readiness_history,120.0,0,140.0
short,43,oracle,120.0,0,140.0
short,44,fixed_6,6.0,0,140.0
short,44,fixed_12,12.0,0,140.0
short,44,fixed_24,24.0,0,140.0
short,44,fixed_48,48.0,0,140.0
short,44,threshold_reset,120.0,0,140.0
short,44,readiness_current,120.0,0,140.0
short,44,readiness_history,120.0,0,140.0
short,44,oracle,120.0,0,140.0
short,45,fixed_6,6.0,0,140.0
short,45,fixed_12,12.0,0,140.0
short,45,fixed_24,24.0,0,140.0
short,45,fixed_48,48.0,0,140.0
short,45,threshold_reset,120.0,0,140.0
short,45,readiness_current,120.0,0,140.0
short,45,readiness_history,120.0,0,140.0
short,45,oracle,120.0,0,140.0
short,46,fixed_6,6.0,0,140.0
short,46,fixed_12,12.0,0,140.0
short,46,fixed_24,24.0,0,140.0
short,46,fixed_48,48.0,0,140.0
short,46,threshold_reset,120.0,0,140.0
short,46,readiness_current,120.0,0,140.0
short,46,readiness_history,120.0,0,140.0
short,46,oracle,120.0,0,140.0
short,47,fixed_6,6.0,0,140.0
short,47,fixed_12,12.0,0,140.0
short,47,fixed_24,24.0,0,140.0
short,47,fixed_48,48.0,0,140.0
short,47,threshold_reset,120.0,0,140.0
short,47,readiness_current,120.0,0,140.0
short,47,readiness_history,120.0,0,140.0
short,47,oracle,120.0,0,140.0
short,48,fixed_6,6.0,0,140.0
short,48,fixed_12,12.0,0,140.0
short,48,fixed_24,24.0,0,140.0
short,48,fixed_48,48.0,0,140.0
short,48,threshold_reset,120.0,0,140.0
short,48,readiness_current,120.0,0,140.0
short,48,readiness_history,120.0,0,140.0
short,48,oracle,120.0,0,140.0
short,49,fixed_6,6.0,0,140.0
short,49,fixed_12,12.0,0,140.0
short,49,fixed_24,24.0,0,140.0
short,49,fixed_48,48.0,0,140.0
short,49,threshold_reset,120.0,0,140.0
short,49,readiness_current,120.0,0,140.0
short,49,readiness_history,120.0,0,140.0
short,49,oracle,120.0,0,140.0
short,50,fixed_6,6.0,0,140.0
short,50,fixed_12,12.0,0,140.0
short,50,fixed_24,24.0,0,140.0
short,50,fixed_48,48.0,0,140.0
short,50,threshold_reset,120.0,0,140.0
short,50,readiness_current,120.0,0,140.0
short,50,readiness_history,120.0,0,140.0
short,50,oracle,120.0,0,140.0
short,51,fixed_6,6.0,0,140.0
short,51,fixed_12,12.0,0,140.0
short,51,fixed_24,24.0,0,140.0
short,51,fixed_48,48.0,0,140.0
short,51,threshold_reset,120.0,0,140.0
short,51,readiness_current,120.0,0,140.0
short,51,readiness_history,120.0,0,140.0
short,51,oracle,120.0,0,140.0
short,52,fixed_6,6.0,0,140.0
short,52,fixed_12,12.0,0,140.0
short,52,fixed_24,24.0,0,140.0
short,52,fixed_48,48.0,0,140.0
short,52,threshold_reset,120.0,0,140.0
short,52,readiness_current,120.0,0,140.0
short,52,readiness_history,120.0,0,140.0
short,52,oracle,120.0,0,140.0
short,53,fixed_6,6.0,0,140.0
short,53,fixed_12,12.0,0,140.0
short,53,fixed_24,24.0,0,140.0
short,53,fixed_48,48.0,0,140.0
short,53,threshold_reset,120.0,0,140.0
short,53,readiness_current,120.0,0,140.0
short,53,readiness_history,120.0,0,140.0
short,53,oracle,120.0,0,140.0
short,54,fixed_6,6.0,0,140.0
short,54,fixed_12,12.0,0,140.0
short,54,fixed_24,24.0,0,140.0
short,54,fixed_48,48.0,0,140.0
short,54,threshold_reset,120.0,0,140.0
short,54,readiness_current,120.0,0,140.0
short,54,readiness_history,120.0,0,140.0
short,54,oracle,120.0,0,140.0
short,55,fixed_6,6.0,0,140.0
short,55,fixed_12,12.0,0,140.0
short,55,fixed_24,24.0,0,140.0
short,55,fixed_48,48.0,0,140.0
short,55,threshold_reset,120.0,0,140.0
short,55,readiness_current,120.0,0,140.0
short,55,readiness_history,120.0,0,140.0
short,55,oracle,120.0,0,140.0
short,56,fixed_6,6.0,0,140.0
short,56,fixed_12,12.0,0,140.0
short,56,fixed_24,24.0,0,140.0
short,56,fixed_48,48.0,0,140.0
short,56,threshold_reset,120.0,0,140.0
short,56,readiness_current,120.0,0,140.0
short,56,readiness_history,120.0,0,140.0
short,56,oracle,120.0,0,140.0
short,57,fixed_6,6.0,0,140.0
short,57,fixed_12,12.0,0,140.0
short,57,fixed_24,24.0,0,140.0
short,57,fixed_48,48.0,0,140.0
short,57,threshold_reset,120.0,0,140.0
short,57,readiness_current,120.0,0,140.0
short,57,readiness_history,120.0,0,140.0
short,57,oracle,120.0,0,140.0
short,58,fixed_6,6.0,0,140.0
short,58,fixed_12,12.0,0,140.0
short,58,fixed_24,24.0,0,140.0
short,58,fixed_48,48.0,0,140.0
short,58,threshold_reset,120.0,0,140.0
short,58,readiness_current,120.0,0,140.0
short,58,readiness_history,120.0,0,140.0
short,58,oracle,120.0,0,140.0
short,59,fixed_6,6.0,0,140.0
short,59,fixed_12,12.0,0,140.0
short,59,fixed_24,24.0,0,140.0
short,59,fixed_48,48.0,0,140.0
short,59,threshold_reset,120.0,0,140.0
short,59,readiness_current,120.0,0,140.0
short,59,readiness_history,120.0,0,140.0
short,59,oracle,120.0,0,140.0
short,60,fixed_6,6.0,0,140.0
short,60,fixed_12,12.0,0,140.0
short,60,fixed_24,24.0,0,140.0
short,60,fixed_48,48.0,0,140.0
short,60,threshold_reset,120.0,0,140.0
short,60,readiness_current,120.0,0,140.0
short,60,readiness_history,120.0,0,140.0
short,60,oracle,120.0,0,140.0
short,61,fixed_6,6.0,0,140.0
short,61,fixed_12,12.0,0,140.0
short,61,fixed_24,24.0,0,140.0
short,61,fixed_48,48.0,0,140.0
short,61,threshold_reset,120.0,0,140.0
short,61,readiness_current,120.0,0,140.0
short,61,readiness_history,120.0,0,140.0
short,61,oracle,120.0,0,140.0
short,62,fixed_6,6.0,0,140.0
short,62,fixed_12,12.0,0,140.0
short,62,fixed_24,24.0,0,140.0
short,62,fixed_48,48.0,0,140.0
short,62,threshold_reset,120.0,0,140.0
short,62,readiness_current,120.0,0,140.0
short,62,readiness_history,120.0,0,140.0
short,62,oracle,120.0,0,140.0
short,63,fixed_6,6.0,0,140.0
short,63,fixed_12,12.0,0,140.0
short,63,fixed_24,24.0,0,140.0
short,63,fixed_48,48.0,0,140.0
short,63,threshold_reset,120.0,0,140.0
short,63,readiness_current,120.0,0,140.0
short,63,readiness_history,120.0,0,140.0
short,63,oracle,120.0,0,140.0
short,64,fixed_6,6.0,0,140.0
short,64,fixed_12,12.0,0,140.0
short,64,fixed_24,24.0,0,140.0
short,64,fixed_48,48.0,0,140.0
short,64,threshold_reset,120.0,0,140.0
short,64,readiness_current,120.0,0,140.0
short,64,readiness_history,120.0,0,140.0
short,64,oracle,120.0,0,140.0
short,65,fixed_6,6.0,0,140.0
short,65,fixed_12,12.0,0,140.0
short,65,fixed_24,24.0,0,140.0
short,65,fixed_48,48.0,0,140.0
short,65,threshold_reset,120.0,0,140.0
short,65,readiness_current,120.0,0,140.0
short,65,readiness_history,120.0,0,140.0
short,65,oracle,120.0,0,140.0
short,66,fixed_6,6.0,0,140.0
short,66,fixed_12,12.0,0,140.0
short,66,fixed_24,24.0,0,140.0
short,66,fixed_48,48.0,0,140.0
short,66,threshold_reset,120.0,0,140.0
short,66,readiness_current,120.0,0,140.0
short,66,readiness_history,120.0,0,140.0
short,66,oracle,120.0,0,140.0
short,67,fixed_6,6.0,0,140.0
short,67,fixed_12,12.0,0,140.0
short,67,fixed_24,24.0,0,140.0
short,67,fixed_48,48.0,0,140.0
short,67,threshold_reset,120.0,0,140.0
short,67,readiness_current,120.0,0,140.0
short,67,readiness_history,120.0,0,140.0
short,67,oracle,120.0,0,140.0
short,68,fixed_6,6.0,0,140.0
short,68,fixed_12,12.0,0,140.0
short,68,fixed_24,24.0,0,140.0
short,68,fixed_48,48.0,0,140.0
short,68,threshold_reset,120.0,0,140.0
short,68,readiness_current,120.0,0,140.0
short,68,readiness_history,120.0,0,140.0
short,68,oracle,120.0,0,140.0
short,69,fixed_6,6.0,0,140.0
short,69,fixed_12,12.0,0,140.0
short,69,fixed_24,24.0,0,140.0
short,69,fixed_48,48.0,0,140.0
short,69,threshold_reset,120.0,0,140.0
short,69,readiness_current,120.0,0,140.0
short,69,readiness_history,120.0,0,140.0
short,69,oracle,120.0,0,140.0
short,70,fixed_6,6.0,0,140.0
short,70,fixed_12,12.0,0,140.0
short,70,fixed_24,24.0,0,140.0
short,70,fixed_48,48.0,0,140.0
short,70,threshold_reset,120.0,0,140.0
short,70,readiness_current,120.0,0,140.0
short,70,readiness_history,120.0,0,140.0
short,70,oracle,120.0,0,140.0
short,71,fixed_6,6.0,0,140.0
short,71,fixed_12,12.0,0,140.0
short,71,fixed_24,24.0,0,140.0
short,71,fixed_48,48.0,0,140.0
short,71,threshold_reset,120.0,0,140.0
short,71,readiness_current,120.0,0,140.0
short,71,readiness_history,120.0,0,140.0
short,71,oracle,120.0,0,140.0
short,72,fixed_6,6.0,0,140.0
short,72,fixed_12,12.0,0,140.0
short,72,fixed_24,24.0,0,140.0
short,72,fixed_48,48.0,0,140.0
short,72,threshold_reset,120.0,0,140.0
short,72,readiness_current,120.0,0,140.0
short,72,readiness_history,120.0,0,140.0
short,72,oracle,120.0,0,140.0
short,73,fixed_6,6.0,0,140.0
short,73,fixed_12,12.0,0,140.0
short,73,fixed_24,24.0,0,140.0
short,73,fixed_48,48.0,0,140.0
short,73,threshold_reset,120.0,0,140.0
short,73,readiness_current,120.0,0,140.0
short,73,readiness_history,120.0,0,140.0
short,73,oracle,120.0,0,140.0
short,74,fixed_6,6.0,0,140.0
short,74,fixed_12,12.0,0,140.0
short,74,fixed_24,24.0,0,140.0
short,74,fixed_48,48.0,0,140.0
short,74,threshold_reset,120.0,0,140.0
short,74,readiness_current,120.0,0,140.0
short,74,readiness_history,120.0,0,140.0
short,74,oracle,120.0,0,140.0
short,75,fixed_6,6.0,0,140.0
short,75,fixed_12,12.0,0,140.0
short,75,fixed_24,24.0,0,140.0
short,75,fixed_48,48.0,0,140.0
short,75,threshold_reset,120.0,0,140.0
short,75,readiness_current,120.0,0,140.0
short,75,readiness_history,120.0,0,140.0
short,75,oracle,120.0,0,140.0
short,76,fixed_6,6.0,0,140.0
short,76,fixed_12,12.0,0,140.0
short,76,fixed_24,24.0,0,140.0
short,76,fixed_48,48.0,0,140.0
short,76,threshold_reset,120.0,0,140.0
short,76,readiness_current,120.0,0,140.0
short,76,readiness_history,120.0,0,140.0
short,76,oracle,120.0,0,140.0
short,77,fixed_6,6.0,0,140.0
short,77,fixed_12,12.0,0,140.0
short,77,fixed_24,24.0,0,140.0
short,77,fixed_48,48.0,0,140.0
short,77,threshold_reset,120.0,0,140.0
short,77,readiness_current,120.0,0,140.0
short,77,readiness_history,120.0,0,140.0
short,77,oracle,120.0,0,140.0
short,78,fixed_6,6.0,0,140.0
short,78,fixed_12,12.0,0,140.0
short,78,fixed_24,24.0,0,140.0
short,78,fixed_48,48.0,0,140.0
short,78,threshold_reset,120.0,0,140.0
short,78,readiness_current,120.0,0,140.0
short,78,readiness_history,120.0,0,140.0
short,78,oracle,120.0,0,140.0
short,79,fixed_6,6.0,0,140.0
short,79,fixed_12,12.0,0,140.0
short,79,fixed_24,24.0,0,140.0
short,79,fixed_48,48.0,0,140.0
short,79,threshold_reset,120.0,0,140.0
short,79,readiness_current,120.0,0,140.0
short,79,readiness_history,120.0,0,140.0
short,79,oracle,120.0,0,140.0
short,80,fixed_6,6.0,0,140.0
short,80,fixed_12,12.0,0,140.0
short,80,fixed_24,24.0,0,140.0
short,80,fixed_48,48.0,0,140.0
short,80,threshold_reset,120.0,0,140.0
short,80,readiness_current,120.0,0,140.0
short,80,readiness_history,120.0,0,140.0
short,80,oracle,120.0,0,140.0
short,81,fixed_6,6.0,0,140.0
short,81,fixed_12,12.0,0,140.0
short,81,fixed_24,24.0,0,140.0
short,81,fixed_48,48.0,0,140.0
short,81,threshold_reset,120.0,0,140.0
short,81,readiness_current,120.0,0,140.0
short,81,readiness_history,120.0,0,140.0
short,81,oracle,120.0,0,140.0
short,82,fixed_6,6.0,0,140.0
short,82,fixed_12,12.0,0,140.0
short,82,fixed_24,24.0,0,140.0
short,82,fixed_48,48.0,0,140.0
short,82,threshold_reset,120.0,0,140.0
short,82,readiness_current,120.0,0,140.0
short,82,readiness_history,120.0,0,140.0
short,82,oracle,120.0,0,140.0
short,83,fixed_6,6.0,0,140.0
short,83,fixed_12,12.0,0,140.0
short,83,fixed_24,24.0,0,140.0
short,83,fixed_48,48.0,0,140.0
short,83,threshold_reset,120.0,0,140.0
short,83,readiness_current,120.0,0,140.0
short,83,readiness_history,120.0,0,140.0
short,83,oracle,120.0,0,140.0
short,84,fixed_6,6.0,0,140.0
short,84,fixed_12,12.0,0,140.0
short,84,fixed_24,24.0,0,140.0
short,84,fixed_48,48.0,0,140.0
short,84,threshold_reset,120.0,0,140.0
short,84,readiness_current,120.0,0,140.0
short,84,readiness_history,120.0,0,140.0
short,84,oracle,120.0,0,140.0
short,85,fixed_6,6.0,0,140.0
short,85,fixed_12,12.0,0,140.0
short,85,fixed_24,24.0,0,140.0
short,85,fixed_48,48.0,0,140.0
short,85,threshold_reset,120.0,0,140.0
short,85,readiness_current,120.0,0,140.0
short,85,readiness_history,120.0,0,140.0
short,85,oracle,120.0,0,140.0
short,86,fixed_6,6.0,0,140.0
short,86,fixed_12,12.0,0,140.0
short,86,fixed_24,24.0,0,140.0
short,86,fixed_48,48.0,0,140.0
short,86,threshold_reset,120.0,0,140.0
short,86,readiness_current,120.0,0,140.0
short,86,readiness_history,120.0,0,140.0
short,86,oracle,120.0,0,140.0
short,87,fixed_6,6.0,0,140.0
short,87,fixed_12,12.0,0,140.0
short,87,fixed_24,24.0,0,140.0
short,87,fixed_48,48.0,0,140.0
short,87,threshold_reset,120.0,0,140.0
short,87,readiness_current,120.0,0,140.0
short,87,readiness_history,120.0,0,140.0
short,87,oracle,120.0,0,140.0
short,88,fixed_6,6.0,0,140.0
short,88,fixed_12,12.0,0,140.0
short,88,fixed_24,24.0,0,140.0
short,88,fixed_48,48.0,0,140.0
short,88,threshold_reset,120.0,0,140.0
short,88,readiness_current,120.0,0,140.0
short,88,readiness_history,120.0,0,140.0
short,88,oracle,120.0,0,140.0
short,89,fixed_6,6.0,0,140.0
short,89,fixed_12,12.0,0,140.0
short,89,fixed_24,24.0,0,140.0
short,89,fixed_48,48.0,0,140.0
short,89,threshold_reset,120.0,0,140.0
short,89,readiness_current,120.0,0,140.0
short,89,readiness_history,120.0,0,140.0
short,89,oracle,120.0,0,140.0
short,90,fixed_6,6.0,0,140.0
short,90,fixed_12,12.0,0,140.0
short,90,fixed_24,24.0,0,140.0
short,90,fixed_48,48.0,0,140.0
short,90,threshold_reset,120.0,0,140.0
short,90,readiness_current,120.0,0,140.0
short,90,readiness_history,120.0,0,140.0
short,90,oracle,120.0,0,140.0
short,91,fixed_6,6.0,0,140.0
short,91,fixed_12,12.0,0,140.0
short,91,fixed_24,24.0,0,140.0
short,91,fixed_48,48.0,0,140.0
short,91,threshold_reset,120.0,0,140.0
short,91,readiness_current,120.0,0,140.0
short,91,readiness_history,120.0,0,140.0
short,91,oracle,120.0,0,140.0
short,92,fixed_6,6.0,0,140.0
short,92,fixed_12,12.0,0,140.0
short,92,fixed_24,24.0,0,140.0
short,92,fixed_48,48.0,0,140.0
short,92,threshold_reset,120.0,0,140.0
short,92,readiness_current,120.0,0,140.0
short,92,readiness_history,120.0,0,140.0
short,92,oracle,120.0,0,140.0
short,93,fixed_6,6.0,0,140.0
short,93,fixed_12,12.0,0,140.0
short,93,fixed_24,24.0,0,140.0
short,93,fixed_48,48.0,0,140.0
short,93,threshold_reset,120.0,0,140.0
short,93,readiness_current,120.0,0,140.0
short,93,readiness_history,120.0,0,140.0
short,93,oracle,120.0,0,140.0
short,94,fixed_6,6.0,0,140.0
short,94,fixed_12,12.0,0,140.0
short,94,fixed_24,24.0,0,140.0
short,94,fixed_48,48.0,0,140.0
short,94,threshold_reset,120.0,0,140.0
short,94,readiness_current,120.0,0,140.0
short,94,readiness_history,120.0,0,140.0
short,94,oracle,120.0,0,140.0
short,95,fixed_6,6.0,0,140.0
short,95,fixed_12,12.0,0,140.0
short,95,fixed_24,24.0,0,140.0
short,95,fixed_48,48.0,0,140.0
short,95,threshold_reset,120.0,0,140.0
short,95,readiness_current,120.0,0,140.0
short,95,readiness_history,120.0,0,140.0
short,95,oracle,120.0,0,140.0
short,96,fixed_6,6.0,0,140.0
short,96,fixed_12,12.0,0,140.0
short,96,fixed_24,24.0,0,140.0
short,96,fixed_48,48.0,0,140.0
short,96,threshold_reset,120.0,0,140.0
short,96,readiness_current,120.0,0,140.0
short,96,readiness_history,120.0,0,140.0
short,96,oracle,120.0,0,140.0
short,97,fixed_6,6.0,0,140.0
short,97,fixed_12,12.0,0,140.0
short,97,fixed_24,24.0,0,140.0
short,97,fixed_48,48.0,0,140.0
short,97,threshold_reset,120.0,0,140.0
short,97,readiness_current,120.0,0,140.0
short,97,readiness_history,120.0,0,140.0
short,97,oracle,120.0,0,140.0
short,98,fixed_6,6.0,0,140.0
short,98,fixed_12,12.0,0,140.0
short,98,fixed_24,24.0,0,140.0
short,98,fixed_48,48.0,0,140.0
short,98,threshold_reset,120.0,0,140.0
short,98,readiness_current,120.0,0,140.0
short,98,readiness_history,120.0,0,140.0
short,98,oracle,120.0,0,140.0
short,99,fixed_6,6.0,0,140.0
short,99,fixed_12,12.0,0,140.0
short,99,fixed_24,24.0,0,140.0
short,99,fixed_48,48.0,0,140.0
short,99,threshold_reset,120.0,0,140.0
short,99,readiness_current,120.0,0,140.0
short,99,readiness_history,120.0,0,140.0
short,99,oracle,120.0,0,140.0
short,100,fixed_6,6.0,0,140.0
short,100,fixed_12,12.0,0,140.0
short,100,fixed_24,24.0,0,140.0
short,100,fixed_48,48.0,0,140.0
short,100,threshold_reset,120.0,0,140.0
short,100,readiness_current,120.0,0,140.0
short,100,readiness_history,120.0,0,140.0
short,100,oracle,120.0,0,140.0
short,101,fixed_6,6.0,0,140.0
short,101,fixed_12,12.0,0,140.0
short,101,fixed_24,24.0,0,140.0
short,101,fixed_48,48.0,0,140.0
short,101,threshold_reset,120.0,0,140.0
short,101,readiness_current,120.0,0,140.0
short,101,readiness_history,120.0,0,140.0
short,101,oracle,120.0,0,140.0
short,102,fixed_6,6.0,0,140.0
short,102,fixed_12,12.0,0,140.0
short,102,fixed_24,24.0,0,140.0
short,102,fixed_48,48.0,0,140.0
short,102,threshold_reset,120.0,0,140.0
short,102,readiness_current,120.0,0,140.0
short,102,readiness_history,120.0,0,140.0
short,102,oracle,120.0,0,140.0
short,103,fixed_6,6.0,0,140.0
short,103,fixed_12,12.0,0,140.0
short,103,fixed_24,24.0,0,140.0
short,103,fixed_48,48.0,0,140.0
short,103,threshold_reset,120.0,0,140.0
short,103,readiness_current,120.0,0,140.0
short,103,readiness_history,120.0,0,140.0
short,103,oracle,120.0,0,140.0
short,104,fixed_6,6.0,0,140.0
short,104,fixed_12,12.0,0,140.0
short,104,fixed_24,24.0,0,140.0
short,104,fixed_48,48.0,0,140.0
short,104,threshold_reset,120.0,0,140.0
short,104,readiness_current,120.0,0,140.0
short,104,readiness_history,120.0,0,140.0
short,104,oracle,120.0,0,140.0
short,105,fixed_6,6.0,0,140.0
short,105,fixed_12,12.0,0,140.0
short,105,fixed_24,24.0,0,140.0
short,105,fixed_48,48.0,0,140.0
short,105,threshold_reset,120.0,0,140.0
short,105,readiness_current,120.0,0,140.0
short,105,readiness_history,120.0,0,140.0
short,105,oracle,120.0,0,140.0
short,106,fixed_6,6.0,0,140.0
short,106,fixed_12,12.0,0,140.0
short,106,fixed_24,24.0,0,140.0
short,106,fixed_48,48.0,0,140.0
short,106,threshold_reset,120.0,0,140.0
short,106,readiness_current,120.0,0,140.0
short,106,readiness_history,120.0,0,140.0
short,106,oracle,120.0,0,140.0
short,107,fixed_6,6.0,0,140.0
short,107,fixed_12,12.0,0,140.0
short,107,fixed_24,24.0,0,140.0
short,107,fixed_48,48.0,0,140.0
short,107,threshold_reset,120.0,0,140.0
short,107,readiness_current,120.0,0,140.0
short,107,readiness_history,120.0,0,140.0
short,107,oracle,120.0,0,140.0
short,108,fixed_6,6.0,0,140.0
short,108,fixed_12,12.0,0,140.0
short,108,fixed_24,24.0,0,140.0
short,108,fixed_48,48.0,0,140.0
short,108,threshold_reset,120.0,0,140.0
short,108,readiness_current,120.0,0,140.0
short,108,readiness_history,120.0,0,140.0
short,108,oracle,120.0,0,140.0
short,109,fixed_6,6.0,0,140.0
short,109,fixed_12,12.0,0,140.0
short,109,fixed_24,24.0,0,140.0
short,109,fixed_48,48.0,0,140.0
short,109,threshold_reset,120.0,0,140.0
short,109,readiness_current,120.0,0,140.0
short,109,readiness_history,120.0,0,140.0
short,109,oracle,120.0,0,140.0
short,110,fixed_6,6.0,0,140.0
short,110,fixed_12,12.0,0,140.0
short,110,fixed_24,24.0,0,140.0
short,110,fixed_48,48.0,0,140.0
short,110,threshold_reset,120.0,0,140.0
short,110,readiness_current,120.0,0,140.0
short,110,readiness_history,120.0,0,140.0
short,110,oracle,120.0,0,140.0
short,111,fixed_6,6.0,0,140.0
short,111,fixed_12,12.0,0,140.0
short,111,fixed_24,24.0,0,140.0
short,111,fixed_48,48.0,0,140.0
short,111,threshold_reset,120.0,0,140.0
short,111,readiness_current,120.0,0,140.0
short,111,readiness_history,120.0,0,140.0
short,111,oracle,120.0,0,140.0
short,112,fixed_6,6.0,0,140.0
short,112,fixed_12,12.0,0,140.0
short,112,fixed_24,24.0,0,140.0
short,112,fixed_48,48.0,0,140.0
short,112,threshold_reset,120.0,0,140.0
short,112,readiness_current,120.0,0,140.0
short,112,readiness_history,120.0,0,140.0
short,112,oracle,120.0,0,140.0
short,113,fixed_6,6.0,0,140.0
short,113,fixed_12,12.0,0,140.0
short,113,fixed_24,24.0,0,140.0
short,113,fixed_48,48.0,0,140.0
short,113,threshold_reset,120.0,0,140.0
short,113,readiness_current,120.0,0,140.0
short,113,readiness_history,120.0,0,140.0
short,113,oracle,120.0,0,140.0
short,114,fixed_6,6.0,0,140.0
short,114,fixed_12,12.0,0,140.0
short,114,fixed_24,24.0,0,140.0
short,114,fixed_48,48.0,0,140.0
short,114,threshold_reset,120.0,0,140.0
short,114,readiness_current,120.0,0,140.0
short,114,readiness_history,120.0,0,140.0
short,114,oracle,120.0,0,140.0
short,115,fixed_6,6.0,0,140.0
short,115,fixed_12,12.0,0,140.0
short,115,fixed_24,24.0,0,140.0
short,115,fixed_48,48.0,0,140.0
short,115,threshold_reset,120.0,0,140.0
short,115,readiness_current,120.0,0,140.0
short,115,readiness_history,120.0,0,140.0
short,115,oracle,120.0,0,140.0
short,116,fixed_6,6.0,0,140.0
short,116,fixed_12,12.0,0,140.0
short,116,fixed_24,24.0,0,140.0
short,116,fixed_48,48.0,0,140.0
short,116,threshold_reset,120.0,0,140.0
short,116,readiness_current,120.0,0,140.0
short,116,readiness_history,120.0,0,140.0
short,116,oracle,120.0,0,140.0
short,117,fixed_6,6.0,0,140.0
short,117,fixed_12,12.0,0,140.0
short,117,fixed_24,24.0,0,140.0
short,117,fixed_48,48.0,0,140.0
short,117,threshold_reset,120.0,0,140.0
short,117,readiness_current,120.0,0,140.0
short,117,readiness_history,120.0,0,140.0
short,117,oracle,120.0,0,140.0
short,118,fixed_6,6.0,0,140.0
short,118,fixed_12,12.0,0,140.0
short,118,fixed_24,24.0,0,140.0
short,118,fixed_48,48.0,0,140.0
short,118,threshold_reset,120.0,0,140.0
short,118,readiness_current,120.0,0,140.0
short,118,readiness_history,120.0,0,140.0
short,118,oracle,120.0,0,140.0
short,119,fixed_6,6.0,0,140.0
short,119,fixed_12,12.0,0,140.0
short,119,fixed_24,24.0,0,140.0
short,119,fixed_48,48.0,0,140.0
short,119,threshold_reset,120.0,0,140.0
short,119,readiness_current,120.0,0,140.0
short,119,readiness_history,120.0,0,140.0
short,119,oracle,120.0,0,140.0
short,120,fixed_6,6.0,0,140.0
short,120,fixed_12,12.0,0,140.0
short,120,fixed_24,24.0,0,140.0
short,120,fixed_48,48.0,0,140.0
short,120,threshold_reset,120.0,0,140.0
short,120,readiness_current,120.0,0,140.0
short,120,readiness_history,120.0,0,140.0
short,120,oracle,120.0,0,140.0
short,121,fixed_6,6.0,0,140.0
short,121,fixed_12,12.0,0,140.0
short,121,fixed_24,24.0,0,140.0
short,121,fixed_48,48.0,0,140.0
short,121,threshold_reset,120.0,0,140.0
short,121,readiness_current,120.0,0,140.0
short,121,readiness_history,120.0,0,140.0
short,121,oracle,120.0,0,140.0
short,122,fixed_6,6.0,0,140.0
short,122,fixed_12,12.0,0,140.0
short,122,fixed_24,24.0,0,140.0
short,122,fixed_48,48.0,0,140.0
short,122,threshold_reset,120.0,0,140.0
short,122,readiness_current,120.0,0,140.0
short,122,readiness_history,120.0,0,140.0
short,122,oracle,120.0,0,140.0
short,123,fixed_6,6.0,0,140.0
short,123,fixed_12,12.0,0,140.0
short,123,fixed_24,24.0,0,140.0
short,123,fixed_48,48.0,0,140.0
short,123,threshold_reset,120.0,0,140.0
short,123,readiness_current,120.0,0,140.0
short,123,readiness_history,120.0,0,140.0
short,123,oracle,120.0,0,140.0
short,124,fixed_6,6.0,0,140.0
short,124,fixed_12,12.0,0,140.0
short,124,fixed_24,24.0,0,140.0
short,124,fixed_48,48.0,0,140.0
short,124,threshold_reset,120.0,0,140.0
short,124,readiness_current,120.0,0,140.0
short,124,readiness_history,120.0,0,140.0
short,124,oracle,120.0,0,140.0
short,125,fixed_6,6.0,0,140.0
short,125,fixed_12,12.0,0,140.0
short,125,fixed_24,24.0,0,140.0
short,125,fixed_48,48.0,0,140.0
short,125,threshold_reset,120.0,0,140.0
short,125,readiness_current,120.0,0,140.0
short,125,readiness_history,120.0,0,140.0
short,125,oracle,120.0,0,140.0
short,126,fixed_6,6.0,0,140.0
short,126,fixed_12,12.0,0,140.0
short,126,fixed_24,24.0,0,140.0
short,126,fixed_48,48.0,0,140.0
short,126,threshold_reset,120.0,0,140.0
short,126,readiness_current,120.0,0,140.0
short,126,readiness_history,120.0,0,140.0
short,126,oracle,120.0,0,140.0
short,127,fixed_6,6.0,0,140.0
short,127,fixed_12,12.0,0,140.0
short,127,fixed_24,24.0,0,140.0
short,127,fixed_48,48.0,0,140.0
short,127,threshold_reset,120.0,0,140.0
short,127,readiness_current,120.0,0,140.0
short,127,readiness_history,120.0,0,140.0
short,127,oracle,120.0,0,140.0
short,128,fixed_6,6.0,0,140.0
short,128,fixed_12,12.0,0,140.0
short,128,fixed_24,24.0,0,140.0
short,128,fixed_48,48.0,0,140.0
short,128,threshold_reset,120.0,0,140.0
short,128,readiness_current,120.0,0,140.0
short,128,readiness_history,120.0,0,140.0
short,128,oracle,120.0,0,140.0
short,129,fixed_6,6.0,0,140.0
short,129,fixed_12,12.0,0,140.0
short,129,fixed_24,24.0,0,140.0
short,129,fixed_48,48.0,0,140.0
short,129,threshold_reset,120.0,0,140.0
short,129,readiness_current,120.0,0,140.0
short,129,readiness_history,120.0,0,140.0
short,129,oracle,120.0,0,140.0
short,130,fixed_6,6.0,0,140.0
short,130,fixed_12,12.0,0,140.0
short,130,fixed_24,24.0,0,140.0
short,130,fixed_48,48.0,0,140.0
short,130,threshold_reset,120.0,0,140.0
short,130,readiness_current,120.0,0,140.0
short,130,readiness_history,120.0,0,140.0
short,130,oracle,120.0,0,140.0
short,131,fixed_6,6.0,0,140.0
short,131,fixed_12,12.0,0,140.0
short,131,fixed_24,24.0,0,140.0
short,131,fixed_48,48.0,0,140.0
short,131,threshold_reset,120.0,0,140.0
short,131,readiness_current,120.0,0,140.0
short,131,readiness_history,120.0,0,140.0
short,131,oracle,120.0,0,140.0
short,132,fixed_6,6.0,0,140.0
short,132,fixed_12,12.0,0,140.0
short,132,fixed_24,24.0,0,140.0
short,132,fixed_48,48.0,0,140.0
short,132,threshold_reset,120.0,0,140.0
short,132,readiness_current,120.0,0,140.0
short,132,readiness_history,120.0,0,140.0
short,132,oracle,120.0,0,140.0
short,133,fixed_6,6.0,0,140.0
short,133,fixed_12,12.0,0,140.0
short,133,fixed_24,24.0,0,140.0
short,133,fixed_48,48.0,0,140.0
short,133,threshold_reset,120.0,0,140.0
short,133,readiness_current,120.0,0,140.0
short,133,readiness_history,120.0,0,140.0
short,133,oracle,120.0,0,140.0
short,134,fixed_6,6.0,0,140.0
short,134,fixed_12,12.0,0,140.0
short,134,fixed_24,24.0,0,140.0
short,134,fixed_48,48.0,0,140.0
short,134,threshold_reset,120.0,0,140.0
short,134,readiness_current,120.0,0,140.0
short,134,readiness_history,120.0,0,140.0
short,134,oracle,120.0,0,140.0
short,135,fixed_6,6.0,0,140.0
short,135,fixed_12,12.0,0,140.0
short,135,fixed_24,24.0,0,140.0
short,135,fixed_48,48.0,0,140.0
short,135,threshold_reset,120.0,0,140.0
short,135,readiness_current,120.0,0,140.0
short,135,readiness_history,120.0,0,140.0
short,135,oracle,120.0,0,140.0
short,136,fixed_6,6.0,0,140.0
short,136,fixed_12,12.0,0,140.0
short,136,fixed_24,24.0,0,140.0
short,136,fixed_48,48.0,0,140.0
short,136,threshold_reset,120.0,0,140.0
short,136,readiness_current,120.0,0,140.0
short,136,readiness_history,120.0,0,140.0
short,136,oracle,120.0,0,140.0
short,137,fixed_6,6.0,0,140.0
short,137,fixed_12,12.0,0,140.0
short,137,fixed_24,24.0,0,140.0
short,137,fixed_48,48.0,0,140.0
short,137,threshold_reset,120.0,0,140.0
short,137,readiness_current,120.0,0,140.0
short,137,readiness_history,120.0,0,140.0
short,137,oracle,120.0,0,140.0
short,138,fixed_6,6.0,0,140.0
short,138,fixed_12,12.0,0,140.0
short,138,fixed_24,24.0,0,140.0
short,138,fixed_48,48.0,0,140.0
short,138,threshold_reset,120.0,0,140.0
short,138,readiness_current,120.0,0,140.0
short,138,readiness_history,120.0,0,140.0
short,138,oracle,120.0,0,140.0
short,139,fixed_6,6.0,0,140.0
short,139,fixed_12,12.0,0,140.0
short,139,fixed_24,24.0,0,140.0
short,139,fixed_48,48.0,0,140.0
short,139,threshold_reset,120.0,0,140.0
short,139,readiness_current,120.0,0,140.0
short,139,readiness_history,120.0,0,140.0
short,139,oracle,120.0,0,140.0
short,140,fixed_6,6.0,0,140.0
short,140,fixed_12,12.0,0,140.0
short,140,fixed_24,24.0,0,140.0
short,140,fixed_48,48.0,0,140.0
short,140,threshold_reset,120.0,0,140.0
short,140,readiness_current,120.0,0,140.0
short,140,readiness_history,120.0,0,140.0
short,140,oracle,120.0,0,140.0
short,141,fixed_6,6.0,0,140.0
short,141,fixed_12,12.0,0,140.0
short,141,fixed_24,24.0,0,140.0
short,141,fixed_48,48.0,0,140.0
short,141,threshold_reset,120.0,0,140.0
short,141,readiness_current,120.0,0,140.0
short,141,readiness_history,120.0,0,140.0
short,141,oracle,120.0,0,140.0
short,142,fixed_6,6.0,0,140.0
short,142,fixed_12,12.0,0,140.0
short,142,fixed_24,24.0,0,140.0
short,142,fixed_48,48.0,0,140.0
short,142,threshold_reset,120.0,0,140.0
short,142,readiness_current,120.0,0,140.0
short,142,readiness_history,120.0,0,140.0
short,142,oracle,120.0,0,140.0
short,143,fixed_6,6.0,0,140.0
short,143,fixed_12,12.0,0,140.0
short,143,fixed_24,24.0,0,140.0
short,143,fixed_48,48.0,0,140.0
short,143,threshold_reset,120.0,0,140.0
short,143,readiness_current,120.0,0,140.0
short,143,readiness_history,120.0,0,140.0
short,143,oracle,120.0,0,140.0
short,144,fixed_6,6.0,0,140.0
short,144,fixed_12,12.0,0,140.0
short,144,fixed_24,24.0,0,140.0
short,144,fixed_48,48.0,0,140.0
short,144,threshold_reset,120.0,0,140.0
short,144,readiness_current,120.0,0,140.0
short,144,readiness_history,120.0,0,140.0
short,144,oracle,120.0,0,140.0
short,145,fixed_6,6.0,0,140.0
short,145,fixed_12,12.0,0,140.0
short,145,fixed_24,24.0,0,140.0
short,145,fixed_48,48.0,0,140.0
short,145,threshold_reset,120.0,0,140.0
short,145,readiness_current,120.0,0,140.0
short,145,readiness_history,120.0,0,140.0
short,145,oracle,120.0,0,140.0
short,146,fixed_6,6.0,0,140.0
short,146,fixed_12,12.0,0,140.0
short,146,fixed_24,24.0,0,140.0
short,146,fixed_48,48.0,0,140.0
short,146,threshold_reset,120.0,0,140.0
short,146,readiness_current,120.0,0,140.0
short,146,readiness_history,120.0,0,140.0
short,146,oracle,120.0,0,140.0
short,147,fixed_6,6.0,0,140.0
short,147,fixed_12,12.0,0,140.0
short,147,fixed_24,24.0,0,140.0
short,147,fixed_48,48.0,0,140.0
short,147,threshold_reset,120.0,0,140.0
short,147,readiness_current,120.0,0,140.0
short,147,readiness_history,120.0,0,140.0
short,147,oracle,120.0,0,140.0
short,148,fixed_6,6.0,0,140.0
short,148,fixed_12,12.0,0,140.0
short,148,fixed_24,24.0,0,140.0
short,148,fixed_48,48.0,0,140.0
short,148,threshold_reset,120.0,0,140.0
short,148,readiness_current,120.0,0,140.0
short,148,readiness_history,120.0,0,140.0
short,148,oracle,120.0,0,140.0
short,149,fixed_6,6.0,0,140.0
short,149,fixed_12,12.0,0,140.0
short,149,fixed_24,24.0,0,140.0
short,149,fixed_48,48.0,0,140.0
short,149,threshold_reset,120.0,0,140.0
short,149,readiness_current,120.0,0,140.0
short,149,readiness_history,120.0,0,140.0
short,149,oracle,120.0,0,140.0
short,150,fixed_6,6.0,0,140.0
short,150,fixed_12,12.0,0,140.0
short,150,fixed_24,24.0,0,140.0
short,150,fixed_48,48.0,0,140.0
short,150,threshold_reset,120.0,0,140.0
short,150,readiness_current,120.0,0,140.0
short,150,readiness_history,120.0,0,140.0
short,150,oracle,120.0,0,140.0
short,151,fixed_6,6.0,0,140.0
short,151,fixed_12,12.0,0,140.0
short,151,fixed_24,24.0,0,140.0
short,151,fixed_48,48.0,0,140.0
short,151,threshold_reset,120.0,0,140.0
short,151,readiness_current,120.0,0,140.0
short,151,readiness_history,120.0,0,140.0
short,151,oracle,120.0,0,140.0
short,152,fixed_6,6.0,0,140.0
short,152,fixed_12,12.0,0,140.0
short,152,fixed_24,24.0,0,140.0
short,152,fixed_48,48.0,0,140.0
short,152,threshold_reset,120.0,0,140.0
short,152,readiness_current,120.0,0,140.0
short,152,readiness_history,120.0,0,140.0
short,152,oracle,120.0,0,140.0
short,153,fixed_6,6.0,0,140.0
short,153,fixed_12,12.0,0,140.0
short,153,fixed_24,24.0,0,140.0
short,153,fixed_48,48.0,0,140.0
short,153,threshold_reset,120.0,0,140.0
short,153,readiness_current,120.0,0,140.0
short,153,readiness_history,120.0,0,140.0
short,153,oracle,120.0,0,140.0
short,154,fixed_6,6.0,0,140.0
short,154,fixed_12,12.0,0,140.0
short,154,fixed_24,24.0,0,140.0
short,154,fixed_48,48.0,0,140.0
short,154,threshold_reset,120.0,0,140.0
short,154,readiness_current,120.0,0,140.0
short,154,readiness_history,120.0,0,140.0
short,154,oracle,120.0,0,140.0
short,155,fixed_6,6.0,0,140.0
short,155,fixed_12,12.0,0,140.0
short,155,fixed_24,24.0,0,140.0
short,155,fixed_48,48.0,0,140.0
short,155,threshold_reset,120.0,0,140.0
short,155,readiness_current,120.0,0,140.0
short,155,readiness_history,120.0,0,140.0
short,155,oracle,120.0,0,140.0
short,156,fixed_6,6.0,0,140.0
short,156,fixed_12,12.0,0,140.0
short,156,fixed_24,24.0,0,140.0
short,156,fixed_48,48.0,0,140.0
short,156,threshold_reset,120.0,0,140.0
short,156,readiness_current,120.0,0,140.0
short,156,readiness_history,120.0,0,140.0
short,156,oracle,120.0,0,140.0
short,157,fixed_6,6.0,0,140.0
short,157,fixed_12,12.0,0,140.0
short,157,fixed_24,24.0,0,140.0
short,157,fixed_48,48.0,0,140.0
short,157,threshold_reset,120.0,0,140.0
short,157,readiness_current,120.0,0,140.0
short,157,readiness_history,120.0,0,140.0
short,157,oracle,120.0,0,140.0
short,158,fixed_6,6.0,0,140.0
short,158,fixed_12,12.0,0,140.0
short,158,fixed_24,24.0,0,140.0
short,158,fixed_48,48.0,0,140.0
short,158,threshold_reset,120.0,0,140.0
short,158,readiness_current,120.0,0,140.0
short,158,readiness_history,120.0,0,140.0
short,158,oracle,120.0,0,140.0
short,159,fixed_6,6.0,0,140.0
short,159,fixed_12,12.0,0,140.0
short,159,fixed_24,24.0,0,140.0
short,159,fixed_48,48.0,0,140.0
short,159,threshold_reset,120.0,0,140.0
short,159,readiness_current,120.0,0,140.0
short,159,readiness_history,120.0,0,140.0
short,159,oracle,120.0,0,140.0
short,160,fixed_6,6.0,0,140.0
short,160,fixed_12,12.0,0,140.0
short,160,fixed_24,24.0,0,140.0
short,160,fixed_48,48.0,0,140.0
short,160,threshold_reset,120.0,0,140.0
short,160,readiness_current,120.0,0,140.0
short,160,readiness_history,120.0,0,140.0
short,160,oracle,120.0,0,140.0
short,161,fixed_6,6.0,0,140.0
short,161,fixed_12,12.0,0,140.0
short,161,fixed_24,24.0,0,140.0
short,161,fixed_48,48.0,0,140.0
short,161,threshold_reset,120.0,0,140.0
short,161,readiness_current,120.0,0,140.0
short,161,readiness_history,120.0,0,140.0
short,161,oracle,120.0,0,140.0
short,162,fixed_6,6.0,0,140.0
short,162,fixed_12,12.0,0,140.0
short,162,fixed_24,24.0,0,140.0
short,162,fixed_48,48.0,0,140.0
short,162,threshold_reset,120.0,0,140.0
short,162,readiness_current,120.0,0,140.0
short,162,readiness_history,120.0,0,140.0
short,162,oracle,120.0,0,140.0
short,163,fixed_6,6.0,0,140.0
short,163,fixed_12,12.0,0,140.0
short,163,fixed_24,24.0,0,140.0
short,163,fixed_48,48.0,0,140.0
short,163,threshold_reset,120.0,0,140.0
short,163,readiness_current,120.0,0,140.0
short,163,readiness_history,120.0,0,140.0
short,163,oracle,120.0,0,140.0
short,164,fixed_6,6.0,0,140.0
short,164,fixed_12,12.0,0,140.0
short,164,fixed_24,24.0,0,140.0
short,164,fixed_48,48.0,0,140.0
short,164,threshold_reset,120.0,0,140.0
short,164,readiness_current,120.0,0,140.0
short,164,readiness_history,120.0,0,140.0
short,164,oracle,120.0,0,140.0
short,165,fixed_6,6.0,0,140.0
short,165,fixed_12,12.0,0,140.0
short,165,fixed_24,24.0,0,140.0
short,165,fixed_48,48.0,0,140.0
short,165,threshold_reset,120.0,0,140.0
short,165,readiness_current,120.0,0,140.0
short,165,readiness_history,120.0,0,140.0
short,165,oracle,120.0,0,140.0
short,166,fixed_6,6.0,0,140.0
short,166,fixed_12,12.0,0,140.0
short,166,fixed_24,24.0,0,140.0
short,166,fixed_48,48.0,0,140.0
short,166,threshold_reset,120.0,0,140.0
short,166,readiness_current,120.0,0,140.0
short,166,readiness_history,120.0,0,140.0
short,166,oracle,120.0,0,140.0
short,167,fixed_6,6.0,0,140.0
short,167,fixed_12,12.0,0,140.0
short,167,fixed_24,24.0,0,140.0
short,167,fixed_48,48.0,0,140.0
short,167,threshold_reset,120.0,0,140.0
short,167,readiness_current,120.0,0,140.0
short,167,readiness_history,120.0,0,140.0
short,167,oracle,120.0,0,140.0
short,168,fixed_6,6.0,0,140.0
short,168,fixed_12,12.0,0,140.0
short,168,fixed_24,24.0,0,140.0
short,168,fixed_48,48.0,0,140.0
short,168,threshold_reset,120.0,0,140.0
short,168,readiness_current,120.0,0,140.0
short,168,readiness_history,120.0,0,140.0
short,168,oracle,120.0,0,140.0
short,169,fixed_6,6.0,0,140.0
short,169,fixed_12,12.0,0,140.0
short,169,fixed_24,24.0,0,140.0
short,169,fixed_48,48.0,0,140.0
short,169,threshold_reset,120.0,0,140.0
short,169,readiness_current,120.0,0,140.0
short,169,readiness_history,120.0,0,140.0
short,169,oracle,120.0,0,140.0
short,170,fixed_6,6.0,0,140.0
short,170,fixed_12,12.0,0,140.0
short,170,fixed_24,24.0,0,140.0
short,170,fixed_48,48.0,0,140.0
short,170,threshold_reset,120.0,0,140.0
short,170,readiness_current,120.0,0,140.0
short,170,readiness_history,120.0,0,140.0
short,170,oracle,120.0,0,140.0
short,171,fixed_6,6.0,0,140.0
short,171,fixed_12,12.0,0,140.0
short,171,fixed_24,24.0,0,140.0
short,171,fixed_48,48.0,0,140.0
short,171,threshold_reset,120.0,0,140.0
short,171,readiness_current,120.0,0,140.0
short,171,readiness_history,120.0,0,140.0
short,171,oracle,120.0,0,140.0
short,172,fixed_6,6.0,0,140.0
short,172,fixed_12,12.0,0,140.0
short,172,fixed_24,24.0,0,140.0
short,172,fixed_48,48.0,0,140.0
short,172,threshold_reset,120.0,0,140.0
short,172,readiness_current,120.0,0,140.0
short,172,readiness_history,120.0,0,140.0
short,172,oracle,120.0,0,140.0
short,173,fixed_6,6.0,0,140.0
short,173,fixed_12,12.0,0,140.0
short,173,fixed_24,24.0,0,140.0
short,173,fixed_48,48.0,0,140.0
short,173,threshold_reset,120.0,0,140.0
short,173,readiness_current,120.0,0,140.0
short,173,readiness_history,120.0,0,140.0
short,173,oracle,120.0,0,140.0
short,174,fixed_6,6.0,0,140.0
short,174,fixed_12,12.0,0,140.0
short,174,fixed_24,24.0,0,140.0
short,174,fixed_48,48.0,0,140.0
short,174,threshold_reset,120.0,0,140.0
short,174,readiness_current,120.0,0,140.0
short,174,readiness_history,120.0,0,140.0
short,174,oracle,120.0,0,140.0
short,175,fixed_6,6.0,0,140.0
short,175,fixed_12,12.0,0,140.0
short,175,fixed_24,24.0,0,140.0
short,175,fixed_48,48.0,0,140.0
short,175,threshold_reset,120.0,0,140.0
short,175,readiness_current,120.0,0,140.0
short,175,readiness_history,120.0,0,140.0
short,175,oracle,120.0,0,140.0
short,176,fixed_6,6.0,0,140.0
short,176,fixed_12,12.0,0,140.0
short,176,fixed_24,24.0,0,140.0
short,176,fixed_48,48.0,0,140.0
short,176,threshold_reset,120.0,0,140.0
short,176,readiness_current,120.0,0,140.0
short,176,readiness_history,120.0,0,140.0
short,176,oracle,120.0,0,140.0
short,177,fixed_6,6.0,0,140.0
short,177,fixed_12,12.0,0,140.0
short,177,fixed_24,24.0,0,140.0
short,177,fixed_48,48.0,0,140.0
short,177,threshold_reset,120.0,0,140.0
short,177,readiness_current,120.0,0,140.0
short,177,readiness_history,120.0,0,140.0
short,177,oracle,120.0,0,140.0
short,178,fixed_6,6.0,0,140.0
short,178,fixed_12,12.0,0,140.0
short,178,fixed_24,24.0,0,140.0
short,178,fixed_48,48.0,0,140.0
short,178,threshold_reset,120.0,0,140.0
short,178,readiness_current,120.0,0,140.0
short,178,readiness_history,120.0,0,140.0
short,178,oracle,120.0,0,140.0
short,179,fixed_6,6.0,0,140.0
short,179,fixed_12,12.0,0,140.0
short,179,fixed_24,24.0,0,140.0
short,179,fixed_48,48.0,0,140.0
short,179,threshold_reset,120.0,0,140.0
short,179,readiness_current,120.0,0,140.0
short,179,readiness_history,120.0,0,140.0
short,179,oracle,120.0,0,140.0
short,180,fixed_6,6.0,0,140.0
short,180,fixed_12,12.0,0,140.0
short,180,fixed_24,24.0,0,140.0
short,180,fixed_48,48.0,0,140.0
short,180,threshold_reset,120.0,0,140.0
short,180,readiness_current,120.0,0,140.0
short,180,readiness_history,120.0,0,140.0
short,180,oracle,120.0,0,140.0
short,181,fixed_6,6.0,0,140.0
short,181,fixed_12,12.0,0,140.0
short,181,fixed_24,24.0,0,140.0
short,181,fixed_48,48.0,0,140.0
short,181,threshold_reset,120.0,0,140.0
short,181,readiness_current,120.0,0,140.0
short,181,readiness_history,120.0,0,140.0
short,181,oracle,120.0,0,140.0
short,182,fixed_6,6.0,0,140.0
short,182,fixed_12,12.0,0,140.0
short,182,fixed_24,24.0,0,140.0
short,182,fixed_48,48.0,0,140.0
short,182,threshold_reset,120.0,0,140.0
short,182,readiness_current,120.0,0,140.0
short,182,readiness_history,120.0,0,140.0
short,182,oracle,120.0,0,140.0
short,183,fixed_6,6.0,0,140.0
short,183,fixed_12,12.0,0,140.0
short,183,fixed_24,24.0,0,140.0
short,183,fixed_48,48.0,0,140.0
short,183,threshold_reset,120.0,0,140.0
short,183,readiness_current,120.0,0,140.0
short,183,readiness_history,120.0,0,140.0
short,183,oracle,120.0,0,140.0
short,184,fixed_6,6.0,0,140.0
short,184,fixed_12,12.0,0,140.0
short,184,fixed_24,24.0,0,140.0
short,184,fixed_48,48.0,0,140.0
short,184,threshold_reset,120.0,0,140.0
short,184,readiness_current,120.0,0,140.0
short,184,readiness_history,120.0,0,140.0
short,184,oracle,120.0,0,140.0
short,185,fixed_6,6.0,0,140.0
short,185,fixed_12,12.0,0,140.0
short,185,fixed_24,24.0,0,140.0
short,185,fixed_48,48.0,0,140.0
short,185,threshold_reset,120.0,0,140.0
short,185,readiness_current,120.0,0,140.0
short,185,readiness_history,120.0,0,140.0
short,185,oracle,120.0,0,140.0
short,186,fixed_6,6.0,0,140.0
short,186,fixed_12,12.0,0,140.0
short,186,fixed_24,24.0,0,140.0
short,186,fixed_48,48.0,0,140.0
short,186,threshold_reset,120.0,0,140.0
short,186,readiness_current,120.0,0,140.0
short,186,readiness_history,120.0,0,140.0
short,186,oracle,120.0,0,140.0
short,187,fixed_6,6.0,0,140.0
short,187,fixed_12,12.0,0,140.0
short,187,fixed_24,24.0,0,140.0
short,187,fixed_48,48.0,0,140.0
short,187,threshold_reset,120.0,0,140.0
short,187,readiness_current,120.0,0,140.0
short,187,readiness_history,120.0,0,140.0
short,187,oracle,120.0,0,140.0
short,188,fixed_6,6.0,0,140.0
short,188,fixed_12,12.0,0,140.0
short,188,fixed_24,24.0,0,140.0
short,188,fixed_48,48.0,0,140.0
short,188,threshold_reset,120.0,0,140.0
short,188,readiness_current,120.0,0,140.0
short,188,readiness_history,120.0,0,140.0
short,188,oracle,120.0,0,140.0
short,189,fixed_6,6.0,0,140.0
short,189,fixed_12,12.0,0,140.0
short,189,fixed_24,24.0,0,140.0
short,189,fixed_48,48.0,0,140.0
short,189,threshold_reset,120.0,0,140.0
short,189,readiness_current,120.0,0,140.0
short,189,readiness_history,120.0,0,140.0
short,189,oracle,120.0,0,140.0
short,190,fixed_6,6.0,0,140.0
short,190,fixed_12,12.0,0,140.0
short,190,fixed_24,24.0,0,140.0
short,190,fixed_48,48.0,0,140.0
short,190,threshold_reset,120.0,0,140.0
short,190,readiness_current,120.0,0,140.0
short,190,readiness_history,120.0,0,140.0
short,190,oracle,120.0,0,140.0
short,191,fixed_6,6.0,0,140.0
short,191,fixed_12,12.0,0,140.0
short,191,fixed_24,24.0,0,140.0
short,191,fixed_48,48.0,0,140.0
short,191,threshold_reset,120.0,0,140.0
short,191,readiness_current,120.0,0,140.0
short,191,readiness_history,120.0,0,140.0
short,191,oracle,120.0,0,140.0
short,192,fixed_6,6.0,0,140.0
short,192,fixed_12,12.0,0,140.0
short,192,fixed_24,24.0,0,140.0
short,192,fixed_48,48.0,0,140.0
short,192,threshold_reset,120.0,0,140.0
short,192,readiness_current,120.0,0,140.0
short,192,readiness_history,120.0,0,140.0
short,192,oracle,120.0,0,140.0
short,193,fixed_6,6.0,0,140.0
short,193,fixed_12,12.0,0,140.0
short,193,fixed_24,24.0,0,140.0
short,193,fixed_48,48.0,0,140.0
short,193,threshold_reset,120.0,0,140.0
short,193,readiness_current,120.0,0,140.0
short,193,readiness_history,120.0,0,140.0
short,193,oracle,120.0,0,140.0
short,194,fixed_6,6.0,0,140.0
short,194,fixed_12,12.0,0,140.0
short,194,fixed_24,24.0,0,140.0
short,194,fixed_48,48.0,0,140.0
short,194,threshold_reset,120.0,0,140.0
short,194,readiness_current,120.0,0,140.0
short,194,readiness_history,120.0,0,140.0
short,194,oracle,120.0,0,140.0
short,195,fixed_6,6.0,0,140.0
short,195,fixed_12,12.0,0,140.0
short,195,fixed_24,24.0,0,140.0
short,195,fixed_48,48.0,0,140.0
short,195,threshold_reset,120.0,0,140.0
short,195,readiness_current,120.0,0,140.0
short,195,readiness_history,120.0,0,140.0
short,195,oracle,120.0,0,140.0
short,196,fixed_6,6.0,0,140.0
short,196,fixed_12,12.0,0,140.0
short,196,fixed_24,24.0,0,140.0
short,196,fixed_48,48.0,0,140.0
short,196,threshold_reset,120.0,0,140.0
short,196,readiness_current,120.0,0,140.0
short,196,readiness_history,120.0,0,140.0
short,196,oracle,120.0,0,140.0
short,197,fixed_6,6.0,0,140.0
short,197,fixed_12,12.0,0,140.0
short,197,fixed_24,24.0,0,140.0
short,197,fixed_48,48.0,0,140.0
short,197,threshold_reset,120.0,0,140.0
short,197,readiness_current,120.0,0,140.0
short,197,readiness_history,120.0,0,140.0
short,197,oracle,120.0,0,140.0
short,198,fixed_6,6.0,0,140.0
short,198,fixed_12,12.0,0,140.0
short,198,fixed_24,24.0,0,140.0
short,198,fixed_48,48.0,0,140.0
short,198,threshold_reset,120.0,0,140.0
short,198,readiness_current,120.0,0,140.0
short,198,readiness_history,120.0,0,140.0
short,198,oracle,120.0,0,140.0
short,199,fixed_6,6.0,0,140.0
short,199,fixed_12,12.0,0,140.0
short,199,fixed_24,24.0,0,140.0
short,199,fixed_48,48.0,0,140.0
short,199,threshold_reset,120.0,0,140.0
short,199,readiness_current,120.0,0,140.0
short,199,readiness_history,120.0,0,140.0
short,199,oracle,120.0,0,140.0
short,200,fixed_6,6.0,0,140.0
short,200,fixed_12,12.0,0,140.0
short,200,fixed_24,24.0,0,140.0
short,200,fixed_48,48.0,0,140.0
short,200,threshold_reset,120.0,0,140.0
short,200,readiness_current,120.0,0,140.0
short,200,readiness_history,120.0,0,140.0
short,200,oracle,120.0,0,140.0
short,201,fixed_6,6.0,0,140.0
short,201,fixed_12,12.0,0,140.0
short,201,fixed_24,24.0,0,140.0
short,201,fixed_48,48.0,0,140.0
short,201,threshold_reset,120.0,0,140.0
short,201,readiness_current,120.0,0,140.0
short,201,readiness_history,120.0,0,140.0
short,201,oracle,120.0,0,140.0
short,202,fixed_6,6.0,0,140.0
short,202,fixed_12,12.0,0,140.0
short,202,fixed_24,24.0,0,140.0
short,202,fixed_48,48.0,0,140.0
short,202,threshold_reset,120.0,0,140.0
short,202,readiness_current,120.0,0,140.0
short,202,readiness_history,120.0,0,140.0
short,202,oracle,120.0,0,140.0
short,203,fixed_6,6.0,0,140.0
short,203,fixed_12,12.0,0,140.0
short,203,fixed_24,24.0,0,140.0
short,203,fixed_48,48.0,0,140.0
short,203,threshold_reset,120.0,0,140.0
short,203,readiness_current,120.0,0,140.0
short,203,readiness_history,120.0,0,140.0
short,203,oracle,120.0,0,140.0
short,204,fixed_6,6.0,0,140.0
short,204,fixed_12,12.0,0,140.0
short,204,fixed_24,24.0,0,140.0
short,204,fixed_48,48.0,0,140.0
short,204,threshold_reset,120.0,0,140.0
short,204,readiness_current,120.0,0,140.0
short,204,readiness_history,120.0,0,140.0
short,204,oracle,120.0,0,140.0
short,205,fixed_6,6.0,0,140.0
short,205,fixed_12,12.0,0,140.0
short,205,fixed_24,24.0,0,140.0
short,205,fixed_48,48.0,0,140.0
short,205,threshold_reset,120.0,0,140.0
short,205,readiness_current,120.0,0,140.0
short,205,readiness_history,120.0,0,140.0
short,205,oracle,120.0,0,140.0
short,206,fixed_6,6.0,0,140.0
short,206,fixed_12,12.0,0,140.0
short,206,fixed_24,24.0,0,140.0
short,206,fixed_48,48.0,0,140.0
short,206,threshold_reset,120.0,0,140.0
short,206,readiness_current,120.0,0,140.0
short,206,readiness_history,120.0,0,140.0
short,206,oracle,120.0,0,140.0
short,207,fixed_6,6.0,0,140.0
short,207,fixed_12,12.0,0,140.0
short,207,fixed_24,24.0,0,140.0
short,207,fixed_48,48.0,0,140.0
short,207,threshold_reset,120.0,0,140.0
short,207,readiness_current,120.0,0,140.0
short,207,readiness_history,120.0,0,140.0
short,207,oracle,120.0,0,140.0
short,208,fixed_6,6.0,0,140.0
short,208,fixed_12,12.0,0,140.0
short,208,fixed_24,24.0,0,140.0
short,208,fixed_48,48.0,0,140.0
short,208,threshold_reset,120.0,0,140.0
short,208,readiness_current,120.0,0,140.0
short,208,readiness_history,120.0,0,140.0
short,208,oracle,120.0,0,140.0
short,209,fixed_6,6.0,0,140.0
short,209,fixed_12,12.0,0,140.0
short,209,fixed_24,24.0,0,140.0
short,209,fixed_48,48.0,0,140.0
short,209,threshold_reset,120.0,0,140.0
short,209,readiness_current,120.0,0,140.0
short,209,readiness_history,120.0,0,140.0
short,209,oracle,120.0,0,140.0
short,210,fixed_6,6.0,0,140.0
short,210,fixed_12,12.0,0,140.0
short,210,fixed_24,24.0,0,140.0
short,210,fixed_48,48.0,0,140.0
short,210,threshold_reset,120.0,0,140.0
short,210,readiness_current,120.0,0,140.0
short,210,readiness_history,120.0,0,140.0
short,210,oracle,120.0,0,140.0
short,211,fixed_6,6.0,0,140.0
short,211,fixed_12,12.0,0,140.0
short,211,fixed_24,24.0,0,140.0
short,211,fixed_48,48.0,0,140.0
short,211,threshold_reset,120.0,0,140.0
short,211,readiness_current,120.0,0,140.0
short,211,readiness_history,120.0,0,140.0
short,211,oracle,120.0,0,140.0
short,212,fixed_6,6.0,0,140.0
short,212,fixed_12,12.0,0,140.0
short,212,fixed_24,24.0,0,140.0
short,212,fixed_48,48.0,0,140.0
short,212,threshold_reset,120.0,0,140.0
short,212,readiness_current,120.0,0,140.0
short,212,readiness_history,120.0,0,140.0
short,212,oracle,120.0,0,140.0
short,213,fixed_6,6.0,0,140.0
short,213,fixed_12,12.0,0,140.0
short,213,fixed_24,24.0,0,140.0
short,213,fixed_48,48.0,0,140.0
short,213,threshold_reset,120.0,0,140.0
short,213,readiness_current,120.0,0,140.0
short,213,readiness_history,120.0,0,140.0
short,213,oracle,120.0,0,140.0
short,214,fixed_6,6.0,0,140.0
short,214,fixed_12,12.0,0,140.0
short,214,fixed_24,24.0,0,140.0
short,214,fixed_48,48.0,0,140.0
short,214,threshold_reset,120.0,0,140.0
short,214,readiness_current,120.0,0,140.0
short,214,readiness_history,120.0,0,140.0
short,214,oracle,120.0,0,140.0
short,215,fixed_6,6.0,0,140.0
short,215,fixed_12,12.0,0,140.0
short,215,fixed_24,24.0,0,140.0
short,215,fixed_48,48.0,0,140.0
short,215,threshold_reset,120.0,0,140.0
short,215,readiness_current,120.0,0,140.0
short,215,readiness_history,120.0,0,140.0
short,215,oracle,120.0,0,140.0
short,216,fixed_6,6.0,0,140.0
short,216,fixed_12,12.0,0,140.0
short,216,fixed_24,24.0,0,140.0
short,216,fixed_48,48.0,0,140.0
short,216,threshold_reset,120.0,0,140.0
short,216,readiness_current,120.0,0,140.0
short,216,readiness_history,120.0,0,140.0
short,216,oracle,120.0,0,140.0
short,217,fixed_6,6.0,0,140.0
short,217,fixed_12,12.0,0,140.0
short,217,fixed_24,24.0,0,140.0
short,217,fixed_48,48.0,0,140.0
short,217,threshold_reset,120.0,0,140.0
short,217,readiness_current,120.0,0,140.0
short,217,readiness_history,120.0,0,140.0
short,217,oracle,120.0,0,140.0
short,218,fixed_6,6.0,0,140.0
short,218,fixed_12,12.0,0,140.0
short,218,fixed_24,24.0,0,140.0
short,218,fixed_48,48.0,0,140.0
short,218,threshold_reset,120.0,0,140.0
short,218,readiness_current,120.0,0,140.0
short,218,readiness_history,120.0,0,140.0
short,218,oracle,120.0,0,140.0
short,219,fixed_6,6.0,0,140.0
short,219,fixed_12,12.0,0,140.0
short,219,fixed_24,24.0,0,140.0
short,219,fixed_48,48.0,0,140.0
short,219,threshold_reset,120.0,0,140.0
short,219,readiness_current,120.0,0,140.0
short,219,readiness_history,120.0,0,140.0
short,219,oracle,120.0,0,140.0
short,220,fixed_6,6.0,0,140.0
short,220,fixed_12,12.0,0,140.0
short,220,fixed_24,24.0,0,140.0
short,220,fixed_48,48.0,0,140.0
short,220,threshold_reset,120.0,0,140.0
short,220,readiness_current,120.0,0,140.0
short,220,readiness_history,120.0,0,140.0
short,220,oracle,120.0,0,140.0
short,221,fixed_6,6.0,0,140.0
short,221,fixed_12,12.0,0,140.0
short,221,fixed_24,24.0,0,140.0
short,221,fixed_48,48.0,0,140.0
short,221,threshold_reset,120.0,0,140.0
short,221,readiness_current,120.0,0,140.0
short,221,readiness_history,120.0,0,140.0
short,221,oracle,120.0,0,140.0
short,222,fixed_6,6.0,0,140.0
short,222,fixed_12,12.0,0,140.0
short,222,fixed_24,24.0,0,140.0
short,222,fixed_48,48.0,0,140.0
short,222,threshold_reset,120.0,0,140.0
short,222,readiness_current,120.0,0,140.0
short,222,readiness_history,120.0,0,140.0
short,222,oracle,120.0,0,140.0
short,223,fixed_6,6.0,0,140.0
short,223,fixed_12,12.0,0,140.0
short,223,fixed_24,24.0,0,140.0
short,223,fixed_48,48.0,0,140.0
short,223,threshold_reset,120.0,0,140.0
short,223,readiness_current,120.0,0,140.0
short,223,readiness_history,120.0,0,140.0
short,223,oracle,120.0,0,140.0
short,224,fixed_6,6.0,0,140.0
short,224,fixed_12,12.0,0,140.0
short,224,fixed_24,24.0,0,140.0
short,224,fixed_48,48.0,0,140.0
short,224,threshold_reset,120.0,0,140.0
short,224,readiness_current,120.0,0,140.0
short,224,readiness_history,120.0,0,140.0
short,224,oracle,120.0,0,140.0
short,225,fixed_6,6.0,0,140.0
short,225,fixed_12,12.0,0,140.0
short,225,fixed_24,24.0,0,140.0
short,225,fixed_48,48.0,0,140.0
short,225,threshold_reset,120.0,0,140.0
short,225,readiness_current,120.0,0,140.0
short,225,readiness_history,120.0,0,140.0
short,225,oracle,120.0,0,140.0
short,226,fixed_6,6.0,0,140.0
short,226,fixed_12,12.0,0,140.0
short,226,fixed_24,24.0,0,140.0
short,226,fixed_48,48.0,0,140.0
short,226,threshold_reset,120.0,0,140.0
short,226,readiness_current,120.0,0,140.0
short,226,readiness_history,120.0,0,140.0
short,226,oracle,120.0,0,140.0
short,227,fixed_6,6.0,0,140.0
short,227,fixed_12,12.0,0,140.0
short,227,fixed_24,24.0,0,140.0
short,227,fixed_48,48.0,0,140.0
short,227,threshold_reset,120.0,0,140.0
short,227,readiness_current,120.0,0,140.0
short,227,readiness_history,120.0,0,140.0
short,227,oracle,120.0,0,140.0
short,228,fixed_6,6.0,0,140.0
short,228,fixed_12,12.0,0,140.0
short,228,fixed_24,24.0,0,140.0
short,228,fixed_48,48.0,0,140.0
short,228,threshold_reset,120.0,0,140.0
short,228,readiness_current,120.0,0,140.0
short,228,readiness_history,120.0,0,140.0
short,228,oracle,120.0,0,140.0
short,229,fixed_6,6.0,0,140.0
short,229,fixed_12,12.0,0,140.0
short,229,fixed_24,24.0,0,140.0
short,229,fixed_48,48.0,0,140.0
short,229,threshold_reset,120.0,0,140.0
short,229,readiness_current,120.0,0,140.0
short,229,readiness_history,120.0,0,140.0
short,229,oracle,120.0,0,140.0
short,230,fixed_6,6.0,0,140.0
short,230,fixed_12,12.0,0,140.0
short,230,fixed_24,24.0,0,140.0
short,230,fixed_48,48.0,0,140.0
short,230,threshold_reset,120.0,0,140.0
short,230,readiness_current,120.0,0,140.0
short,230,readiness_history,120.0,0,140.0
short,230,oracle,120.0,0,140.0
short,231,fixed_6,6.0,0,140.0
short,231,fixed_12,12.0,0,140.0
short,231,fixed_24,24.0,0,140.0
short,231,fixed_48,48.0,0,140.0
short,231,threshold_reset,120.0,0,140.0
short,231,readiness_current,120.0,0,140.0
short,231,readiness_history,120.0,0,140.0
short,231,oracle,120.0,0,140.0
short,232,fixed_6,6.0,0,140.0
short,232,fixed_12,12.0,0,140.0
short,232,fixed_24,24.0,0,140.0
short,232,fixed_48,48.0,0,140.0
short,232,threshold_reset,120.0,0,140.0
short,232,readiness_current,120.0,0,140.0
short,232,readiness_history,120.0,0,140.0
short,232,oracle,120.0,0,140.0
short,233,fixed_6,6.0,0,140.0
short,233,fixed_12,12.0,0,140.0
short,233,fixed_24,24.0,0,140.0
short,233,fixed_48,48.0,0,140.0
short,233,threshold_reset,120.0,0,140.0
short,233,readiness_current,120.0,0,140.0
short,233,readiness_history,120.0,0,140.0
short,233,oracle,120.0,0,140.0
short,234,fixed_6,6.0,0,140.0
short,234,fixed_12,12.0,0,140.0
short,234,fixed_24,24.0,0,140.0
short,234,fixed_48,48.0,0,140.0
short,234,threshold_reset,120.0,0,140.0
short,234,readiness_current,120.0,0,140.0
short,234,readiness_history,120.0,0,140.0
short,234,oracle,120.0,0,140.0
short,235,fixed_6,6.0,0,140.0
short,235,fixed_12,12.0,0,140.0
short,235,fixed_24,24.0,0,140.0
short,235,fixed_48,48.0,0,140.0
short,235,threshold_reset,120.0,0,140.0
short,235,readiness_current,120.0,0,140.0
short,235,readiness_history,120.0,0,140.0
short,235,oracle,120.0,0,140.0
short,236,fixed_6,6.0,0,140.0
short,236,fixed_12,12.0,0,140.0
short,236,fixed_24,24.0,0,140.0
short,236,fixed_48,48.0,0,140.0
short,236,threshold_reset,120.0,0,140.0
short,236,readiness_current,120.0,0,140.0
short,236,readiness_history,120.0,0,140.0
short,236,oracle,120.0,0,140.0
short,237,fixed_6,6.0,0,140.0
short,237,fixed_12,12.0,0,140.0
short,237,fixed_24,24.0,0,140.0
short,237,fixed_48,48.0,0,140.0
short,237,threshold_reset,120.0,0,140.0
short,237,readiness_current,120.0,0,140.0
short,237,readiness_history,120.0,0,140.0
short,237,oracle,120.0,0,140.0
short,238,fixed_6,6.0,0,140.0
short,238,fixed_12,12.0,0,140.0
short,238,fixed_24,24.0,0,140.0
short,238,fixed_48,48.0,0,140.0
short,238,threshold_reset,120.0,0,140.0
short,238,readiness_current,120.0,0,140.0
short,238,readiness_history,120.0,0,140.0
short,238,oracle,120.0,0,140.0
short,239,fixed_6,6.0,0,140.0
short,239,fixed_12,12.0,0,140.0
short,239,fixed_24,24.0,0,140.0
short,239,fixed_48,48.0,0,140.0
short,239,threshold_reset,120.0,0,140.0
short,239,readiness_current,120.0,0,140.0
short,239,readiness_history,120.0,0,140.0
short,239,oracle,120.0,0,140.0
short,240,fixed_6,6.0,0,140.0
short,240,fixed_12,12.0,0,140.0
short,240,fixed_24,24.0,0,140.0
short,240,fixed_48,48.0,0,140.0
short,240,threshold_reset,120.0,0,140.0
short,240,readiness_current,120.0,0,140.0
short,240,readiness_history,120.0,0,140.0
short,240,oracle,120.0,0,140.0
short,241,fixed_6,6.0,0,140.0
short,241,fixed_12,12.0,0,140.0
short,241,fixed_24,24.0,0,140.0
short,241,fixed_48,48.0,0,140.0
short,241,threshold_reset,120.0,0,140.0
short,241,readiness_current,120.0,0,140.0
short,241,readiness_history,120.0,0,140.0
short,241,oracle,120.0,0,140.0
short,242,fixed_6,6.0,0,140.0
short,242,fixed_12,12.0,0,140.0
short,242,fixed_24,24.0,0,140.0
short,242,fixed_48,48.0,0,140.0
short,242,threshold_reset,120.0,0,140.0
short,242,readiness_current,120.0,0,140.0
short,242,readiness_history,120.0,0,140.0
short,242,oracle,120.0,0,140.0
short,243,fixed_6,6.0,0,140.0
short,243,fixed_12,12.0,0,140.0
short,243,fixed_24,24.0,0,140.0
short,243,fixed_48,48.0,0,140.0
short,243,threshold_reset,120.0,0,140.0
short,243,readiness_current,120.0,0,140.0
short,243,readiness_history,120.0,0,140.0
short,243,oracle,120.0,0,140.0
short,244,fixed_6,6.0,0,140.0
short,244,fixed_12,12.0,0,140.0
short,244,fixed_24,24.0,0,140.0
short,244,fixed_48,48.0,0,140.0
short,244,threshold_reset,120.0,0,140.0
short,244,readiness_current,120.0,0,140.0
short,244,readiness_history,120.0,0,140.0
short,244,oracle,120.0,0,140.0
short,245,fixed_6,6.0,0,140.0
short,245,fixed_12,12.0,0,140.0
short,245,fixed_24,24.0,0,140.0
short,245,fixed_48,48.0,0,140.0
short,245,threshold_reset,120.0,0,140.0
short,245,readiness_current,120.0,0,140.0
short,245,readiness_history,120.0,0,140.0
short,245,oracle,120.0,0,140.0
short,246,fixed_6,6.0,0,140.0
short,246,fixed_12,12.0,0,140.0
short,246,fixed_24,24.0,0,140.0
short,246,fixed_48,48.0,0,140.0
short,246,threshold_reset,120.0,0,140.0
short,246,readiness_current,120.0,0,140.0
short,246,readiness_history,120.0,0,140.0
short,246,oracle,120.0,0,140.0
short,247,fixed_6,6.0,0,140.0
short,247,fixed_12,12.0,0,140.0
short,247,fixed_24,24.0,0,140.0
short,247,fixed_48,48.0,0,140.0
short,247,threshold_reset,120.0,0,140.0
short,247,readiness_current,120.0,0,140.0
short,247,readiness_history,120.0,0,140.0
short,247,oracle,120.0,0,140.0
short,248,fixed_6,6.0,0,140.0
short,248,fixed_12,12.0,0,140.0
short,248,fixed_24,24.0,0,140.0
short,248,fixed_48,48.0,0,140.0
short,248,threshold_reset,120.0,0,140.0
short,248,readiness_current,120.0,0,140.0
short,248,readiness_history,120.0,0,140.0
short,248,oracle,120.0,0,140.0
short,249,fixed_6,6.0,0,140.0
short,249,fixed_12,12.0,0,140.0
short,249,fixed_24,24.0,0,140.0
short,249,fixed_48,48.0,0,140.0
short,249,threshold_reset,120.0,0,140.0
short,249,readiness_current,120.0,0,140.0
short,249,readiness_history,120.0,0,140.0
short,249,oracle,120.0,0,140.0
short,250,fixed_6,6.0,0,140.0
short,250,fixed_12,12.0,0,140.0
short,250,fixed_24,24.0,0,140.0
short,250,fixed_48,48.0,0,140.0
short,250,threshold_reset,120.0,0,140.0
short,250,readiness_current,120.0,0,140.0
short,250,readiness_history,120.0,0,140.0
short,250,oracle,120.0,0,140.0
short,251,fixed_6,6.0,0,140.0
short,251,fixed_12,12.0,0,140.0
short,251,fixed_24,24.0,0,140.0
short,251,fixed_48,48.0,0,140.0
short,251,threshold_reset,120.0,0,140.0
short,251,readiness_current,120.0,0,140.0
short,251,readiness_history,120.0,0,140.0
short,251,oracle,120.0,0,140.0
short,252,fixed_6,6.0,0,140.0
short,252,fixed_12,12.0,0,140.0
short,252,fixed_24,24.0,0,140.0
short,252,fixed_48,48.0,0,140.0
short,252,threshold_reset,120.0,0,140.0
short,252,readiness_current,120.0,0,140.0
short,252,readiness_history,120.0,0,140.0
short,252,oracle,120.0,0,140.0
short,253,fixed_6,6.0,0,140.0
short,253,fixed_12,12.0,0,140.0
short,253,fixed_24,24.0,0,140.0
short,253,fixed_48,48.0,0,140.0
short,253,threshold_reset,120.0,0,140.0
short,253,readiness_current,120.0,0,140.0
short,253,readiness_history,120.0,0,140.0
short,253,oracle,120.0,0,140.0
short,254,fixed_6,6.0,0,140.0
short,254,fixed_12,12.0,0,140.0
short,254,fixed_24,24.0,0,140.0
short,254,fixed_48,48.0,0,140.0
short,254,threshold_reset,120.0,0,140.0
short,254,readiness_current,120.0,0,140.0
short,254,readiness_history,120.0,0,140.0
short,254,oracle,120.0,0,140.0
short,255,fixed_6,6.0,0,140.0
short,255,fixed_12,12.0,0,140.0
short,255,fixed_24,24.0,0,140.0
short,255,fixed_48,48.0,0,140.0
short,255,threshold_reset,120.0,0,140.0
short,255,readiness_current,120.0,0,140.0
short,255,readiness_history,120.0,0,140.0
short,255,oracle,120.0,0,140.0
short,256,fixed_6,6.0,0,140.0
short,256,fixed_12,12.0,0,140.0
short,256,fixed_24,24.0,0,140.0
short,256,fixed_48,48.0,0,140.0
short,256,threshold_reset,120.0,0,140.0
short,256,readiness_current,120.0,0,140.0
short,256,readiness_history,120.0,0,140.0
short,256,oracle,120.0,0,140.0
short,257,fixed_6,6.0,0,140.0
short,257,fixed_12,12.0,0,140.0
short,257,fixed_24,24.0,0,140.0
short,257,fixed_48,48.0,0,140.0
short,257,threshold_reset,120.0,0,140.0
short,257,readiness_current,120.0,0,140.0
short,257,readiness_history,120.0,0,140.0
short,257,oracle,120.0,0,140.0
short,258,fixed_6,6.0,0,140.0
short,258,fixed_12,12.0,0,140.0
short,258,fixed_24,24.0,0,140.0
short,258,fixed_48,48.0,0,140.0
short,258,threshold_reset,120.0,0,140.0
short,258,readiness_current,120.0,0,140.0
short,258,readiness_history,120.0,0,140.0
short,258,oracle,120.0,0,140.0
short,259,fixed_6,6.0,0,140.0
short,259,fixed_12,12.0,0,140.0
short,259,fixed_24,24.0,0,140.0
short,259,fixed_48,48.0,0,140.0
short,259,threshold_reset,120.0,0,140.0
short,259,readiness_current,120.0,0,140.0
short,259,readiness_history,120.0,0,140.0
short,259,oracle,120.0,0,140.0
short,260,fixed_6,6.0,0,140.0
short,260,fixed_12,12.0,0,140.0
short,260,fixed_24,24.0,0,140.0
short,260,fixed_48,48.0,0,140.0
short,260,threshold_reset,120.0,0,140.0
short,260,readiness_current,120.0,0,140.0
short,260,readiness_history,120.0,0,140.0
short,260,oracle,120.0,0,140.0
short,261,fixed_6,6.0,0,140.0
short,261,fixed_12,12.0,0,140.0
short,261,fixed_24,24.0,0,140.0
short,261,fixed_48,48.0,0,140.0
short,261,threshold_reset,120.0,0,140.0
short,261,readiness_current,120.0,0,140.0
short,261,readiness_history,120.0,0,140.0
short,261,oracle,120.0,0,140.0
short,262,fixed_6,6.0,0,140.0
short,262,fixed_12,12.0,0,140.0
short,262,fixed_24,24.0,0,140.0
short,262,fixed_48,48.0,0,140.0
short,262,threshold_reset,120.0,0,140.0
short,262,readiness_current,120.0,0,140.0
short,262,readiness_history,120.0,0,140.0
short,262,oracle,120.0,0,140.0
short,263,fixed_6,6.0,0,140.0
short,263,fixed_12,12.0,0,140.0
short,263,fixed_24,24.0,0,140.0
short,263,fixed_48,48.0,0,140.0
short,263,threshold_reset,120.0,0,140.0
short,263,readiness_current,120.0,0,140.0
short,263,readiness_history,120.0,0,140.0
short,263,oracle,120.0,0,140.0
short,264,fixed_6,6.0,0,140.0
short,264,fixed_12,12.0,0,140.0
short,264,fixed_24,24.0,0,140.0
short,264,fixed_48,48.0,0,140.0
short,264,threshold_reset,120.0,0,140.0
short,264,readiness_current,120.0,0,140.0
short,264,readiness_history,120.0,0,140.0
short,264,oracle,120.0,0,140.0
short,265,fixed_6,6.0,0,140.0
short,265,fixed_12,12.0,0,140.0
short,265,fixed_24,24.0,0,140.0
short,265,fixed_48,48.0,0,140.0
short,265,threshold_reset,120.0,0,140.0
short,265,readiness_current,120.0,0,140.0
short,265,readiness_history,120.0,0,140.0
short,265,oracle,120.0,0,140.0
short,266,fixed_6,6.0,0,140.0
short,266,fixed_12,12.0,0,140.0
short,266,fixed_24,24.0,0,140.0
short,266,fixed_48,48.0,0,140.0
short,266,threshold_reset,120.0,0,140.0
short,266,readiness_current,120.0,0,140.0
short,266,readiness_history,120.0,0,140.0
short,266,oracle,120.0,0,140.0
short,267,fixed_6,6.0,0,140.0
short,267,fixed_12,12.0,0,140.0
short,267,fixed_24,24.0,0,140.0
short,267,fixed_48,48.0,0,140.0
short,267,threshold_reset,120.0,0,140.0
short,267,readiness_current,120.0,0,140.0
short,267,readiness_history,120.0,0,140.0
short,267,oracle,120.0,0,140.0
short,268,fixed_6,6.0,0,140.0
short,268,fixed_12,12.0,0,140.0
short,268,fixed_24,24.0,0,140.0
short,268,fixed_48,48.0,0,140.0
short,268,threshold_reset,120.0,0,140.0
short,268,readiness_current,120.0,0,140.0
short,268,readiness_history,120.0,0,140.0
short,268,oracle,120.0,0,140.0
short,269,fixed_6,6.0,0,140.0
short,269,fixed_12,12.0,0,140.0
short,269,fixed_24,24.0,0,140.0
short,269,fixed_48,48.0,0,140.0
short,269,threshold_reset,120.0,0,140.0
short,269,readiness_current,120.0,0,140.0
short,269,readiness_history,120.0,0,140.0
short,269,oracle,120.0,0,140.0
short,270,fixed_6,6.0,0,140.0
short,270,fixed_12,12.0,0,140.0
short,270,fixed_24,24.0,0,140.0
short,270,fixed_48,48.0,0,140.0
short,270,threshold_reset,120.0,0,140.0
short,270,readiness_current,120.0,0,140.0
short,270,readiness_history,120.0,0,140.0
short,270,oracle,120.0,0,140.0
short,271,fixed_6,6.0,0,140.0
short,271,fixed_12,12.0,0,140.0
short,271,fixed_24,24.0,0,140.0
short,271,fixed_48,48.0,0,140.0
short,271,threshold_reset,120.0,0,140.0
short,271,readiness_current,120.0,0,140.0
short,271,readiness_history,120.0,0,140.0
short,271,oracle,120.0,0,140.0
short,272,fixed_6,6.0,0,140.0
short,272,fixed_12,12.0,0,140.0
short,272,fixed_24,24.0,0,140.0
short,272,fixed_48,48.0,0,140.0
short,272,threshold_reset,120.0,0,140.0
short,272,readiness_current,120.0,0,140.0
short,272,readiness_history,120.0,0,140.0
short,272,oracle,120.0,0,140.0
short,273,fixed_6,6.0,0,140.0
short,273,fixed_12,12.0,0,140.0
short,273,fixed_24,24.0,0,140.0
short,273,fixed_48,48.0,0,140.0
short,273,threshold_reset,120.0,0,140.0
short,273,readiness_current,120.0,0,140.0
short,273,readiness_history,120.0,0,140.0
short,273,oracle,120.0,0,140.0
short,274,fixed_6,6.0,0,140.0
short,274,fixed_12,12.0,0,140.0
short,274,fixed_24,24.0,0,140.0
short,274,fixed_48,48.0,0,140.0
short,274,threshold_reset,120.0,0,140.0
short,274,readiness_current,120.0,0,140.0
short,274,readiness_history,120.0,0,140.0
short,274,oracle,120.0,0,140.0
short,275,fixed_6,6.0,0,140.0
short,275,fixed_12,12.0,0,140.0
short,275,fixed_24,24.0,0,140.0
short,275,fixed_48,48.0,0,140.0
short,275,threshold_reset,120.0,0,140.0
short,275,readiness_current,120.0,0,140.0
short,275,readiness_history,120.0,0,140.0
short,275,oracle,120.0,0,140.0
short,276,fixed_6,6.0,0,140.0
short,276,fixed_12,12.0,0,140.0
short,276,fixed_24,24.0,0,140.0
short,276,fixed_48,48.0,0,140.0
short,276,threshold_reset,120.0,0,140.0
short,276,readiness_current,120.0,0,140.0
short,276,readiness_history,120.0,0,140.0
short,276,oracle,120.0,0,140.0
short,277,fixed_6,6.0,0,140.0
short,277,fixed_12,12.0,0,140.0
short,277,fixed_24,24.0,0,140.0
short,277,fixed_48,48.0,0,140.0
short,277,threshold_reset,120.0,0,140.0
short,277,readiness_current,120.0,0,140.0
short,277,readiness_history,120.0,0,140.0
short,277,oracle,120.0,0,140.0
short,278,fixed_6,6.0,0,140.0
short,278,fixed_12,12.0,0,140.0
short,278,fixed_24,24.0,0,140.0
short,278,fixed_48,48.0,0,140.0
short,278,threshold_reset,120.0,0,140.0
short,278,readiness_current,120.0,0,140.0
short,278,readiness_history,120.0,0,140.0
short,278,oracle,120.0,0,140.0
short,279,fixed_6,6.0,0,140.0
short,279,fixed_12,12.0,0,140.0
short,279,fixed_24,24.0,0,140.0
short,279,fixed_48,48.0,0,140.0
short,279,threshold_reset,120.0,0,140.0
short,279,readiness_current,120.0,0,140.0
short,279,readiness_history,120.0,0,140.0
short,279,oracle,120.0,0,140.0
short,280,fixed_6,6.0,0,140.0
short,280,fixed_12,12.0,0,140.0
short,280,fixed_24,24.0,0,140.0
short,280,fixed_48,48.0,0,140.0
short,280,threshold_reset,120.0,0,140.0
short,280,readiness_current,120.0,0,140.0
short,280,readiness_history,120.0,0,140.0
short,280,oracle,120.0,0,140.0
short,281,fixed_6,6.0,0,140.0
short,281,fixed_12,12.0,0,140.0
short,281,fixed_24,24.0,0,140.0
short,281,fixed_48,48.0,0,140.0
short,281,threshold_reset,120.0,0,140.0
short,281,readiness_current,120.0,0,140.0
short,281,readiness_history,120.0,0,140.0
short,281,oracle,120.0,0,140.0
short,282,fixed_6,6.0,0,140.0
short,282,fixed_12,12.0,0,140.0
short,282,fixed_24,24.0,0,140.0
short,282,fixed_48,48.0,0,140.0
short,282,threshold_reset,120.0,0,140.0
short,282,readiness_current,120.0,0,140.0
short,282,readiness_history,120.0,0,140.0
short,282,oracle,120.0,0,140.0
short,283,fixed_6,6.0,0,140.0
short,283,fixed_12,12.0,0,140.0
short,283,fixed_24,24.0,0,140.0
short,283,fixed_48,48.0,0,140.0
short,283,threshold_reset,120.0,0,140.0
short,283,readiness_current,120.0,0,140.0
short,283,readiness_history,120.0,0,140.0
short,283,oracle,120.0,0,140.0
short,284,fixed_6,6.0,0,140.0
short,284,fixed_12,12.0,0,140.0
short,284,fixed_24,24.0,0,140.0
short,284,fixed_48,48.0,0,140.0
short,284,threshold_reset,120.0,0,140.0
short,284,readiness_current,120.0,0,140.0
short,284,readiness_history,120.0,0,140.0
short,284,oracle,120.0,0,140.0
short,285,fixed_6,6.0,0,140.0
short,285,fixed_12,12.0,0,140.0
short,285,fixed_24,24.0,0,140.0
short,285,fixed_48,48.0,0,140.0
short,285,threshold_reset,120.0,0,140.0
short,285,readiness_current,120.0,0,140.0
short,285,readiness_history,120.0,0,140.0
short,285,oracle,120.0,0,140.0
short,286,fixed_6,6.0,0,140.0
short,286,fixed_12,12.0,0,140.0
short,286,fixed_24,24.0,0,140.0
short,286,fixed_48,48.0,0,140.0
short,286,threshold_reset,120.0,0,140.0
short,286,readiness_current,120.0,0,140.0
short,286,readiness_history,120.0,0,140.0
short,286,oracle,120.0,0,140.0
short,287,fixed_6,6.0,0,140.0
short,287,fixed_12,12.0,0,140.0
short,287,fixed_24,24.0,0,140.0
short,287,fixed_48,48.0,0,140.0
short,287,threshold_reset,120.0,0,140.0
short,287,readiness_current,120.0,0,140.0
short,287,readiness_history,120.0,0,140.0
short,287,oracle,120.0,0,140.0
short,288,fixed_6,6.0,0,140.0
short,288,fixed_12,12.0,0,140.0
short,288,fixed_24,24.0,0,140.0
short,288,fixed_48,48.0,0,140.0
short,288,threshold_reset,120.0,0,140.0
short,288,readiness_current,120.0,0,140.0
short,288,readiness_history,120.0,0,140.0
short,288,oracle,120.0,0,140.0
short,289,fixed_6,6.0,0,140.0
short,289,fixed_12,12.0,0,140.0
short,289,fixed_24,24.0,0,140.0
short,289,fixed_48,48.0,0,140.0
short,289,threshold_reset,120.0,0,140.0
short,289,readiness_current,120.0,0,140.0
short,289,readiness_history,120.0,0,140.0
short,289,oracle,120.0,0,140.0
short,290,fixed_6,6.0,0,140.0
short,290,fixed_12,12.0,0,140.0
short,290,fixed_24,24.0,0,140.0
short,290,fixed_48,48.0,0,140.0
short,290,threshold_reset,120.0,0,140.0
short,290,readiness_current,120.0,0,140.0
short,290,readiness_history,120.0,0,140.0
short,290,oracle,120.0,0,140.0
short,291,fixed_6,6.0,0,140.0
short,291,fixed_12,12.0,0,140.0
short,291,fixed_24,24.0,0,140.0
short,291,fixed_48,48.0,0,140.0
short,291,threshold_reset,120.0,0,140.0
short,291,readiness_current,120.0,0,140.0
short,291,readiness_history,120.0,0,140.0
short,291,oracle,120.0,0,140.0
short,292,fixed_6,6.0,0,140.0
short,292,fixed_12,12.0,0,140.0
short,292,fixed_24,24.0,0,140.0
short,292,fixed_48,48.0,0,140.0
short,292,threshold_reset,120.0,0,140.0
short,292,readiness_current,120.0,0,140.0
short,292,readiness_history,120.0,0,140.0
short,292,oracle,120.0,0,140.0
short,293,fixed_6,6.0,0,140.0
short,293,fixed_12,12.0,0,140.0
short,293,fixed_24,24.0,0,140.0
short,293,fixed_48,48.0,0,140.0
short,293,threshold_reset,120.0,0,140.0
short,293,readiness_current,120.0,0,140.0
short,293,readiness_history,120.0,0,140.0
short,293,oracle,120.0,0,140.0
short,294,fixed_6,6.0,0,140.0
short,294,fixed_12,12.0,0,140.0
short,294,fixed_24,24.0,0,140.0
short,294,fixed_48,48.0,0,140.0
short,294,threshold_reset,120.0,0,140.0
short,294,readiness_current,120.0,0,140.0
short,294,readiness_history,120.0,0,140.0
short,294,oracle,120.0,0,140.0
short,295,fixed_6,6.0,0,140.0
short,295,fixed_12,12.0,0,140.0
short,295,fixed_24,24.0,0,140.0
short,295,fixed_48,48.0,0,140.0
short,295,threshold_reset,120.0,0,140.0
short,295,readiness_current,120.0,0,140.0
short,295,readiness_history,120.0,0,140.0
short,295,oracle,120.0,0,140.0
short,296,fixed_6,6.0,0,140.0
short,296,fixed_12,12.0,0,140.0
short,296,fixed_24,24.0,0,140.0
short,296,fixed_48,48.0,0,140.0
short,296,threshold_reset,120.0,0,140.0
short,296,readiness_current,120.0,0,140.0
short,296,readiness_history,120.0,0,140.0
short,296,oracle,120.0,0,140.0
short,297,fixed_6,6.0,0,140.0
short,297,fixed_12,12.0,0,140.0
short,297,fixed_24,24.0,0,140.0
short,297,fixed_48,48.0,0,140.0
short,297,threshold_reset,120.0,0,140.0
short,297,readiness_current,120.0,0,140.0
short,297,readiness_history,120.0,0,140.0
short,297,oracle,120.0,0,140.0
short,298,fixed_6,6.0,0,140.0
short,298,fixed_12,12.0,0,140.0
short,298,fixed_24,24.0,0,140.0
short,298,fixed_48,48.0,0,140.0
short,298,threshold_reset,120.0,0,140.0
short,298,readiness_current,120.0,0,140.0
short,298,readiness_history,120.0,0,140.0
short,298,oracle,120.0,0,140.0
short,299,fixed_6,6.0,0,140.0
short,299,fixed_12,12.0,0,140.0
short,299,fixed_24,24.0,0,140.0
short,299,fixed_48,48.0,0,140.0
short,299,threshold_reset,120.0,0,140.0
short,299,readiness_current,120.0,0,140.0
short,299,readiness_history,120.0,0,140.0
short,299,oracle,120.0,0,140.0
short,300,fixed_6,6.0,0,140.0
short,300,fixed_12,12.0,0,140.0
short,300,fixed_24,24.0,0,140.0
short,300,fixed_48,48.0,0,140.0
short,300,threshold_reset,120.0,0,140.0
short,300,readiness_current,120.0,0,140.0
short,300,readiness_history,120.0,0,140.0
short,300,oracle,120.0,0,140.0
short,301,fixed_6,6.0,0,140.0
short,301,fixed_12,12.0,0,140.0
short,301,fixed_24,24.0,0,140.0
short,301,fixed_48,48.0,0,140.0
short,301,threshold_reset,120.0,0,140.0
short,301,readiness_current,120.0,0,140.0
short,301,readiness_history,120.0,0,140.0
short,301,oracle,120.0,0,140.0
short,302,fixed_6,6.0,0,140.0
short,302,fixed_12,12.0,0,140.0
short,302,fixed_24,24.0,0,140.0
short,302,fixed_48,48.0,0,140.0
short,302,threshold_reset,120.0,0,140.0
short,302,readiness_current,120.0,0,140.0
short,302,readiness_history,120.0,0,140.0
short,302,oracle,120.0,0,140.0
short,303,fixed_6,6.0,0,140.0
short,303,fixed_12,12.0,0,140.0
short,303,fixed_24,24.0,0,140.0
short,303,fixed_48,48.0,0,140.0
short,303,threshold_reset,120.0,0,140.0
short,303,readiness_current,120.0,0,140.0
short,303,readiness_history,120.0,0,140.0
short,303,oracle,120.0,0,140.0
short,304,fixed_6,6.0,0,140.0
short,304,fixed_12,12.0,0,140.0
short,304,fixed_24,24.0,0,140.0
short,304,fixed_48,48.0,0,140.0
short,304,threshold_reset,120.0,0,140.0
short,304,readiness_current,120.0,0,140.0
short,304,readiness_history,120.0,0,140.0
short,304,oracle,120.0,0,140.0
short,305,fixed_6,6.0,0,140.0
short,305,fixed_12,12.0,0,140.0
short,305,fixed_24,24.0,0,140.0
short,305,fixed_48,48.0,0,140.0
short,305,threshold_reset,120.0,0,140.0
short,305,readiness_current,120.0,0,140.0
short,305,readiness_history,120.0,0,140.0
short,305,oracle,120.0,0,140.0
short,306,fixed_6,6.0,0,140.0
short,306,fixed_12,12.0,0,140.0
short,306,fixed_24,24.0,0,140.0
short,306,fixed_48,48.0,0,140.0
short,306,threshold_reset,120.0,0,140.0
short,306,readiness_current,120.0,0,140.0
short,306,readiness_history,120.0,0,140.0
short,306,oracle,120.0,0,140.0
short,307,fixed_6,6.0,0,140.0
short,307,fixed_12,12.0,0,140.0
short,307,fixed_24,24.0,0,140.0
short,307,fixed_48,48.0,0,140.0
short,307,threshold_reset,120.0,0,140.0
short,307,readiness_current,120.0,0,140.0
short,307,readiness_history,120.0,0,140.0
short,307,oracle,120.0,0,140.0
short,308,fixed_6,6.0,0,140.0
short,308,fixed_12,12.0,0,140.0
short,308,fixed_24,24.0,0,140.0
short,308,fixed_48,48.0,0,140.0
short,308,threshold_reset,120.0,0,140.0
short,308,readiness_current,120.0,0,140.0
short,308,readiness_history,120.0,0,140.0
short,308,oracle,120.0,0,140.0
short,309,fixed_6,6.0,0,140.0
short,309,fixed_12,12.0,0,140.0
short,309,fixed_24,24.0,0,140.0
short,309,fixed_48,48.0,0,140.0
short,309,threshold_reset,120.0,0,140.0
short,309,readiness_current,120.0,0,140.0
short,309,readiness_history,120.0,0,140.0
short,309,oracle,120.0,0,140.0
short,310,fixed_6,6.0,0,140.0
short,310,fixed_12,12.0,0,140.0
short,310,fixed_24,24.0,0,140.0
short,310,fixed_48,48.0,0,140.0
short,310,threshold_reset,120.0,0,140.0
short,310,readiness_current,120.0,0,140.0
short,310,readiness_history,120.0,0,140.0
short,310,oracle,120.0,0,140.0
short,311,fixed_6,6.0,0,140.0
short,311,fixed_12,12.0,0,140.0
short,311,fixed_24,24.0,0,140.0
short,311,fixed_48,48.0,0,140.0
short,311,threshold_reset,120.0,0,140.0
short,311,readiness_current,120.0,0,140.0
short,311,readiness_history,120.0,0,140.0
short,311,oracle,120.0,0,140.0
short,312,fixed_6,6.0,0,140.0
short,312,fixed_12,12.0,0,140.0
short,312,fixed_24,24.0,0,140.0
short,312,fixed_48,48.0,0,140.0
short,312,threshold_reset,120.0,0,140.0
short,312,readiness_current,120.0,0,140.0
short,312,readiness_history,120.0,0,140.0
short,312,oracle,120.0,0,140.0
short,313,fixed_6,6.0,0,140.0
short,313,fixed_12,12.0,0,140.0
short,313,fixed_24,24.0,0,140.0
short,313,fixed_48,48.0,0,140.0
short,313,threshold_reset,120.0,0,140.0
short,313,readiness_current,120.0,0,140.0
short,313,readiness_history,120.0,0,140.0
short,313,oracle,120.0,0,140.0
short,314,fixed_6,6.0,0,140.0
short,314,fixed_12,12.0,0,140.0
short,314,fixed_24,24.0,0,140.0
short,314,fixed_48,48.0,0,140.0
short,314,threshold_reset,120.0,0,140.0
short,314,readiness_current,120.0,0,140.0
short,314,readiness_history,120.0,0,140.0
short,314,oracle,120.0,0,140.0
short,315,fixed_6,6.0,0,140.0
short,315,fixed_12,12.0,0,140.0
short,315,fixed_24,24.0,0,140.0
short,315,fixed_48,48.0,0,140.0
short,315,threshold_reset,120.0,0,140.0
short,315,readiness_current,120.0,0,140.0
short,315,readiness_history,120.0,0,140.0
short,315,oracle,120.0,0,140.0
short,316,fixed_6,6.0,0,140.0
short,316,fixed_12,12.0,0,140.0
short,316,fixed_24,24.0,0,140.0
short,316,fixed_48,48.0,0,140.0
short,316,threshold_reset,120.0,0,140.0
short,316,readiness_current,120.0,0,140.0
short,316,readiness_history,120.0,0,140.0
short,316,oracle,120.0,0,140.0
short,317,fixed_6,6.0,0,140.0
short,317,fixed_12,12.0,0,140.0
short,317,fixed_24,24.0,0,140.0
short,317,fixed_48,48.0,0,140.0
short,317,threshold_reset,120.0,0,140.0
short,317,readiness_current,120.0,0,140.0
short,317,readiness_history,120.0,0,140.0
short,317,oracle,120.0,0,140.0
short,318,fixed_6,6.0,0,140.0
short,318,fixed_12,12.0,0,140.0
short,318,fixed_24,24.0,0,140.0
short,318,fixed_48,48.0,0,140.0
short,318,threshold_reset,120.0,0,140.0
short,318,readiness_current,120.0,0,140.0
short,318,readiness_history,120.0,0,140.0
short,318,oracle,120.0,0,140.0
short,319,fixed_6,6.0,0,140.0
short,319,fixed_12,12.0,0,140.0
short,319,fixed_24,24.0,0,140.0
short,319,fixed_48,48.0,0,140.0
short,319,threshold_reset,120.0,0,140.0
short,319,readiness_current,120.0,0,140.0
short,319,readiness_history,120.0,0,140.0
short,319,oracle,120.0,0,140.0
short,320,fixed_6,6.0,0,140.0
short,320,fixed_12,12.0,0,140.0
short,320,fixed_24,24.0,0,140.0
short,320,fixed_48,48.0,0,140.0
short,320,threshold_reset,120.0,0,140.0
short,320,readiness_current,120.0,0,140.0
short,320,readiness_history,120.0,0,140.0
short,320,oracle,120.0,0,140.0
short,321,fixed_6,6.0,0,140.0
short,321,fixed_12,12.0,0,140.0
short,321,fixed_24,24.0,0,140.0
short,321,fixed_48,48.0,0,140.0
short,321,threshold_reset,120.0,0,140.0
short,321,readiness_current,120.0,0,140.0
short,321,readiness_history,120.0,0,140.0
short,321,oracle,120.0,0,140.0
short,322,fixed_6,6.0,0,140.0
short,322,fixed_12,12.0,0,140.0
short,322,fixed_24,24.0,0,140.0
short,322,fixed_48,48.0,0,140.0
short,322,threshold_reset,120.0,0,140.0
short,322,readiness_current,120.0,0,140.0
short,322,readiness_history,120.0,0,140.0
short,322,oracle,120.0,0,140.0
short,323,fixed_6,6.0,0,140.0
short,323,fixed_12,12.0,0,140.0
short,323,fixed_24,24.0,0,140.0
short,323,fixed_48,48.0,0,140.0
short,323,threshold_reset,120.0,0,140.0
short,323,readiness_current,120.0,0,140.0
short,323,readiness_history,120.0,0,140.0
short,323,oracle,120.0,0,140.0
short,324,fixed_6,6.0,0,140.0
short,324,fixed_12,12.0,0,140.0
short,324,fixed_24,24.0,0,140.0
short,324,fixed_48,48.0,0,140.0
short,324,threshold_reset,120.0,0,140.0
short,324,readiness_current,120.0,0,140.0
short,324,readiness_history,120.0,0,140.0
short,324,oracle,120.0,0,140.0
short,325,fixed_6,6.0,0,140.0
short,325,fixed_12,12.0,0,140.0
short,325,fixed_24,24.0,0,140.0
short,325,fixed_48,48.0,0,140.0
short,325,threshold_reset,120.0,0,140.0
short,325,readiness_current,120.0,0,140.0
short,325,readiness_history,120.0,0,140.0
short,325,oracle,120.0,0,140.0
short,326,fixed_6,6.0,0,140.0
short,326,fixed_12,12.0,0,140.0
short,326,fixed_24,24.0,0,140.0
short,326,fixed_48,48.0,0,140.0
short,326,threshold_reset,120.0,0,140.0
short,326,readiness_current,120.0,0,140.0
short,326,readiness_history,120.0,0,140.0
short,326,oracle,120.0,0,140.0
short,327,fixed_6,6.0,0,140.0
short,327,fixed_12,12.0,0,140.0
short,327,fixed_24,24.0,0,140.0
short,327,fixed_48,48.0,0,140.0
short,327,threshold_reset,120.0,0,140.0
short,327,readiness_current,120.0,0,140.0
short,327,readiness_history,120.0,0,140.0
short,327,oracle,120.0,0,140.0
short,328,fixed_6,6.0,0,140.0
short,328,fixed_12,12.0,0,140.0
short,328,fixed_24,24.0,0,140.0
short,328,fixed_48,48.0,0,140.0
short,328,threshold_reset,120.0,0,140.0
short,328,readiness_current,120.0,0,140.0
short,328,readiness_history,120.0,0,140.0
short,328,oracle,120.0,0,140.0
short,329,fixed_6,6.0,0,140.0
short,329,fixed_12,12.0,0,140.0
short,329,fixed_24,24.0,0,140.0
short,329,fixed_48,48.0,0,140.0
short,329,threshold_reset,120.0,0,140.0
short,329,readiness_current,120.0,0,140.0
short,329,readiness_history,120.0,0,140.0
short,329,oracle,120.0,0,140.0
short,330,fixed_6,6.0,0,140.0
short,330,fixed_12,12.0,0,140.0
short,330,fixed_24,24.0,0,140.0
short,330,fixed_48,48.0,0,140.0
short,330,threshold_reset,120.0,0,140.0
short,330,readiness_current,120.0,0,140.0
short,330,readiness_history,120.0,0,140.0
short,330,oracle,120.0,0,140.0
short,331,fixed_6,6.0,0,140.0
short,331,fixed_12,12.0,0,140.0
short,331,fixed_24,24.0,0,140.0
short,331,fixed_48,48.0,0,140.0
short,331,threshold_reset,120.0,0,140.0
short,331,readiness_current,120.0,0,140.0
short,331,readiness_history,120.0,0,140.0
short,331,oracle,120.0,0,140.0
short,332,fixed_6,6.0,0,140.0
short,332,fixed_12,12.0,0,140.0
short,332,fixed_24,24.0,0,140.0
short,332,fixed_48,48.0,0,140.0
short,332,threshold_reset,120.0,0,140.0
short,332,readiness_current,120.0,0,140.0
short,332,readiness_history,120.0,0,140.0
short,332,oracle,120.0,0,140.0
short,333,fixed_6,6.0,0,140.0
short,333,fixed_12,12.0,0,140.0
short,333,fixed_24,24.0,0,140.0
short,333,fixed_48,48.0,0,140.0
short,333,threshold_reset,120.0,0,140.0
short,333,readiness_current,120.0,0,140.0
short,333,readiness_history,120.0,0,140.0
short,333,oracle,120.0,0,140.0
short,334,fixed_6,6.0,0,140.0
short,334,fixed_12,12.0,0,140.0
short,334,fixed_24,24.0,0,140.0
short,334,fixed_48,48.0,0,140.0
short,334,threshold_reset,120.0,0,140.0
short,334,readiness_current,120.0,0,140.0
short,334,readiness_history,120.0,0,140.0
short,334,oracle,120.0,0,140.0
short,335,fixed_6,6.0,0,140.0
short,335,fixed_12,12.0,0,140.0
short,335,fixed_24,24.0,0,140.0
short,335,fixed_48,48.0,0,140.0
short,335,threshold_reset,120.0,0,140.0
short,335,readiness_current,120.0,0,140.0
short,335,readiness_history,120.0,0,140.0
short,335,oracle,120.0,0,140.0
short,336,fixed_6,6.0,0,140.0
short,336,fixed_12,12.0,0,140.0
short,336,fixed_24,24.0,0,140.0
short,336,fixed_48,48.0,0,140.0
short,336,threshold_reset,120.0,0,140.0
short,336,readiness_current,120.0,0,140.0
short,336,readiness_history,120.0,0,140.0
short,336,oracle,120.0,0,140.0
short,337,fixed_6,6.0,0,140.0
short,337,fixed_12,12.0,0,140.0
short,337,fixed_24,24.0,0,140.0
short,337,fixed_48,48.0,0,140.0
short,337,threshold_reset,120.0,0,140.0
short,337,readiness_current,120.0,0,140.0
short,337,readiness_history,120.0,0,140.0
short,337,oracle,120.0,0,140.0
short,338,fixed_6,6.0,0,140.0
short,338,fixed_12,12.0,0,140.0
short,338,fixed_24,24.0,0,140.0
short,338,fixed_48,48.0,0,140.0
short,338,threshold_reset,120.0,0,140.0
short,338,readiness_current,120.0,0,140.0
short,338,readiness_history,120.0,0,140.0
short,338,oracle,120.0,0,140.0
short,339,fixed_6,6.0,0,140.0
short,339,fixed_12,12.0,0,140.0
short,339,fixed_24,24.0,0,140.0
short,339,fixed_48,48.0,0,140.0
short,339,threshold_reset,120.0,0,140.0
short,339,readiness_current,120.0,0,140.0
short,339,readiness_history,120.0,0,140.0
short,339,oracle,120.0,0,140.0
short,340,fixed_6,6.0,0,140.0
short,340,fixed_12,12.0,0,140.0
short,340,fixed_24,24.0,0,140.0
short,340,fixed_48,48.0,0,140.0
short,340,threshold_reset,120.0,0,140.0
short,340,readiness_current,120.0,0,140.0
short,340,readiness_history,120.0,0,140.0
short,340,oracle,120.0,0,140.0
short,341,fixed_6,6.0,0,140.0
short,341,fixed_12,12.0,0,140.0
short,341,fixed_24,24.0,0,140.0
short,341,fixed_48,48.0,0,140.0
short,341,threshold_reset,120.0,0,140.0
short,341,readiness_current,120.0,0,140.0
short,341,readiness_history,120.0,0,140.0
short,341,oracle,120.0,0,140.0
short,342,fixed_6,6.0,0,140.0
short,342,fixed_12,12.0,0,140.0
short,342,fixed_24,24.0,0,140.0
short,342,fixed_48,48.0,0,140.0
short,342,threshold_reset,120.0,0,140.0
short,342,readiness_current,120.0,0,140.0
short,342,readiness_history,120.0,0,140.0
short,342,oracle,120.0,0,140.0
short,343,fixed_6,6.0,0,140.0
short,343,fixed_12,12.0,0,140.0
short,343,fixed_24,24.0,0,140.0
short,343,fixed_48,48.0,0,140.0
short,343,threshold_reset,120.0,0,140.0
short,343,readiness_current,120.0,0,140.0
short,343,readiness_history,120.0,0,140.0
short,343,oracle,120.0,0,140.0
short,344,fixed_6,6.0,0,140.0
short,344,fixed_12,12.0,0,140.0
short,344,fixed_24,24.0,0,140.0
short,344,fixed_48,48.0,0,140.0
short,344,threshold_reset,120.0,0,140.0
short,344,readiness_current,120.0,0,140.0
short,344,readiness_history,120.0,0,140.0
short,344,oracle,120.0,0,140.0
short,345,fixed_6,6.0,0,140.0
short,345,fixed_12,12.0,0,140.0
short,345,fixed_24,24.0,0,140.0
short,345,fixed_48,48.0,0,140.0
short,345,threshold_reset,120.0,0,140.0
short,345,readiness_current,120.0,0,140.0
short,345,readiness_history,120.0,0,140.0
short,345,oracle,120.0,0,140.0
short,346,fixed_6,6.0,0,140.0
short,346,fixed_12,12.0,0,140.0
short,346,fixed_24,24.0,0,140.0
short,346,fixed_48,48.0,0,140.0
short,346,threshold_reset,120.0,0,140.0
short,346,readiness_current,120.0,0,140.0
short,346,readiness_history,120.0,0,140.0
short,346,oracle,120.0,0,140.0
short,347,fixed_6,6.0,0,140.0
short,347,fixed_12,12.0,0,140.0
short,347,fixed_24,24.0,0,140.0
short,347,fixed_48,48.0,0,140.0
short,347,threshold_reset,120.0,0,140.0
short,347,readiness_current,120.0,0,140.0
short,347,readiness_history,120.0,0,140.0
short,347,oracle,120.0,0,140.0
short,348,fixed_6,6.0,0,140.0
short,348,fixed_12,12.0,0,140.0
short,348,fixed_24,24.0,0,140.0
short,348,fixed_48,48.0,0,140.0
short,348,threshold_reset,120.0,0,140.0
short,348,readiness_current,120.0,0,140.0
short,348,readiness_history,120.0,0,140.0
short,348,oracle,120.0,0,140.0
short,349,fixed_6,6.0,0,140.0
short,349,fixed_12,12.0,0,140.0
short,349,fixed_24,24.0,0,140.0
short,349,fixed_48,48.0,0,140.0
short,349,threshold_reset,120.0,0,140.0
short,349,readiness_current,120.0,0,140.0
short,349,readiness_history,120.0,0,140.0
short,349,oracle,120.0,0,140.0
short,350,fixed_6,6.0,0,140.0
short,350,fixed_12,12.0,0,140.0
short,350,fixed_24,24.0,0,140.0
short,350,fixed_48,48.0,0,140.0
short,350,threshold_reset,120.0,0,140.0
short,350,readiness_current,120.0,0,140.0
short,350,readiness_history,120.0,0,140.0
short,350,oracle,120.0,0,140.0
short,351,fixed_6,6.0,0,140.0
short,351,fixed_12,12.0,0,140.0
short,351,fixed_24,24.0,0,140.0
short,351,fixed_48,48.0,0,140.0
short,351,threshold_reset,120.0,0,140.0
short,351,readiness_current,120.0,0,140.0
short,351,readiness_history,120.0,0,140.0
short,351,oracle,120.0,0,140.0
short,352,fixed_6,6.0,0,140.0
short,352,fixed_12,12.0,0,140.0
short,352,fixed_24,24.0,0,140.0
short,352,fixed_48,48.0,0,140.0
short,352,threshold_reset,120.0,0,140.0
short,352,readiness_current,120.0,0,140.0
short,352,readiness_history,120.0,0,140.0
short,352,oracle,120.0,0,140.0
short,353,fixed_6,6.0,0,140.0
short,353,fixed_12,12.0,0,140.0
short,353,fixed_24,24.0,0,140.0
short,353,fixed_48,48.0,0,140.0
short,353,threshold_reset,120.0,0,140.0
short,353,readiness_current,120.0,0,140.0
short,353,readiness_history,120.0,0,140.0
short,353,oracle,120.0,0,140.0
short,354,fixed_6,6.0,0,140.0
short,354,fixed_12,12.0,0,140.0
short,354,fixed_24,24.0,0,140.0
short,354,fixed_48,48.0,0,140.0
short,354,threshold_reset,120.0,0,140.0
short,354,readiness_current,120.0,0,140.0
short,354,readiness_history,120.0,0,140.0
short,354,oracle,120.0,0,140.0
short,355,fixed_6,6.0,0,140.0
short,355,fixed_12,12.0,0,140.0
short,355,fixed_24,24.0,0,140.0
short,355,fixed_48,48.0,0,140.0
short,355,threshold_reset,120.0,0,140.0
short,355,readiness_current,120.0,0,140.0
short,355,readiness_history,120.0,0,140.0
short,355,oracle,120.0,0,140.0
short,356,fixed_6,6.0,0,140.0
short,356,fixed_12,12.0,0,140.0
short,356,fixed_24,24.0,0,140.0
short,356,fixed_48,48.0,0,140.0
short,356,threshold_reset,120.0,0,140.0
short,356,readiness_current,120.0,0,140.0
short,356,readiness_history,120.0,0,140.0
short,356,oracle,120.0,0,140.0
short,357,fixed_6,6.0,0,140.0
short,357,fixed_12,12.0,0,140.0
short,357,fixed_24,24.0,0,140.0
short,357,fixed_48,48.0,0,140.0
short,357,threshold_reset,120.0,0,140.0
short,357,readiness_current,120.0,0,140.0
short,357,readiness_history,120.0,0,140.0
short,357,oracle,120.0,0,140.0
short,358,fixed_6,6.0,0,140.0
short,358,fixed_12,12.0,0,140.0
short,358,fixed_24,24.0,0,140.0
short,358,fixed_48,48.0,0,140.0
short,358,threshold_reset,120.0,0,140.0
short,358,readiness_current,120.0,0,140.0
short,358,readiness_history,120.0,0,140.0
short,358,oracle,120.0,0,140.0
short,359,fixed_6,6.0,0,140.0
short,359,fixed_12,12.0,0,140.0
short,359,fixed_24,24.0,0,140.0
short,359,fixed_48,48.0,0,140.0
short,359,threshold_reset,120.0,0,140.0
short,359,readiness_current,120.0,0,140.0
short,359,readiness_history,120.0,0,140.0
short,359,oracle,120.0,0,140.0
short,360,fixed_6,6.0,0,140.0
short,360,fixed_12,12.0,0,140.0
short,360,fixed_24,24.0,0,140.0
short,360,fixed_48,48.0,0,140.0
short,360,threshold_reset,120.0,0,140.0
short,360,readiness_current,120.0,0,140.0
short,360,readiness_history,120.0,0,140.0
short,360,oracle,120.0,0,140.0
short,361,fixed_6,6.0,0,140.0
short,361,fixed_12,12.0,0,140.0
short,361,fixed_24,24.0,0,140.0
short,361,fixed_48,48.0,0,140.0
short,361,threshold_reset,120.0,0,140.0
short,361,readiness_current,120.0,0,140.0
short,361,readiness_history,120.0,0,140.0
short,361,oracle,120.0,0,140.0
short,362,fixed_6,6.0,0,140.0
short,362,fixed_12,12.0,0,140.0
short,362,fixed_24,24.0,0,140.0
short,362,fixed_48,48.0,0,140.0
short,362,threshold_reset,120.0,0,140.0
short,362,readiness_current,120.0,0,140.0
short,362,readiness_history,120.0,0,140.0
short,362,oracle,120.0,0,140.0
short,363,fixed_6,6.0,0,140.0
short,363,fixed_12,12.0,0,140.0
short,363,fixed_24,24.0,0,140.0
short,363,fixed_48,48.0,0,140.0
short,363,threshold_reset,120.0,0,140.0
short,363,readiness_current,120.0,0,140.0
short,363,readiness_history,120.0,0,140.0
short,363,oracle,120.0,0,140.0
short,364,fixed_6,6.0,0,140.0
short,364,fixed_12,12.0,0,140.0
short,364,fixed_24,24.0,0,140.0
short,364,fixed_48,48.0,0,140.0
short,364,threshold_reset,120.0,0,140.0
short,364,readiness_current,120.0,0,140.0
short,364,readiness_history,120.0,0,140.0
short,364,oracle,120.0,0,140.0
short,365,fixed_6,6.0,0,140.0
short,365,fixed_12,12.0,0,140.0
short,365,fixed_24,24.0,0,140.0
short,365,fixed_48,48.0,0,140.0
short,365,threshold_reset,120.0,0,140.0
short,365,readiness_current,120.0,0,140.0
short,365,readiness_history,120.0,0,140.0
short,365,oracle,120.0,0,140.0
short,366,fixed_6,6.0,0,140.0
short,366,fixed_12,12.0,0,140.0
short,366,fixed_24,24.0,0,140.0
short,366,fixed_48,48.0,0,140.0
short,366,threshold_reset,120.0,0,140.0
short,366,readiness_current,120.0,0,140.0
short,366,readiness_history,120.0,0,140.0
short,366,oracle,120.0,0,140.0
short,367,fixed_6,6.0,0,140.0
short,367,fixed_12,12.0,0,140.0
short,367,fixed_24,24.0,0,140.0
short,367,fixed_48,48.0,0,140.0
short,367,threshold_reset,120.0,0,140.0
short,367,readiness_current,120.0,0,140.0
short,367,readiness_history,120.0,0,140.0
short,367,oracle,120.0,0,140.0
short,368,fixed_6,6.0,0,140.0
short,368,fixed_12,12.0,0,140.0
short,368,fixed_24,24.0,0,140.0
short,368,fixed_48,48.0,0,140.0
short,368,threshold_reset,120.0,0,140.0
short,368,readiness_current,120.0,0,140.0
short,368,readiness_history,120.0,0,140.0
short,368,oracle,120.0,0,140.0
short,369,fixed_6,6.0,0,140.0
short,369,fixed_12,12.0,0,140.0
short,369,fixed_24,24.0,0,140.0
short,369,fixed_48,48.0,0,140.0
short,369,threshold_reset,120.0,0,140.0
short,369,readiness_current,120.0,0,140.0
short,369,readiness_history,120.0,0,140.0
short,369,oracle,120.0,0,140.0
short,370,fixed_6,6.0,0,140.0
short,370,fixed_12,12.0,0,140.0
short,370,fixed_24,24.0,0,140.0
short,370,fixed_48,48.0,0,140.0
short,370,threshold_reset,120.0,0,140.0
short,370,readiness_current,120.0,0,140.0
short,370,readiness_history,120.0,0,140.0
short,370,oracle,120.0,0,140.0
short,371,fixed_6,6.0,0,140.0
short,371,fixed_12,12.0,0,140.0
short,371,fixed_24,24.0,0,140.0
short,371,fixed_48,48.0,0,140.0
short,371,threshold_reset,120.0,0,140.0
short,371,readiness_current,120.0,0,140.0
short,371,readiness_history,120.0,0,140.0
short,371,oracle,120.0,0,140.0
short,372,fixed_6,6.0,0,140.0
short,372,fixed_12,12.0,0,140.0
short,372,fixed_24,24.0,0,140.0
short,372,fixed_48,48.0,0,140.0
short,372,threshold_reset,120.0,0,140.0
short,372,readiness_current,120.0,0,140.0
short,372,readiness_history,120.0,0,140.0
short,372,oracle,120.0,0,140.0
short,373,fixed_6,6.0,0,140.0
short,373,fixed_12,12.0,0,140.0
short,373,fixed_24,24.0,0,140.0
short,373,fixed_48,48.0,0,140.0
short,373,threshold_reset,120.0,0,140.0
short,373,readiness_current,120.0,0,140.0
short,373,readiness_history,120.0,0,140.0
short,373,oracle,120.0,0,140.0
short,374,fixed_6,6.0,0,140.0
short,374,fixed_12,12.0,0,140.0
short,374,fixed_24,24.0,0,140.0
short,374,fixed_48,48.0,0,140.0
short,374,threshold_reset,120.0,0,140.0
short,374,readiness_current,120.0,0,140.0
short,374,readiness_history,120.0,0,140.0
short,374,oracle,120.0,0,140.0
short,375,fixed_6,6.0,0,140.0
short,375,fixed_12,12.0,0,140.0
short,375,fixed_24,24.0,0,140.0
short,375,fixed_48,48.0,0,140.0
short,375,threshold_reset,120.0,0,140.0
short,375,readiness_current,120.0,0,140.0
short,375,readiness_history,120.0,0,140.0
short,375,oracle,120.0,0,140.0
short,376,fixed_6,6.0,0,140.0
short,376,fixed_12,12.0,0,140.0
short,376,fixed_24,24.0,0,140.0
short,376,fixed_48,48.0,0,140.0
short,376,threshold_reset,120.0,0,140.0
short,376,readiness_current,120.0,0,140.0
short,376,readiness_history,120.0,0,140.0
short,376,oracle,120.0,0,140.0
short,377,fixed_6,6.0,0,140.0
short,377,fixed_12,12.0,0,140.0
short,377,fixed_24,24.0,0,140.0
short,377,fixed_48,48.0,0,140.0
short,377,threshold_reset,120.0,0,140.0
short,377,readiness_current,120.0,0,140.0
short,377,readiness_history,120.0,0,140.0
short,377,oracle,120.0,0,140.0
short,378,fixed_6,6.0,0,140.0
short,378,fixed_12,12.0,0,140.0
short,378,fixed_24,24.0,0,140.0
short,378,fixed_48,48.0,0,140.0
short,378,threshold_reset,120.0,0,140.0
short,378,readiness_current,120.0,0,140.0
short,378,readiness_history,120.0,0,140.0
short,378,oracle,120.0,0,140.0
short,379,fixed_6,6.0,0,140.0
short,379,fixed_12,12.0,0,140.0
short,379,fixed_24,24.0,0,140.0
short,379,fixed_48,48.0,0,140.0
short,379,threshold_reset,120.0,0,140.0
short,379,readiness_current,120.0,0,140.0
short,379,readiness_history,120.0,0,140.0
short,379,oracle,120.0,0,140.0
short,380,fixed_6,6.0,0,140.0
short,380,fixed_12,12.0,0,140.0
short,380,fixed_24,24.0,0,140.0
short,380,fixed_48,48.0,0,140.0
short,380,threshold_reset,120.0,0,140.0
short,380,readiness_current,120.0,0,140.0
short,380,readiness_history,120.0,0,140.0
short,380,oracle,120.0,0,140.0
short,381,fixed_6,6.0,0,140.0
short,381,fixed_12,12.0,0,140.0
short,381,fixed_24,24.0,0,140.0
short,381,fixed_48,48.0,0,140.0
short,381,threshold_reset,120.0,0,140.0
short,381,readiness_current,120.0,0,140.0
short,381,readiness_history,120.0,0,140.0
short,381,oracle,120.0,0,140.0
short,382,fixed_6,6.0,0,140.0
short,382,fixed_12,12.0,0,140.0
short,382,fixed_24,24.0,0,140.0
short,382,fixed_48,48.0,0,140.0
short,382,threshold_reset,120.0,0,140.0
short,382,readiness_current,120.0,0,140.0
short,382,readiness_history,120.0,0,140.0
short,382,oracle,120.0,0,140.0
short,383,fixed_6,6.0,0,140.0
short,383,fixed_12,12.0,0,140.0
short,383,fixed_24,24.0,0,140.0
short,383,fixed_48,48.0,0,140.0
short,383,threshold_reset,120.0,0,140.0
short,383,readiness_current,120.0,0,140.0
short,383,readiness_history,120.0,0,140.0
short,383,oracle,120.0,0,140.0
short,384,fixed_6,6.0,0,140.0
short,384,fixed_12,12.0,0,140.0
short,384,fixed_24,24.0,0,140.0
short,384,fixed_48,48.0,0,140.0
short,384,threshold_reset,120.0,0,140.0
short,384,readiness_current,120.0,0,140.0
short,384,readiness_history,120.0,0,140.0
short,384,oracle,120.0,0,140.0
short,385,fixed_6,6.0,0,140.0
short,385,fixed_12,12.0,0,140.0
short,385,fixed_24,24.0,0,140.0
short,385,fixed_48,48.0,0,140.0
short,385,threshold_reset,120.0,0,140.0
short,385,readiness_current,120.0,0,140.0
short,385,readiness_history,120.0,0,140.0
short,385,oracle,120.0,0,140.0
short,386,fixed_6,6.0,0,140.0
short,386,fixed_12,12.0,0,140.0
short,386,fixed_24,24.0,0,140.0
short,386,fixed_48,48.0,0,140.0
short,386,threshold_reset,120.0,0,140.0
short,386,readiness_current,120.0,0,140.0
short,386,readiness_history,120.0,0,140.0
short,386,oracle,120.0,0,140.0
short,387,fixed_6,6.0,0,140.0
short,387,fixed_12,12.0,0,140.0
short,387,fixed_24,24.0,0,140.0
short,387,fixed_48,48.0,0,140.0
short,387,threshold_reset,120.0,0,140.0
short,387,readiness_current,120.0,0,140.0
short,387,readiness_history,120.0,0,140.0
short,387,oracle,120.0,0,140.0
short,388,fixed_6,6.0,0,140.0
short,388,fixed_12,12.0,0,140.0
short,388,fixed_24,24.0,0,140.0
short,388,fixed_48,48.0,0,140.0
short,388,threshold_reset,120.0,0,140.0
short,388,readiness_current,120.0,0,140.0
short,388,readiness_history,120.0,0,140.0
short,388,oracle,120.0,0,140.0
short,389,fixed_6,6.0,0,140.0
short,389,fixed_12,12.0,0,140.0
short,389,fixed_24,24.0,0,140.0
short,389,fixed_48,48.0,0,140.0
short,389,threshold_reset,120.0,0,140.0
short,389,readiness_current,120.0,0,140.0
short,389,readiness_history,120.0,0,140.0
short,389,oracle,120.0,0,140.0
short,390,fixed_6,6.0,0,140.0
short,390,fixed_12,12.0,0,140.0
short,390,fixed_24,24.0,0,140.0
short,390,fixed_48,48.0,0,140.0
short,390,threshold_reset,120.0,0,140.0
short,390,readiness_current,120.0,0,140.0
short,390,readiness_history,120.0,0,140.0
short,390,oracle,120.0,0,140.0
short,391,fixed_6,6.0,0,140.0
short,391,fixed_12,12.0,0,140.0
short,391,fixed_24,24.0,0,140.0
short,391,fixed_48,48.0,0,140.0
short,391,threshold_reset,120.0,0,140.0
short,391,readiness_current,120.0,0,140.0
short,391,readiness_history,120.0,0,140.0
short,391,oracle,120.0,0,140.0
short,392,fixed_6,6.0,0,140.0
short,392,fixed_12,12.0,0,140.0
short,392,fixed_24,24.0,0,140.0
short,392,fixed_48,48.0,0,140.0
short,392,threshold_reset,120.0,0,140.0
short,392,readiness_current,120.0,0,140.0
short,392,readiness_history,120.0,0,140.0
short,392,oracle,120.0,0,140.0
short,393,fixed_6,6.0,0,140.0
short,393,fixed_12,12.0,0,140.0
short,393,fixed_24,24.0,0,140.0
short,393,fixed_48,48.0,0,140.0
short,393,threshold_reset,120.0,0,140.0
short,393,readiness_current,120.0,0,140.0
short,393,readiness_history,120.0,0,140.0
short,393,oracle,120.0,0,140.0
short,394,fixed_6,6.0,0,140.0
short,394,fixed_12,12.0,0,140.0
short,394,fixed_24,24.0,0,140.0
short,394,fixed_48,48.0,0,140.0
short,394,threshold_reset,120.0,0,140.0
short,394,readiness_current,120.0,0,140.0
short,394,readiness_history,120.0,0,140.0
short,394,oracle,120.0,0,140.0
short,395,fixed_6,6.0,0,140.0
short,395,fixed_12,12.0,0,140.0
short,395,fixed_24,24.0,0,140.0
short,395,fixed_48,48.0,0,140.0
short,395,threshold_reset,120.0,0,140.0
short,395,readiness_current,120.0,0,140.0
short,395,readiness_history,120.0,0,140.0
short,395,oracle,120.0,0,140.0
short,396,fixed_6,6.0,0,140.0
short,396,fixed_12,12.0,0,140.0
short,396,fixed_24,24.0,0,140.0
short,396,fixed_48,48.0,0,140.0
short,396,threshold_reset,120.0,0,140.0
short,396,readiness_current,120.0,0,140.0
short,396,readiness_history,120.0,0,140.0
short,396,oracle,120.0,0,140.0
short,397,fixed_6,6.0,0,140.0
short,397,fixed_12,12.0,0,140.0
short,397,fixed_24,24.0,0,140.0
short,397,fixed_48,48.0,0,140.0
short,397,threshold_reset,120.0,0,140.0
short,397,readiness_current,120.0,0,140.0
short,397,readiness_history,120.0,0,140.0
short,397,oracle,120.0,0,140.0
short,398,fixed_6,6.0,0,140.0
short,398,fixed_12,12.0,0,140.0
short,398,fixed_24,24.0,0,140.0
short,398,fixed_48,48.0,0,140.0
short,398,threshold_reset,120.0,0,140.0
short,398,readiness_current,120.0,0,140.0
short,398,readiness_history,120.0,0,140.0
short,398,oracle,120.0,0,140.0
short,399,fixed_6,6.0,0,140.0
short,399,fixed_12,12.0,0,140.0
short,399,fixed_24,24.0,0,140.0
short,399,fixed_48,48.0,0,140.0
short,399,threshold_reset,120.0,0,140.0
short,399,readiness_current,120.0,0,140.0
short,399,readiness_history,120.0,0,140.0
short,399,oracle,120.0,0,140.0
short,400,fixed_6,6.0,0,140.0
short,400,fixed_12,12.0,0,140.0
short,400,fixed_24,24.0,0,140.0
short,400,fixed_48,48.0,0,140.0
short,400,threshold_reset,120.0,0,140.0
short,400,readiness_current,120.0,0,140.0
short,400,readiness_history,120.0,0,140.0
short,400,oracle,120.0,0,140.0
short,401,fixed_6,6.0,0,140.0
short,401,fixed_12,12.0,0,140.0
short,401,fixed_24,24.0,0,140.0
short,401,fixed_48,48.0,0,140.0
short,401,threshold_reset,120.0,0,140.0
short,401,readiness_current,120.0,0,140.0
short,401,readiness_history,120.0,0,140.0
short,401,oracle,120.0,0,140.0
short,402,fixed_6,6.0,0,140.0
short,402,fixed_12,12.0,0,140.0
short,402,fixed_24,24.0,0,140.0
short,402,fixed_48,48.0,0,140.0
short,402,threshold_reset,120.0,0,140.0
short,402,readiness_current,120.0,0,140.0
short,402,readiness_history,120.0,0,140.0
short,402,oracle,120.0,0,140.0
short,403,fixed_6,6.0,0,140.0
short,403,fixed_12,12.0,0,140.0
short,403,fixed_24,24.0,0,140.0
short,403,fixed_48,48.0,0,140.0
short,403,threshold_reset,120.0,0,140.0
short,403,readiness_current,120.0,0,140.0
short,403,readiness_history,120.0,0,140.0
short,403,oracle,120.0,0,140.0
short,404,fixed_6,6.0,0,140.0
short,404,fixed_12,12.0,0,140.0
short,404,fixed_24,24.0,0,140.0
short,404,fixed_48,48.0,0,140.0
short,404,threshold_reset,120.0,0,140.0
short,404,readiness_current,120.0,0,140.0
short,404,readiness_history,120.0,0,140.0
short,404,oracle,120.0,0,140.0
short,405,fixed_6,6.0,0,140.0
short,405,fixed_12,12.0,0,140.0
short,405,fixed_24,24.0,0,140.0
short,405,fixed_48,48.0,0,140.0
short,405,threshold_reset,120.0,0,140.0
short,405,readiness_current,120.0,0,140.0
short,405,readiness_history,120.0,0,140.0
short,405,oracle,120.0,0,140.0
short,406,fixed_6,6.0,0,140.0
short,406,fixed_12,12.0,0,140.0
short,406,fixed_24,24.0,0,140.0
short,406,fixed_48,48.0,0,140.0
short,406,threshold_reset,120.0,0,140.0
short,406,readiness_current,120.0,0,140.0
short,406,readiness_history,120.0,0,140.0
short,406,oracle,120.0,0,140.0
short,407,fixed_6,6.0,0,140.0
short,407,fixed_12,12.0,0,140.0
short,407,fixed_24,24.0,0,140.0
short,407,fixed_48,48.0,0,140.0
short,407,threshold_reset,120.0,0,140.0
short,407,readiness_current,120.0,0,140.0
short,407,readiness_history,120.0,0,140.0
short,407,oracle,120.0,0,140.0
short,408,fixed_6,6.0,0,140.0
short,408,fixed_12,12.0,0,140.0
short,408,fixed_24,24.0,0,140.0
short,408,fixed_48,48.0,0,140.0
short,408,threshold_reset,120.0,0,140.0
short,408,readiness_current,120.0,0,140.0
short,408,readiness_history,120.0,0,140.0
short,408,oracle,120.0,0,140.0
short,409,fixed_6,6.0,0,140.0
short,409,fixed_12,12.0,0,140.0
short,409,fixed_24,24.0,0,140.0
short,409,fixed_48,48.0,0,140.0
short,409,threshold_reset,120.0,0,140.0
short,409,readiness_current,120.0,0,140.0
short,409,readiness_history,120.0,0,140.0
short,409,oracle,120.0,0,140.0
short,410,fixed_6,6.0,0,140.0
short,410,fixed_12,12.0,0,140.0
short,410,fixed_24,24.0,0,140.0
short,410,fixed_48,48.0,0,140.0
short,410,threshold_reset,120.0,0,140.0
short,410,readiness_current,120.0,0,140.0
short,410,readiness_history,120.0,0,140.0
short,410,oracle,120.0,0,140.0
short,411,fixed_6,6.0,0,140.0
short,411,fixed_12,12.0,0,140.0
short,411,fixed_24,24.0,0,140.0
short,411,fixed_48,48.0,0,140.0
short,411,threshold_reset,120.0,0,140.0
short,411,readiness_current,120.0,0,140.0
short,411,readiness_history,120.0,0,140.0
short,411,oracle,120.0,0,140.0
short,412,fixed_6,6.0,0,140.0
short,412,fixed_12,12.0,0,140.0
short,412,fixed_24,24.0,0,140.0
short,412,fixed_48,48.0,0,140.0
short,412,threshold_reset,120.0,0,140.0
short,412,readiness_current,120.0,0,140.0
short,412,readiness_history,120.0,0,140.0
short,412,oracle,120.0,0,140.0
short,413,fixed_6,6.0,0,140.0
short,413,fixed_12,12.0,0,140.0
short,413,fixed_24,24.0,0,140.0
short,413,fixed_48,48.0,0,140.0
short,413,threshold_reset,120.0,0,140.0
short,413,readiness_current,120.0,0,140.0
short,413,readiness_history,120.0,0,140.0
short,413,oracle,120.0,0,140.0
short,414,fixed_6,6.0,0,140.0
short,414,fixed_12,12.0,0,140.0
short,414,fixed_24,24.0,0,140.0
short,414,fixed_48,48.0,0,140.0
short,414,threshold_reset,120.0,0,140.0
short,414,readiness_current,120.0,0,140.0
short,414,readiness_history,120.0,0,140.0
short,414,oracle,120.0,0,140.0
short,415,fixed_6,6.0,0,140.0
short,415,fixed_12,12.0,0,140.0
short,415,fixed_24,24.0,0,140.0
short,415,fixed_48,48.0,0,140.0
short,415,threshold_reset,120.0,0,140.0
short,415,readiness_current,120.0,0,140.0
short,415,readiness_history,120.0,0,140.0
short,415,oracle,120.0,0,140.0
short,416,fixed_6,6.0,0,140.0
short,416,fixed_12,12.0,0,140.0
short,416,fixed_24,24.0,0,140.0
short,416,fixed_48,48.0,0,140.0
short,416,threshold_reset,120.0,0,140.0
short,416,readiness_current,120.0,0,140.0
short,416,readiness_history,120.0,0,140.0
short,416,oracle,120.0,0,140.0
short,417,fixed_6,6.0,0,140.0
short,417,fixed_12,12.0,0,140.0
short,417,fixed_24,24.0,0,140.0
short,417,fixed_48,48.0,0,140.0
short,417,threshold_reset,120.0,0,140.0
short,417,readiness_current,120.0,0,140.0
short,417,readiness_history,120.0,0,140.0
short,417,oracle,120.0,0,140.0
short,418,fixed_6,6.0,0,140.0
short,418,fixed_12,12.0,0,140.0
short,418,fixed_24,24.0,0,140.0
short,418,fixed_48,48.0,0,140.0
short,418,threshold_reset,120.0,0,140.0
short,418,readiness_current,120.0,0,140.0
short,418,readiness_history,120.0,0,140.0
short,418,oracle,120.0,0,140.0
short,419,fixed_6,6.0,0,140.0
short,419,fixed_12,12.0,0,140.0
short,419,fixed_24,24.0,0,140.0
short,419,fixed_48,48.0,0,140.0
short,419,threshold_reset,120.0,0,140.0
short,419,readiness_current,120.0,0,140.0
short,419,readiness_history,120.0,0,140.0
short,419,oracle,120.0,0,140.0
short,420,fixed_6,6.0,0,140.0
short,420,fixed_12,12.0,0,140.0
short,420,fixed_24,24.0,0,140.0
short,420,fixed_48,48.0,0,140.0
short,420,threshold_reset,120.0,0,140.0
short,420,readiness_current,120.0,0,140.0
short,420,readiness_history,120.0,0,140.0
short,420,oracle,120.0,0,140.0
short,421,fixed_6,6.0,0,140.0
short,421,fixed_12,12.0,0,140.0
short,421,fixed_24,24.0,0,140.0
short,421,fixed_48,48.0,0,140.0
short,421,threshold_reset,120.0,0,140.0
short,421,readiness_current,120.0,0,140.0
short,421,readiness_history,120.0,0,140.0
short,421,oracle,120.0,0,140.0
short,422,fixed_6,6.0,0,140.0
short,422,fixed_12,12.0,0,140.0
short,422,fixed_24,24.0,0,140.0
short,422,fixed_48,48.0,0,140.0
short,422,threshold_reset,120.0,0,140.0
short,422,readiness_current,120.0,0,140.0
short,422,readiness_history,120.0,0,140.0
short,422,oracle,120.0,0,140.0
short,423,fixed_6,6.0,0,140.0
short,423,fixed_12,12.0,0,140.0
short,423,fixed_24,24.0,0,140.0
short,423,fixed_48,48.0,0,140.0
short,423,threshold_reset,120.0,0,140.0
short,423,readiness_current,120.0,0,140.0
short,423,readiness_history,120.0,0,140.0
short,423,oracle,120.0,0,140.0
short,424,fixed_6,6.0,0,140.0
short,424,fixed_12,12.0,0,140.0
short,424,fixed_24,24.0,0,140.0
short,424,fixed_48,48.0,0,140.0
short,424,threshold_reset,120.0,0,140.0
short,424,readiness_current,120.0,0,140.0
short,424,readiness_history,120.0,0,140.0
short,424,oracle,120.0,0,140.0
short,425,fixed_6,6.0,0,140.0
short,425,fixed_12,12.0,0,140.0
short,425,fixed_24,24.0,0,140.0
short,425,fixed_48,48.0,0,140.0
short,425,threshold_reset,120.0,0,140.0
short,425,readiness_current,120.0,0,140.0
short,425,readiness_history,120.0,0,140.0
short,425,oracle,120.0,0,140.0
short,426,fixed_6,6.0,0,140.0
short,426,fixed_12,12.0,0,140.0
short,426,fixed_24,24.0,0,140.0
short,426,fixed_48,48.0,0,140.0
short,426,threshold_reset,120.0,0,140.0
short,426,readiness_current,120.0,0,140.0
short,426,readiness_history,120.0,0,140.0
short,426,oracle,120.0,0,140.0
short,427,fixed_6,6.0,0,140.0
short,427,fixed_12,12.0,0,140.0
short,427,fixed_24,24.0,0,140.0
short,427,fixed_48,48.0,0,140.0
short,427,threshold_reset,120.0,0,140.0
short,427,readiness_current,120.0,0,140.0
short,427,readiness_history,120.0,0,140.0
short,427,oracle,120.0,0,140.0
short,428,fixed_6,6.0,0,140.0
short,428,fixed_12,12.0,0,140.0
short,428,fixed_24,24.0,0,140.0
short,428,fixed_48,48.0,0,140.0
short,428,threshold_reset,120.0,0,140.0
short,428,readiness_current,120.0,0,140.0
short,428,readiness_history,120.0,0,140.0
short,428,oracle,120.0,0,140.0
short,429,fixed_6,6.0,0,140.0
short,429,fixed_12,12.0,0,140.0
short,429,fixed_24,24.0,0,140.0
short,429,fixed_48,48.0,0,140.0
short,429,threshold_reset,120.0,0,140.0
short,429,readiness_current,120.0,0,140.0
short,429,readiness_history,120.0,0,140.0
short,429,oracle,120.0,0,140.0
short,430,fixed_6,6.0,0,140.0
short,430,fixed_12,12.0,0,140.0
short,430,fixed_24,24.0,0,140.0
short,430,fixed_48,48.0,0,140.0
short,430,threshold_reset,120.0,0,140.0
short,430,readiness_current,120.0,0,140.0
short,430,readiness_history,120.0,0,140.0
short,430,oracle,120.0,0,140.0
short,431,fixed_6,6.0,0,140.0
short,431,fixed_12,12.0,0,140.0
short,431,fixed_24,24.0,0,140.0
short,431,fixed_48,48.0,0,140.0
short,431,threshold_reset,120.0,0,140.0
short,431,readiness_current,120.0,0,140.0
short,431,readiness_history,120.0,0,140.0
short,431,oracle,120.0,0,140.0
short,432,fixed_6,6.0,0,140.0
short,432,fixed_12,12.0,0,140.0
short,432,fixed_24,24.0,0,140.0
short,432,fixed_48,48.0,0,140.0
short,432,threshold_reset,120.0,0,140.0
short,432,readiness_current,120.0,0,140.0
short,432,readiness_history,120.0,0,140.0
short,432,oracle,120.0,0,140.0
short,433,fixed_6,6.0,0,140.0
short,433,fixed_12,12.0,0,140.0
short,433,fixed_24,24.0,0,140.0
short,433,fixed_48,48.0,0,140.0
short,433,threshold_reset,120.0,0,140.0
short,433,readiness_current,120.0,0,140.0
short,433,readiness_history,120.0,0,140.0
short,433,oracle,120.0,0,140.0
short,434,fixed_6,6.0,0,140.0
short,434,fixed_12,12.0,0,140.0
short,434,fixed_24,24.0,0,140.0
short,434,fixed_48,48.0,0,140.0
short,434,threshold_reset,120.0,0,140.0
short,434,readiness_current,120.0,0,140.0
short,434,readiness_history,120.0,0,140.0
short,434,oracle,120.0,0,140.0
short,435,fixed_6,6.0,0,140.0
short,435,fixed_12,12.0,0,140.0
short,435,fixed_24,24.0,0,140.0
short,435,fixed_48,48.0,0,140.0
short,435,threshold_reset,120.0,0,140.0
short,435,readiness_current,120.0,0,140.0
short,435,readiness_history,120.0,0,140.0
short,435,oracle,120.0,0,140.0
short,436,fixed_6,6.0,0,140.0
short,436,fixed_12,12.0,0,140.0
short,436,fixed_24,24.0,0,140.0
short,436,fixed_48,48.0,0,140.0
short,436,threshold_reset,120.0,0,140.0
short,436,readiness_current,120.0,0,140.0
short,436,readiness_history,120.0,0,140.0
short,436,oracle,120.0,0,140.0
short,437,fixed_6,6.0,0,140.0
short,437,fixed_12,12.0,0,140.0
short,437,fixed_24,24.0,0,140.0
short,437,fixed_48,48.0,0,140.0
short,437,threshold_reset,120.0,0,140.0
short,437,readiness_current,120.0,0,140.0
short,437,readiness_history,120.0,0,140.0
short,437,oracle,120.0,0,140.0
short,438,fixed_6,6.0,0,140.0
short,438,fixed_12,12.0,0,140.0
short,438,fixed_24,24.0,0,140.0
short,438,fixed_48,48.0,0,140.0
short,438,threshold_reset,120.0,0,140.0
short,438,readiness_current,120.0,0,140.0
short,438,readiness_history,120.0,0,140.0
short,438,oracle,120.0,0,140.0
short,439,fixed_6,6.0,0,140.0
short,439,fixed_12,12.0,0,140.0
short,439,fixed_24,24.0,0,140.0
short,439,fixed_48,48.0,0,140.0
short,439,threshold_reset,120.0,0,140.0
short,439,readiness_current,120.0,0,140.0
short,439,readiness_history,120.0,0,140.0
short,439,oracle,120.0,0,140.0
short,440,fixed_6,6.0,0,140.0
short,440,fixed_12,12.0,0,140.0
short,440,fixed_24,24.0,0,140.0
short,440,fixed_48,48.0,0,140.0
short,440,threshold_reset,120.0,0,140.0
short,440,readiness_current,120.0,0,140.0
short,440,readiness_history,120.0,0,140.0
short,440,oracle,120.0,0,140.0
short,441,fixed_6,6.0,0,140.0
short,441,fixed_12,12.0,0,140.0
short,441,fixed_24,24.0,0,140.0
short,441,fixed_48,48.0,0,140.0
short,441,threshold_reset,120.0,0,140.0
short,441,readiness_current,120.0,0,140.0
short,441,readiness_history,120.0,0,140.0
short,441,oracle,120.0,0,140.0
short,442,fixed_6,6.0,0,140.0
short,442,fixed_12,12.0,0,140.0
short,442,fixed_24,24.0,0,140.0
short,442,fixed_48,48.0,0,140.0
short,442,threshold_reset,120.0,0,140.0
short,442,readiness_current,120.0,0,140.0
short,442,readiness_history,120.0,0,140.0
short,442,oracle,120.0,0,140.0
short,443,fixed_6,6.0,0,140.0
short,443,fixed_12,12.0,0,140.0
short,443,fixed_24,24.0,0,140.0
short,443,fixed_48,48.0,0,140.0
short,443,threshold_reset,120.0,0,140.0
short,443,readiness_current,120.0,0,140.0
short,443,readiness_history,120.0,0,140.0
short,443,oracle,120.0,0,140.0
short,444,fixed_6,6.0,0,140.0
short,444,fixed_12,12.0,0,140.0
short,444,fixed_24,24.0,0,140.0
short,444,fixed_48,48.0,0,140.0
short,444,threshold_reset,120.0,0,140.0
short,444,readiness_current,120.0,0,140.0
short,444,readiness_history,120.0,0,140.0
short,444,oracle,120.0,0,140.0
short,445,fixed_6,6.0,0,140.0
short,445,fixed_12,12.0,0,140.0
short,445,fixed_24,24.0,0,140.0
short,445,fixed_48,48.0,0,140.0
short,445,threshold_reset,120.0,0,140.0
short,445,readiness_current,120.0,0,140.0
short,445,readiness_history,120.0,0,140.0
short,445,oracle,120.0,0,140.0
short,446,fixed_6,6.0,0,140.0
short,446,fixed_12,12.0,0,140.0
short,446,fixed_24,24.0,0,140.0
short,446,fixed_48,48.0,0,140.0
short,446,threshold_reset,120.0,0,140.0
short,446,readiness_current,120.0,0,140.0
short,446,readiness_history,120.0,0,140.0
short,446,oracle,120.0,0,140.0
short,447,fixed_6,6.0,0,140.0
short,447,fixed_12,12.0,0,140.0
short,447,fixed_24,24.0,0,140.0
short,447,fixed_48,48.0,0,140.0
short,447,threshold_reset,120.0,0,140.0
short,447,readiness_current,120.0,0,140.0
short,447,readiness_history,120.0,0,140.0
short,447,oracle,120.0,0,140.0
short,448,fixed_6,6.0,0,140.0
short,448,fixed_12,12.0,0,140.0
short,448,fixed_24,24.0,0,140.0
short,448,fixed_48,48.0,0,140.0
short,448,threshold_reset,120.0,0,140.0
short,448,readiness_current,120.0,0,140.0
short,448,readiness_history,120.0,0,140.0
short,448,oracle,120.0,0,140.0
short,449,fixed_6,6.0,0,140.0
short,449,fixed_12,12.0,0,140.0
short,449,fixed_24,24.0,0,140.0
short,449,fixed_48,48.0,0,140.0
short,449,threshold_reset,120.0,0,140.0
short,449,readiness_current,120.0,0,140.0
short,449,readiness_history,120.0,0,140.0
short,449,oracle,120.0,0,140.0
short,450,fixed_6,6.0,0,140.0
short,450,fixed_12,12.0,0,140.0
short,450,fixed_24,24.0,0,140.0
short,450,fixed_48,48.0,0,140.0
short,450,threshold_reset,120.0,0,140.0
short,450,readiness_current,120.0,0,140.0
short,450,readiness_history,120.0,0,140.0
short,450,oracle,120.0,0,140.0
short,451,fixed_6,6.0,0,140.0
short,451,fixed_12,12.0,0,140.0
short,451,fixed_24,24.0,0,140.0
short,451,fixed_48,48.0,0,140.0
short,451,threshold_reset,120.0,0,140.0
short,451,readiness_current,120.0,0,140.0
short,451,readiness_history,120.0,0,140.0
short,451,oracle,120.0,0,140.0
short,452,fixed_6,6.0,0,140.0
short,452,fixed_12,12.0,0,140.0
short,452,fixed_24,24.0,0,140.0
short,452,fixed_48,48.0,0,140.0
short,452,threshold_reset,120.0,0,140.0
short,452,readiness_current,120.0,0,140.0
short,452,readiness_history,120.0,0,140.0
short,452,oracle,120.0,0,140.0
short,453,fixed_6,6.0,0,140.0
short,453,fixed_12,12.0,0,140.0
short,453,fixed_24,24.0,0,140.0
short,453,fixed_48,48.0,0,140.0
short,453,threshold_reset,120.0,0,140.0
short,453,readiness_current,120.0,0,140.0
short,453,readiness_history,120.0,0,140.0
short,453,oracle,120.0,0,140.0
short,454,fixed_6,6.0,0,140.0
short,454,fixed_12,12.0,0,140.0
short,454,fixed_24,24.0,0,140.0
short,454,fixed_48,48.0,0,140.0
short,454,threshold_reset,120.0,0,140.0
short,454,readiness_current,120.0,0,140.0
short,454,readiness_history,120.0,0,140.0
short,454,oracle,120.0,0,140.0
short,455,fixed_6,6.0,0,140.0
short,455,fixed_12,12.0,0,140.0
short,455,fixed_24,24.0,0,140.0
short,455,fixed_48,48.0,0,140.0
short,455,threshold_reset,120.0,0,140.0
short,455,readiness_current,120.0,0,140.0
short,455,readiness_history,120.0,0,140.0
short,455,oracle,120.0,0,140.0
short,456,fixed_6,6.0,0,140.0
short,456,fixed_12,12.0,0,140.0
short,456,fixed_24,24.0,0,140.0
short,456,fixed_48,48.0,0,140.0
short,456,threshold_reset,120.0,0,140.0
short,456,readiness_current,120.0,0,140.0
short,456,readiness_history,120.0,0,140.0
short,456,oracle,120.0,0,140.0
short,457,fixed_6,6.0,0,140.0
short,457,fixed_12,12.0,0,140.0
short,457,fixed_24,24.0,0,140.0
short,457,fixed_48,48.0,0,140.0
short,457,threshold_reset,120.0,0,140.0
short,457,readiness_current,120.0,0,140.0
short,457,readiness_history,120.0,0,140.0
short,457,oracle,120.0,0,140.0
short,458,fixed_6,6.0,0,140.0
short,458,fixed_12,12.0,0,140.0
short,458,fixed_24,24.0,0,140.0
short,458,fixed_48,48.0,0,140.0
short,458,threshold_reset,120.0,0,140.0
short,458,readiness_current,120.0,0,140.0
short,458,readiness_history,120.0,0,140.0
short,458,oracle,120.0,0,140.0
short,459,fixed_6,6.0,0,140.0
short,459,fixed_12,12.0,0,140.0
short,459,fixed_24,24.0,0,140.0
short,459,fixed_48,48.0,0,140.0
short,459,threshold_reset,120.0,0,140.0
short,459,readiness_current,120.0,0,140.0
short,459,readiness_history,120.0,0,140.0
short,459,oracle,120.0,0,140.0
short,460,fixed_6,6.0,0,140.0
short,460,fixed_12,12.0,0,140.0
short,460,fixed_24,24.0,0,140.0
short,460,fixed_48,48.0,0,140.0
short,460,threshold_reset,120.0,0,140.0
short,460,readiness_current,120.0,0,140.0
short,460,readiness_history,120.0,0,140.0
short,460,oracle,120.0,0,140.0
short,461,fixed_6,6.0,0,140.0
short,461,fixed_12,12.0,0,140.0
short,461,fixed_24,24.0,0,140.0
short,461,fixed_48,48.0,0,140.0
short,461,threshold_reset,120.0,0,140.0
short,461,readiness_current,120.0,0,140.0
short,461,readiness_history,120.0,0,140.0
short,461,oracle,120.0,0,140.0
short,462,fixed_6,6.0,0,140.0
short,462,fixed_12,12.0,0,140.0
short,462,fixed_24,24.0,0,140.0
short,462,fixed_48,48.0,0,140.0
short,462,threshold_reset,120.0,0,140.0
short,462,readiness_current,120.0,0,140.0
short,462,readiness_history,120.0,0,140.0
short,462,oracle,120.0,0,140.0
short,463,fixed_6,6.0,0,140.0
short,463,fixed_12,12.0,0,140.0
short,463,fixed_24,24.0,0,140.0
short,463,fixed_48,48.0,0,140.0
short,463,threshold_reset,120.0,0,140.0
short,463,readiness_current,120.0,0,140.0
short,463,readiness_history,120.0,0,140.0
short,463,oracle,120.0,0,140.0
short,464,fixed_6,6.0,0,140.0
short,464,fixed_12,12.0,0,140.0
short,464,fixed_24,24.0,0,140.0
short,464,fixed_48,48.0,0,140.0
short,464,threshold_reset,120.0,0,140.0
short,464,readiness_current,120.0,0,140.0
short,464,readiness_history,120.0,0,140.0
short,464,oracle,120.0,0,140.0
short,465,fixed_6,6.0,0,140.0
short,465,fixed_12,12.0,0,140.0
short,465,fixed_24,24.0,0,140.0
short,465,fixed_48,48.0,0,140.0
short,465,threshold_reset,120.0,0,140.0
short,465,readiness_current,120.0,0,140.0
short,465,readiness_history,120.0,0,140.0
short,465,oracle,120.0,0,140.0
short,466,fixed_6,6.0,0,140.0
short,466,fixed_12,12.0,0,140.0
short,466,fixed_24,24.0,0,140.0
short,466,fixed_48,48.0,0,140.0
short,466,threshold_reset,120.0,0,140.0
short,466,readiness_current,120.0,0,140.0
short,466,readiness_history,120.0,0,140.0
short,466,oracle,120.0,0,140.0
short,467,fixed_6,6.0,0,140.0
short,467,fixed_12,12.0,0,140.0
short,467,fixed_24,24.0,0,140.0
short,467,fixed_48,48.0,0,140.0
short,467,threshold_reset,120.0,0,140.0
short,467,readiness_current,120.0,0,140.0
short,467,readiness_history,120.0,0,140.0
short,467,oracle,120.0,0,140.0
short,468,fixed_6,6.0,0,140.0
short,468,fixed_12,12.0,0,140.0
short,468,fixed_24,24.0,0,140.0
short,468,fixed_48,48.0,0,140.0
short,468,threshold_reset,120.0,0,140.0
short,468,readiness_current,120.0,0,140.0
short,468,readiness_history,120.0,0,140.0
short,468,oracle,120.0,0,140.0
short,469,fixed_6,6.0,0,140.0
short,469,fixed_12,12.0,0,140.0
short,469,fixed_24,24.0,0,140.0
short,469,fixed_48,48.0,0,140.0
short,469,threshold_reset,120.0,0,140.0
short,469,readiness_current,120.0,0,140.0
short,469,readiness_history,120.0,0,140.0
short,469,oracle,120.0,0,140.0
short,470,fixed_6,6.0,0,140.0
short,470,fixed_12,12.0,0,140.0
short,470,fixed_24,24.0,0,140.0
short,470,fixed_48,48.0,0,140.0
short,470,threshold_reset,120.0,0,140.0
short,470,readiness_current,120.0,0,140.0
short,470,readiness_history,120.0,0,140.0
short,470,oracle,120.0,0,140.0
short,471,fixed_6,6.0,0,140.0
short,471,fixed_12,12.0,0,140.0
short,471,fixed_24,24.0,0,140.0
short,471,fixed_48,48.0,0,140.0
short,471,threshold_reset,120.0,0,140.0
short,471,readiness_current,120.0,0,140.0
short,471,readiness_history,120.0,0,140.0
short,471,oracle,120.0,0,140.0
short,472,fixed_6,6.0,0,140.0
short,472,fixed_12,12.0,0,140.0
short,472,fixed_24,24.0,0,140.0
short,472,fixed_48,48.0,0,140.0
short,472,threshold_reset,120.0,0,140.0
short,472,readiness_current,120.0,0,140.0
short,472,readiness_history,120.0,0,140.0
short,472,oracle,120.0,0,140.0
short,473,fixed_6,6.0,0,140.0
short,473,fixed_12,12.0,0,140.0
short,473,fixed_24,24.0,0,140.0
short,473,fixed_48,48.0,0,140.0
short,473,threshold_reset,120.0,0,140.0
short,473,readiness_current,120.0,0,140.0
short,473,readiness_history,120.0,0,140.0
short,473,oracle,120.0,0,140.0
short,474,fixed_6,6.0,0,140.0
short,474,fixed_12,12.0,0,140.0
short,474,fixed_24,24.0,0,140.0
short,474,fixed_48,48.0,0,140.0
short,474,threshold_reset,120.0,0,140.0
short,474,readiness_current,120.0,0,140.0
short,474,readiness_history,120.0,0,140.0
short,474,oracle,120.0,0,140.0
short,475,fixed_6,6.0,0,140.0
short,475,fixed_12,12.0,0,140.0
short,475,fixed_24,24.0,0,140.0
short,475,fixed_48,48.0,0,140.0
short,475,threshold_reset,120.0,0,140.0
short,475,readiness_current,120.0,0,140.0
short,475,readiness_history,120.0,0,140.0
short,475,oracle,120.0,0,140.0
short,476,fixed_6,6.0,0,140.0
short,476,fixed_12,12.0,0,140.0
short,476,fixed_24,24.0,0,140.0
short,476,fixed_48,48.0,0,140.0
short,476,threshold_reset,120.0,0,140.0
short,476,readiness_current,120.0,0,140.0
short,476,readiness_history,120.0,0,140.0
short,476,oracle,120.0,0,140.0
short,477,fixed_6,6.0,0,140.0
short,477,fixed_12,12.0,0,140.0
short,477,fixed_24,24.0,0,140.0
short,477,fixed_48,48.0,0,140.0
short,477,threshold_reset,120.0,0,140.0
short,477,readiness_current,120.0,0,140.0
short,477,readiness_history,120.0,0,140.0
short,477,oracle,120.0,0,140.0
short,478,fixed_6,6.0,0,140.0
short,478,fixed_12,12.0,0,140.0
short,478,fixed_24,24.0,0,140.0
short,478,fixed_48,48.0,0,140.0
short,478,threshold_reset,120.0,0,140.0
short,478,readiness_current,120.0,0,140.0
short,478,readiness_history,120.0,0,140.0
short,478,oracle,120.0,0,140.0
short,479,fixed_6,6.0,0,140.0
short,479,fixed_12,12.0,0,140.0
short,479,fixed_24,24.0,0,140.0
short,479,fixed_48,48.0,0,140.0
short,479,threshold_reset,120.0,0,140.0
short,479,readiness_current,120.0,0,140.0
short,479,readiness_history,120.0,0,140.0
short,479,oracle,120.0,0,140.0
short,480,fixed_6,6.0,0,140.0
short,480,fixed_12,12.0,0,140.0
short,480,fixed_24,24.0,0,140.0
short,480,fixed_48,48.0,0,140.0
short,480,threshold_reset,120.0,0,140.0
short,480,readiness_current,120.0,0,140.0
short,480,readiness_history,120.0,0,140.0
short,480,oracle,120.0,0,140.0
short,481,fixed_6,6.0,0,140.0
short,481,fixed_12,12.0,0,140.0
short,481,fixed_24,24.0,0,140.0
short,481,fixed_48,48.0,0,140.0
short,481,threshold_reset,120.0,0,140.0
short,481,readiness_current,120.0,0,140.0
short,481,readiness_history,120.0,0,140.0
short,481,oracle,120.0,0,140.0
short,482,fixed_6,6.0,0,140.0
short,482,fixed_12,12.0,0,140.0
short,482,fixed_24,24.0,0,140.0
short,482,fixed_48,48.0,0,140.0
short,482,threshold_reset,120.0,0,140.0
short,482,readiness_current,120.0,0,140.0
short,482,readiness_history,120.0,0,140.0
short,482,oracle,120.0,0,140.0
short,483,fixed_6,6.0,0,140.0
short,483,fixed_12,12.0,0,140.0
short,483,fixed_24,24.0,0,140.0
short,483,fixed_48,48.0,0,140.0
short,483,threshold_reset,120.0,0,140.0
short,483,readiness_current,120.0,0,140.0
short,483,readiness_history,120.0,0,140.0
short,483,oracle,120.0,0,140.0
short,484,fixed_6,6.0,0,140.0
short,484,fixed_12,12.0,0,140.0
short,484,fixed_24,24.0,0,140.0
short,484,fixed_48,48.0,0,140.0
short,484,threshold_reset,120.0,0,140.0
short,484,readiness_current,120.0,0,140.0
short,484,readiness_history,120.0,0,140.0
short,484,oracle,120.0,0,140.0
short,485,fixed_6,6.0,0,140.0
short,485,fixed_12,12.0,0,140.0
short,485,fixed_24,24.0,0,140.0
short,485,fixed_48,48.0,0,140.0
short,485,threshold_reset,120.0,0,140.0
short,485,readiness_current,120.0,0,140.0
short,485,readiness_history,120.0,0,140.0
short,485,oracle,120.0,0,140.0
short,486,fixed_6,6.0,0,140.0
short,486,fixed_12,12.0,0,140.0
short,486,fixed_24,24.0,0,140.0
short,486,fixed_48,48.0,0,140.0
short,486,threshold_reset,120.0,0,140.0
short,486,readiness_current,120.0,0,140.0
short,486,readiness_history,120.0,0,140.0
short,486,oracle,120.0,0,140.0
short,487,fixed_6,6.0,0,140.0
short,487,fixed_12,12.0,0,140.0
short,487,fixed_24,24.0,0,140.0
short,487,fixed_48,48.0,0,140.0
short,487,threshold_reset,120.0,0,140.0
short,487,readiness_current,120.0,0,140.0
short,487,readiness_history,120.0,0,140.0
short,487,oracle,120.0,0,140.0
short,488,fixed_6,6.0,0,140.0
short,488,fixed_12,12.0,0,140.0
short,488,fixed_24,24.0,0,140.0
short,488,fixed_48,48.0,0,140.0
short,488,threshold_reset,120.0,0,140.0
short,488,readiness_current,120.0,0,140.0
short,488,readiness_history,120.0,0,140.0
short,488,oracle,120.0,0,140.0
short,489,fixed_6,6.0,0,140.0
short,489,fixed_12,12.0,0,140.0
short,489,fixed_24,24.0,0,140.0
short,489,fixed_48,48.0,0,140.0
short,489,threshold_reset,120.0,0,140.0
short,489,readiness_current,120.0,0,140.0
short,489,readiness_history,120.0,0,140.0
short,489,oracle,120.0,0,140.0
short,490,fixed_6,6.0,0,140.0
short,490,fixed_12,12.0,0,140.0
short,490,fixed_24,24.0,0,140.0
short,490,fixed_48,48.0,0,140.0
short,490,threshold_reset,120.0,0,140.0
short,490,readiness_current,120.0,0,140.0
short,490,readiness_history,120.0,0,140.0
short,490,oracle,120.0,0,140.0
short,491,fixed_6,6.0,0,140.0
short,491,fixed_12,12.0,0,140.0
short,491,fixed_24,24.0,0,140.0
short,491,fixed_48,48.0,0,140.0
short,491,threshold_reset,120.0,0,140.0
short,491,readiness_current,120.0,0,140.0
short,491,readiness_history,120.0,0,140.0
short,491,oracle,120.0,0,140.0
short,492,fixed_6,6.0,0,140.0
short,492,fixed_12,12.0,0,140.0
short,492,fixed_24,24.0,0,140.0
short,492,fixed_48,48.0,0,140.0
short,492,threshold_reset,120.0,0,140.0
short,492,readiness_current,120.0,0,140.0
short,492,readiness_history,120.0,0,140.0
short,492,oracle,120.0,0,140.0
short,493,fixed_6,6.0,0,140.0
short,493,fixed_12,12.0,0,140.0
short,493,fixed_24,24.0,0,140.0
short,493,fixed_48,48.0,0,140.0
short,493,threshold_reset,120.0,0,140.0
short,493,readiness_current,120.0,0,140.0
short,493,readiness_history,120.0,0,140.0
short,493,oracle,120.0,0,140.0
short,494,fixed_6,6.0,0,140.0
short,494,fixed_12,12.0,0,140.0
short,494,fixed_24,24.0,0,140.0
short,494,fixed_48,48.0,0,140.0
short,494,threshold_reset,120.0,0,140.0
short,494,readiness_current,120.0,0,140.0
short,494,readiness_history,120.0,0,140.0
short,494,oracle,120.0,0,140.0
short,495,fixed_6,6.0,0,140.0
short,495,fixed_12,12.0,0,140.0
short,495,fixed_24,24.0,0,140.0
short,495,fixed_48,48.0,0,140.0
short,495,threshold_reset,120.0,0,140.0
short,495,readiness_current,120.0,0,140.0
short,495,readiness_history,120.0,0,140.0
short,495,oracle,120.0,0,140.0
short,496,fixed_6,6.0,0,140.0
short,496,fixed_12,12.0,0,140.0
short,496,fixed_24,24.0,0,140.0
short,496,fixed_48,48.0,0,140.0
short,496,threshold_reset,120.0,0,140.0
short,496,readiness_current,120.0,0,140.0
short,496,readiness_history,120.0,0,140.0
short,496,oracle,120.0,0,140.0
short,497,fixed_6,6.0,0,140.0
short,497,fixed_12,12.0,0,140.0
short,497,fixed_24,24.0,0,140.0
short,497,fixed_48,48.0,0,140.0
short,497,threshold_reset,120.0,0,140.0
short,497,readiness_current,120.0,0,140.0
short,497,readiness_history,120.0,0,140.0
short,497,oracle,120.0,0,140.0
short,498,fixed_6,6.0,0,140.0
short,498,fixed_12,12.0,0,140.0
short,498,fixed_24,24.0,0,140.0
short,498,fixed_48,48.0,0,140.0
short,498,threshold_reset,120.0,0,140.0
short,498,readiness_current,120.0,0,140.0
short,498,readiness_history,120.0,0,140.0
short,498,oracle,120.0,0,140.0
short,499,fixed_6,6.0,0,140.0
short,499,fixed_12,12.0,0,140.0
short,499,fixed_24,24.0,0,140.0
short,499,fixed_48,48.0,0,140.0
short,499,threshold_reset,120.0,0,140.0
short,499,readiness_current,120.0,0,140.0
short,499,readiness_history,120.0,0,140.0
short,499,oracle,120.0,0,140.0
short,500,fixed_6,6.0,0,140.0
short,500,fixed_12,12.0,0,140.0
short,500,fixed_24,24.0,0,140.0
short,500,fixed_48,48.0,0,140.0
short,500,threshold_reset,120.0,0,140.0
short,500,readiness_current,120.0,0,140.0
short,500,readiness_history,120.0,0,140.0
short,500,oracle,120.0,0,140.0
short,501,fixed_6,6.0,0,140.0
short,501,fixed_12,12.0,0,140.0
short,501,fixed_24,24.0,0,140.0
short,501,fixed_48,48.0,0,140.0
short,501,threshold_reset,120.0,0,140.0
short,501,readiness_current,120.0,0,140.0
short,501,readiness_history,120.0,0,140.0
short,501,oracle,120.0,0,140.0
short,502,fixed_6,6.0,0,140.0
short,502,fixed_12,12.0,0,140.0
short,502,fixed_24,24.0,0,140.0
short,502,fixed_48,48.0,0,140.0
short,502,threshold_reset,120.0,0,140.0
short,502,readiness_current,120.0,0,140.0
short,502,readiness_history,120.0,0,140.0
short,502,oracle,120.0,0,140.0
short,503,fixed_6,6.0,0,140.0
short,503,fixed_12,12.0,0,140.0
short,503,fixed_24,24.0,0,140.0
short,503,fixed_48,48.0,0,140.0
short,503,threshold_reset,120.0,0,140.0
short,503,readiness_current,120.0,0,140.0
short,503,readiness_history,120.0,0,140.0
short,503,oracle,120.0,0,140.0
short,504,fixed_6,6.0,0,140.0
short,504,fixed_12,12.0,0,140.0
short,504,fixed_24,24.0,0,140.0
short,504,fixed_48,48.0,0,140.0
short,504,threshold_reset,120.0,0,140.0
short,504,readiness_current,120.0,0,140.0
short,504,readiness_history,120.0,0,140.0
short,504,oracle,120.0,0,140.0
short,505,fixed_6,6.0,0,140.0
short,505,fixed_12,12.0,0,140.0
short,505,fixed_24,24.0,0,140.0
short,505,fixed_48,48.0,0,140.0
short,505,threshold_reset,120.0,0,140.0
short,505,readiness_current,120.0,0,140.0
short,505,readiness_history,120.0,0,140.0
short,505,oracle,120.0,0,140.0
short,506,fixed_6,6.0,0,140.0
short,506,fixed_12,12.0,0,140.0
short,506,fixed_24,24.0,0,140.0
short,506,fixed_48,48.0,0,140.0
short,506,threshold_reset,120.0,0,140.0
short,506,readiness_current,120.0,0,140.0
short,506,readiness_history,120.0,0,140.0
short,506,oracle,120.0,0,140.0
short,507,fixed_6,6.0,0,140.0
short,507,fixed_12,12.0,0,140.0
short,507,fixed_24,24.0,0,140.0
short,507,fixed_48,48.0,0,140.0
short,507,threshold_reset,120.0,0,140.0
short,507,readiness_current,120.0,0,140.0
short,507,readiness_history,120.0,0,140.0
short,507,oracle,120.0,0,140.0
short,508,fixed_6,6.0,0,140.0
short,508,fixed_12,12.0,0,140.0
short,508,fixed_24,24.0,0,140.0
short,508,fixed_48,48.0,0,140.0
short,508,threshold_reset,120.0,0,140.0
short,508,readiness_current,120.0,0,140.0
short,508,readiness_history,120.0,0,140.0
short,508,oracle,120.0,0,140.0
short,509,fixed_6,6.0,0,140.0
short,509,fixed_12,12.0,0,140.0
short,509,fixed_24,24.0,0,140.0
short,509,fixed_48,48.0,0,140.0
short,509,threshold_reset,120.0,0,140.0
short,509,readiness_current,120.0,0,140.0
short,509,readiness_history,120.0,0,140.0
short,509,oracle,120.0,0,140.0
short,510,fixed_6,6.0,0,140.0
short,510,fixed_12,12.0,0,140.0
short,510,fixed_24,24.0,0,140.0
short,510,fixed_48,48.0,0,140.0
short,510,threshold_reset,120.0,0,140.0
short,510,readiness_current,120.0,0,140.0
short,510,readiness_history,120.0,0,140.0
short,510,oracle,120.0,0,140.0
short,511,fixed_6,6.0,0,140.0
short,511,fixed_12,12.0,0,140.0
short,511,fixed_24,24.0,0,140.0
short,511,fixed_48,48.0,0,140.0
short,511,threshold_reset,120.0,0,140.0
short,511,readiness_current,120.0,0,140.0
short,511,readiness_history,120.0,0,140.0
short,511,oracle,120.0,0,140.0
short,512,fixed_6,6.0,0,140.0
short,512,fixed_12,12.0,0,140.0
short,512,fixed_24,24.0,0,140.0
short,512,fixed_48,48.0,0,140.0
short,512,threshold_reset,120.0,0,140.0
short,512,readiness_current,120.0,0,140.0
short,512,readiness_history,120.0,0,140.0
short,512,oracle,120.0,0,140.0
short,513,fixed_6,6.0,0,140.0
short,513,fixed_12,12.0,0,140.0
short,513,fixed_24,24.0,0,140.0
short,513,fixed_48,48.0,0,140.0
short,513,threshold_reset,120.0,0,140.0
short,513,readiness_current,120.0,0,140.0
short,513,readiness_history,120.0,0,140.0
short,513,oracle,120.0,0,140.0
short,514,fixed_6,6.0,0,140.0
short,514,fixed_12,12.0,0,140.0
short,514,fixed_24,24.0,0,140.0
short,514,fixed_48,48.0,0,140.0
short,514,threshold_reset,120.0,0,140.0
short,514,readiness_current,120.0,0,140.0
short,514,readiness_history,120.0,0,140.0
short,514,oracle,120.0,0,140.0
short,515,fixed_6,6.0,0,140.0
short,515,fixed_12,12.0,0,140.0
short,515,fixed_24,24.0,0,140.0
short,515,fixed_48,48.0,0,140.0
short,515,threshold_reset,120.0,0,140.0
short,515,readiness_current,120.0,0,140.0
short,515,readiness_history,120.0,0,140.0
short,515,oracle,120.0,0,140.0
short,516,fixed_6,6.0,0,140.0
short,516,fixed_12,12.0,0,140.0
short,516,fixed_24,24.0,0,140.0
short,516,fixed_48,48.0,0,140.0
short,516,threshold_reset,120.0,0,140.0
short,516,readiness_current,120.0,0,140.0
short,516,readiness_history,120.0,0,140.0
short,516,oracle,120.0,0,140.0
short,517,fixed_6,6.0,0,140.0
short,517,fixed_12,12.0,0,140.0
short,517,fixed_24,24.0,0,140.0
short,517,fixed_48,48.0,0,140.0
short,517,threshold_reset,120.0,0,140.0
short,517,readiness_current,120.0,0,140.0
short,517,readiness_history,120.0,0,140.0
short,517,oracle,120.0,0,140.0
short,518,fixed_6,6.0,0,140.0
short,518,fixed_12,12.0,0,140.0
short,518,fixed_24,24.0,0,140.0
short,518,fixed_48,48.0,0,140.0
short,518,threshold_reset,120.0,0,140.0
short,518,readiness_current,120.0,0,140.0
short,518,readiness_history,120.0,0,140.0
short,518,oracle,120.0,0,140.0
short,519,fixed_6,6.0,0,140.0
short,519,fixed_12,12.0,0,140.0
short,519,fixed_24,24.0,0,140.0
short,519,fixed_48,48.0,0,140.0
short,519,threshold_reset,120.0,0,140.0
short,519,readiness_current,120.0,0,140.0
short,519,readiness_history,120.0,0,140.0
short,519,oracle,120.0,0,140.0
short,520,fixed_6,6.0,0,140.0
short,520,fixed_12,12.0,0,140.0
short,520,fixed_24,24.0,0,140.0
short,520,fixed_48,48.0,0,140.0
short,520,threshold_reset,120.0,0,140.0
short,520,readiness_current,120.0,0,140.0
short,520,readiness_history,120.0,0,140.0
short,520,oracle,120.0,0,140.0
short,521,fixed_6,6.0,0,140.0
short,521,fixed_12,12.0,0,140.0
short,521,fixed_24,24.0,0,140.0
short,521,fixed_48,48.0,0,140.0
short,521,threshold_reset,120.0,0,140.0
short,521,readiness_current,120.0,0,140.0
short,521,readiness_history,120.0,0,140.0
short,521,oracle,120.0,0,140.0
short,522,fixed_6,6.0,0,140.0
short,522,fixed_12,12.0,0,140.0
short,522,fixed_24,24.0,0,140.0
short,522,fixed_48,48.0,0,140.0
short,522,threshold_reset,120.0,0,140.0
short,522,readiness_current,120.0,0,140.0
short,522,readiness_history,120.0,0,140.0
short,522,oracle,120.0,0,140.0
short,523,fixed_6,6.0,0,140.0
short,523,fixed_12,12.0,0,140.0
short,523,fixed_24,24.0,0,140.0
short,523,fixed_48,48.0,0,140.0
short,523,threshold_reset,120.0,0,140.0
short,523,readiness_current,120.0,0,140.0
short,523,readiness_history,120.0,0,140.0
short,523,oracle,120.0,0,140.0
short,524,fixed_6,6.0,0,140.0
short,524,fixed_12,12.0,0,140.0
short,524,fixed_24,24.0,0,140.0
short,524,fixed_48,48.0,0,140.0
short,524,threshold_reset,120.0,0,140.0
short,524,readiness_current,120.0,0,140.0
short,524,readiness_history,120.0,0,140.0
short,524,oracle,120.0,0,140.0
short,525,fixed_6,6.0,0,140.0
short,525,fixed_12,12.0,0,140.0
short,525,fixed_24,24.0,0,140.0
short,525,fixed_48,48.0,0,140.0
short,525,threshold_reset,120.0,0,140.0
short,525,readiness_current,120.0,0,140.0
short,525,readiness_history,120.0,0,140.0
short,525,oracle,120.0,0,140.0
short,526,fixed_6,6.0,0,140.0
short,526,fixed_12,12.0,0,140.0
short,526,fixed_24,24.0,0,140.0
short,526,fixed_48,48.0,0,140.0
short,526,threshold_reset,120.0,0,140.0
short,526,readiness_current,120.0,0,140.0
short,526,readiness_history,120.0,0,140.0
short,526,oracle,120.0,0,140.0
short,527,fixed_6,6.0,0,140.0
short,527,fixed_12,12.0,0,140.0
short,527,fixed_24,24.0,0,140.0
short,527,fixed_48,48.0,0,140.0
short,527,threshold_reset,120.0,0,140.0
short,527,readiness_current,120.0,0,140.0
short,527,readiness_history,120.0,0,140.0
short,527,oracle,120.0,0,140.0
short,528,fixed_6,6.0,0,140.0
short,528,fixed_12,12.0,0,140.0
short,528,fixed_24,24.0,0,140.0
short,528,fixed_48,48.0,0,140.0
short,528,threshold_reset,120.0,0,140.0
short,528,readiness_current,120.0,0,140.0
short,528,readiness_history,120.0,0,140.0
short,528,oracle,120.0,0,140.0
short,529,fixed_6,6.0,0,140.0
short,529,fixed_12,12.0,0,140.0
short,529,fixed_24,24.0,0,140.0
short,529,fixed_48,48.0,0,140.0
short,529,threshold_reset,120.0,0,140.0
short,529,readiness_current,120.0,0,140.0
short,529,readiness_history,120.0,0,140.0
short,529,oracle,120.0,0,140.0
short,530,fixed_6,6.0,0,140.0
short,530,fixed_12,12.0,0,140.0
short,530,fixed_24,24.0,0,140.0
short,530,fixed_48,48.0,0,140.0
short,530,threshold_reset,120.0,0,140.0
short,530,readiness_current,120.0,0,140.0
short,530,readiness_history,120.0,0,140.0
short,530,oracle,120.0,0,140.0
short,531,fixed_6,6.0,0,140.0
short,531,fixed_12,12.0,0,140.0
short,531,fixed_24,24.0,0,140.0
short,531,fixed_48,48.0,0,140.0
short,531,threshold_reset,120.0,0,140.0
short,531,readiness_current,120.0,0,140.0
short,531,readiness_history,120.0,0,140.0
short,531,oracle,120.0,0,140.0
short,532,fixed_6,6.0,0,140.0
short,532,fixed_12,12.0,0,140.0
short,532,fixed_24,24.0,0,140.0
short,532,fixed_48,48.0,0,140.0
short,532,threshold_reset,120.0,0,140.0
short,532,readiness_current,120.0,0,140.0
short,532,readiness_history,120.0,0,140.0
short,532,oracle,120.0,0,140.0
short,533,fixed_6,6.0,0,140.0
short,533,fixed_12,12.0,0,140.0
short,533,fixed_24,24.0,0,140.0
short,533,fixed_48,48.0,0,140.0
short,533,threshold_reset,120.0,0,140.0
short,533,readiness_current,120.0,0,140.0
short,533,readiness_history,120.0,0,140.0
short,533,oracle,120.0,0,140.0
short,534,fixed_6,6.0,0,140.0
short,534,fixed_12,12.0,0,140.0
short,534,fixed_24,24.0,0,140.0
short,534,fixed_48,48.0,0,140.0
short,534,threshold_reset,120.0,0,140.0
short,534,readiness_current,120.0,0,140.0
short,534,readiness_history,120.0,0,140.0
short,534,oracle,120.0,0,140.0
short,535,fixed_6,6.0,0,140.0
short,535,fixed_12,12.0,0,140.0
short,535,fixed_24,24.0,0,140.0
short,535,fixed_48,48.0,0,140.0
short,535,threshold_reset,120.0,0,140.0
short,535,readiness_current,120.0,0,140.0
short,535,readiness_history,120.0,0,140.0
short,535,oracle,120.0,0,140.0
short,536,fixed_6,6.0,0,140.0
short,536,fixed_12,12.0,0,140.0
short,536,fixed_24,24.0,0,140.0
short,536,fixed_48,48.0,0,140.0
short,536,threshold_reset,120.0,0,140.0
short,536,readiness_current,120.0,0,140.0
short,536,readiness_history,120.0,0,140.0
short,536,oracle,120.0,0,140.0
short,537,fixed_6,6.0,0,140.0
short,537,fixed_12,12.0,0,140.0
short,537,fixed_24,24.0,0,140.0
short,537,fixed_48,48.0,0,140.0
short,537,threshold_reset,120.0,0,140.0
short,537,readiness_current,120.0,0,140.0
short,537,readiness_history,120.0,0,140.0
short,537,oracle,120.0,0,140.0
short,538,fixed_6,6.0,0,140.0
short,538,fixed_12,12.0,0,140.0
short,538,fixed_24,24.0,0,140.0
short,538,fixed_48,48.0,0,140.0
short,538,threshold_reset,120.0,0,140.0
short,538,readiness_current,120.0,0,140.0
short,538,readiness_history,120.0,0,140.0
short,538,oracle,120.0,0,140.0
short,539,fixed_6,6.0,0,140.0
short,539,fixed_12,12.0,0,140.0
short,539,fixed_24,24.0,0,140.0
short,539,fixed_48,48.0,0,140.0
short,539,threshold_reset,120.0,0,140.0
short,539,readiness_current,120.0,0,140.0
short,539,readiness_history,120.0,0,140.0
short,539,oracle,120.0,0,140.0
short,540,fixed_6,6.0,0,140.0
short,540,fixed_12,12.0,0,140.0
short,540,fixed_24,24.0,0,140.0
short,540,fixed_48,48.0,0,140.0
short,540,threshold_reset,120.0,0,140.0
short,540,readiness_current,120.0,0,140.0
short,540,readiness_history,120.0,0,140.0
short,540,oracle,120.0,0,140.0
short,541,fixed_6,6.0,0,140.0
short,541,fixed_12,12.0,0,140.0
short,541,fixed_24,24.0,0,140.0
short,541,fixed_48,48.0,0,140.0
short,541,threshold_reset,120.0,0,140.0
short,541,readiness_current,120.0,0,140.0
short,541,readiness_history,120.0,0,140.0
short,541,oracle,120.0,0,140.0
short,542,fixed_6,6.0,0,140.0
short,542,fixed_12,12.0,0,140.0
short,542,fixed_24,24.0,0,140.0
short,542,fixed_48,48.0,0,140.0
short,542,threshold_reset,120.0,0,140.0
short,542,readiness_current,120.0,0,140.0
short,542,readiness_history,120.0,0,140.0
short,542,oracle,120.0,0,140.0
short,543,fixed_6,6.0,0,140.0
short,543,fixed_12,12.0,0,140.0
short,543,fixed_24,24.0,0,140.0
short,543,fixed_48,48.0,0,140.0
short,543,threshold_reset,120.0,0,140.0
short,543,readiness_current,120.0,0,140.0
short,543,readiness_history,120.0,0,140.0
short,543,oracle,120.0,0,140.0
short,544,fixed_6,6.0,0,140.0
short,544,fixed_12,12.0,0,140.0
short,544,fixed_24,24.0,0,140.0
short,544,fixed_48,48.0,0,140.0
short,544,threshold_reset,120.0,0,140.0
short,544,readiness_current,120.0,0,140.0
short,544,readiness_history,120.0,0,140.0
short,544,oracle,120.0,0,140.0
short,545,fixed_6,6.0,0,140.0
short,545,fixed_12,12.0,0,140.0
short,545,fixed_24,24.0,0,140.0
short,545,fixed_48,48.0,0,140.0
short,545,threshold_reset,120.0,0,140.0
short,545,readiness_current,120.0,0,140.0
short,545,readiness_history,120.0,0,140.0
short,545,oracle,120.0,0,140.0
short,546,fixed_6,6.0,0,140.0
short,546,fixed_12,12.0,0,140.0
short,546,fixed_24,24.0,0,140.0
short,546,fixed_48,48.0,0,140.0
short,546,threshold_reset,120.0,0,140.0
short,546,readiness_current,120.0,0,140.0
short,546,readiness_history,120.0,0,140.0
short,546,oracle,120.0,0,140.0
short,547,fixed_6,6.0,0,140.0
short,547,fixed_12,12.0,0,140.0
short,547,fixed_24,24.0,0,140.0
short,547,fixed_48,48.0,0,140.0
short,547,threshold_reset,120.0,0,140.0
short,547,readiness_current,120.0,0,140.0
short,547,readiness_history,120.0,0,140.0
short,547,oracle,120.0,0,140.0
short,548,fixed_6,6.0,0,140.0
short,548,fixed_12,12.0,0,140.0
short,548,fixed_24,24.0,0,140.0
short,548,fixed_48,48.0,0,140.0
short,548,threshold_reset,120.0,0,140.0
short,548,readiness_current,120.0,0,140.0
short,548,readiness_history,120.0,0,140.0
short,548,oracle,120.0,0,140.0
short,549,fixed_6,6.0,0,140.0
short,549,fixed_12,12.0,0,140.0
short,549,fixed_24,24.0,0,140.0
short,549,fixed_48,48.0,0,140.0
short,549,threshold_reset,120.0,0,140.0
short,549,readiness_current,120.0,0,140.0
short,549,readiness_history,120.0,0,140.0
short,549,oracle,120.0,0,140.0
short,550,fixed_6,6.0,0,140.0
short,550,fixed_12,12.0,0,140.0
short,550,fixed_24,24.0,0,140.0
short,550,fixed_48,48.0,0,140.0
short,550,threshold_reset,120.0,0,140.0
short,550,readiness_current,120.0,0,140.0
short,550,readiness_history,120.0,0,140.0
short,550,oracle,120.0,0,140.0
short,551,fixed_6,6.0,0,140.0
short,551,fixed_12,12.0,0,140.0
short,551,fixed_24,24.0,0,140.0
short,551,fixed_48,48.0,0,140.0
short,551,threshold_reset,120.0,0,140.0
short,551,readiness_current,120.0,0,140.0
short,551,readiness_history,120.0,0,140.0
short,551,oracle,120.0,0,140.0
short,552,fixed_6,6.0,0,140.0
short,552,fixed_12,12.0,0,140.0
short,552,fixed_24,24.0,0,140.0
short,552,fixed_48,48.0,0,140.0
short,552,threshold_reset,120.0,0,140.0
short,552,readiness_current,120.0,0,140.0
short,552,readiness_history,120.0,0,140.0
short,552,oracle,120.0,0,140.0
short,553,fixed_6,6.0,0,140.0
short,553,fixed_12,12.0,0,140.0
short,553,fixed_24,24.0,0,140.0
short,553,fixed_48,48.0,0,140.0
short,553,threshold_reset,120.0,0,140.0
short,553,readiness_current,120.0,0,140.0
short,553,readiness_history,120.0,0,140.0
short,553,oracle,120.0,0,140.0
short,554,fixed_6,6.0,0,140.0
short,554,fixed_12,12.0,0,140.0
short,554,fixed_24,24.0,0,140.0
short,554,fixed_48,48.0,0,140.0
short,554,threshold_reset,120.0,0,140.0
short,554,readiness_current,120.0,0,140.0
short,554,readiness_history,120.0,0,140.0
short,554,oracle,120.0,0,140.0
short,555,fixed_6,6.0,0,140.0
short,555,fixed_12,12.0,0,140.0
short,555,fixed_24,24.0,0,140.0
short,555,fixed_48,48.0,0,140.0
short,555,threshold_reset,120.0,0,140.0
short,555,readiness_current,120.0,0,140.0
short,555,readiness_history,120.0,0,140.0
short,555,oracle,120.0,0,140.0
short,556,fixed_6,6.0,0,140.0
short,556,fixed_12,12.0,0,140.0
short,556,fixed_24,24.0,0,140.0
short,556,fixed_48,48.0,0,140.0
short,556,threshold_reset,120.0,0,140.0
short,556,readiness_current,120.0,0,140.0
short,556,readiness_history,120.0,0,140.0
short,556,oracle,120.0,0,140.0
short,557,fixed_6,6.0,0,140.0
short,557,fixed_12,12.0,0,140.0
short,557,fixed_24,24.0,0,140.0
short,557,fixed_48,48.0,0,140.0
short,557,threshold_reset,120.0,0,140.0
short,557,readiness_current,120.0,0,140.0
short,557,readiness_history,120.0,0,140.0
short,557,oracle,120.0,0,140.0
short,558,fixed_6,6.0,0,140.0
short,558,fixed_12,12.0,0,140.0
short,558,fixed_24,24.0,0,140.0
short,558,fixed_48,48.0,0,140.0
short,558,threshold_reset,120.0,0,140.0
short,558,readiness_current,120.0,0,140.0
short,558,readiness_history,120.0,0,140.0
short,558,oracle,120.0,0,140.0
short,559,fixed_6,6.0,0,140.0
short,559,fixed_12,12.0,0,140.0
short,559,fixed_24,24.0,0,140.0
short,559,fixed_48,48.0,0,140.0
short,559,threshold_reset,120.0,0,140.0
short,559,readiness_current,120.0,0,140.0
short,559,readiness_history,120.0,0,140.0
short,559,oracle,120.0,0,140.0
short,560,fixed_6,6.0,0,140.0
short,560,fixed_12,12.0,0,140.0
short,560,fixed_24,24.0,0,140.0
short,560,fixed_48,48.0,0,140.0
short,560,threshold_reset,120.0,0,140.0
short,560,readiness_current,120.0,0,140.0
short,560,readiness_history,120.0,0,140.0
short,560,oracle,120.0,0,140.0
short,561,fixed_6,6.0,0,140.0
short,561,fixed_12,12.0,0,140.0
short,561,fixed_24,24.0,0,140.0
short,561,fixed_48,48.0,0,140.0
short,561,threshold_reset,120.0,0,140.0
short,561,readiness_current,120.0,0,140.0
short,561,readiness_history,120.0,0,140.0
short,561,oracle,120.0,0,140.0
short,562,fixed_6,6.0,0,140.0
short,562,fixed_12,12.0,0,140.0
short,562,fixed_24,24.0,0,140.0
short,562,fixed_48,48.0,0,140.0
short,562,threshold_reset,120.0,0,140.0
short,562,readiness_current,120.0,0,140.0
short,562,readiness_history,120.0,0,140.0
short,562,oracle,120.0,0,140.0
short,563,fixed_6,6.0,0,140.0
short,563,fixed_12,12.0,0,140.0
short,563,fixed_24,24.0,0,140.0
short,563,fixed_48,48.0,0,140.0
short,563,threshold_reset,120.0,0,140.0
short,563,readiness_current,120.0,0,140.0
short,563,readiness_history,120.0,0,140.0
short,563,oracle,120.0,0,140.0
short,564,fixed_6,6.0,0,140.0
short,564,fixed_12,12.0,0,140.0
short,564,fixed_24,24.0,0,140.0
short,564,fixed_48,48.0,0,140.0
short,564,threshold_reset,120.0,0,140.0
short,564,readiness_current,120.0,0,140.0
short,564,readiness_history,120.0,0,140.0
short,564,oracle,120.0,0,140.0
short,565,fixed_6,6.0,0,140.0
short,565,fixed_12,12.0,0,140.0
short,565,fixed_24,24.0,0,140.0
short,565,fixed_48,48.0,0,140.0
short,565,threshold_reset,120.0,0,140.0
short,565,readiness_current,120.0,0,140.0
short,565,readiness_history,120.0,0,140.0
short,565,oracle,120.0,0,140.0
short,566,fixed_6,6.0,0,140.0
short,566,fixed_12,12.0,0,140.0
short,566,fixed_24,24.0,0,140.0
short,566,fixed_48,48.0,0,140.0
short,566,threshold_reset,120.0,0,140.0
short,566,readiness_current,120.0,0,140.0
short,566,readiness_history,120.0,0,140.0
short,566,oracle,120.0,0,140.0
short,567,fixed_6,6.0,0,140.0
short,567,fixed_12,12.0,0,140.0
short,567,fixed_24,24.0,0,140.0
short,567,fixed_48,48.0,0,140.0
short,567,threshold_reset,120.0,0,140.0
short,567,readiness_current,120.0,0,140.0
short,567,readiness_history,120.0,0,140.0
short,567,oracle,120.0,0,140.0
short,568,fixed_6,6.0,0,140.0
short,568,fixed_12,12.0,0,140.0
short,568,fixed_24,24.0,0,140.0
short,568,fixed_48,48.0,0,140.0
short,568,threshold_reset,120.0,0,140.0
short,568,readiness_current,120.0,0,140.0
short,568,readiness_history,120.0,0,140.0
short,568,oracle,120.0,0,140.0
short,569,fixed_6,6.0,0,140.0
short,569,fixed_12,12.0,0,140.0
short,569,fixed_24,24.0,0,140.0
short,569,fixed_48,48.0,0,140.0
short,569,threshold_reset,120.0,0,140.0
short,569,readiness_current,120.0,0,140.0
short,569,readiness_history,120.0,0,140.0
short,569,oracle,120.0,0,140.0
short,570,fixed_6,6.0,0,140.0
short,570,fixed_12,12.0,0,140.0
short,570,fixed_24,24.0,0,140.0
short,570,fixed_48,48.0,0,140.0
short,570,threshold_reset,120.0,0,140.0
short,570,readiness_current,120.0,0,140.0
short,570,readiness_history,120.0,0,140.0
short,570,oracle,120.0,0,140.0
short,571,fixed_6,6.0,0,140.0
short,571,fixed_12,12.0,0,140.0
short,571,fixed_24,24.0,0,140.0
short,571,fixed_48,48.0,0,140.0
short,571,threshold_reset,120.0,0,140.0
short,571,readiness_current,120.0,0,140.0
short,571,readiness_history,120.0,0,140.0
short,571,oracle,120.0,0,140.0
short,572,fixed_6,6.0,0,140.0
short,572,fixed_12,12.0,0,140.0
short,572,fixed_24,24.0,0,140.0
short,572,fixed_48,48.0,0,140.0
short,572,threshold_reset,120.0,0,140.0
short,572,readiness_current,120.0,0,140.0
short,572,readiness_history,120.0,0,140.0
short,572,oracle,120.0,0,140.0
short,573,fixed_6,6.0,0,140.0
short,573,fixed_12,12.0,0,140.0
short,573,fixed_24,24.0,0,140.0
short,573,fixed_48,48.0,0,140.0
short,573,threshold_reset,120.0,0,140.0
short,573,readiness_current,120.0,0,140.0
short,573,readiness_history,120.0,0,140.0
short,573,oracle,120.0,0,140.0
short,574,fixed_6,6.0,0,140.0
short,574,fixed_12,12.0,0,140.0
short,574,fixed_24,24.0,0,140.0
short,574,fixed_48,48.0,0,140.0
short,574,threshold_reset,120.0,0,140.0
short,574,readiness_current,120.0,0,140.0
short,574,readiness_history,120.0,0,140.0
short,574,oracle,120.0,0,140.0
short,575,fixed_6,6.0,0,140.0
short,575,fixed_12,12.0,0,140.0
short,575,fixed_24,24.0,0,140.0
short,575,fixed_48,48.0,0,140.0
short,575,threshold_reset,120.0,0,140.0
short,575,readiness_current,120.0,0,140.0
short,575,readiness_history,120.0,0,140.0
short,575,oracle,120.0,0,140.0
short,576,fixed_6,6.0,0,140.0
short,576,fixed_12,12.0,0,140.0
short,576,fixed_24,24.0,0,140.0
short,576,fixed_48,48.0,0,140.0
short,576,threshold_reset,120.0,0,140.0
short,576,readiness_current,120.0,0,140.0
short,576,readiness_history,120.0,0,140.0
short,576,oracle,120.0,0,140.0
short,577,fixed_6,6.0,0,140.0
short,577,fixed_12,12.0,0,140.0
short,577,fixed_24,24.0,0,140.0
short,577,fixed_48,48.0,0,140.0
short,577,threshold_reset,120.0,0,140.0
short,577,readiness_current,120.0,0,140.0
short,577,readiness_history,120.0,0,140.0
short,577,oracle,120.0,0,140.0
short,578,fixed_6,6.0,0,140.0
short,578,fixed_12,12.0,0,140.0
short,578,fixed_24,24.0,0,140.0
short,578,fixed_48,48.0,0,140.0
short,578,threshold_reset,120.0,0,140.0
short,578,readiness_current,120.0,0,140.0
short,578,readiness_history,120.0,0,140.0
short,578,oracle,120.0,0,140.0
short,579,fixed_6,6.0,0,140.0
short,579,fixed_12,12.0,0,140.0
short,579,fixed_24,24.0,0,140.0
short,579,fixed_48,48.0,0,140.0
short,579,threshold_reset,120.0,0,140.0
short,579,readiness_current,120.0,0,140.0
short,579,readiness_history,120.0,0,140.0
short,579,oracle,120.0,0,140.0
short,580,fixed_6,6.0,0,140.0
short,580,fixed_12,12.0,0,140.0
short,580,fixed_24,24.0,0,140.0
short,580,fixed_48,48.0,0,140.0
short,580,threshold_reset,120.0,0,140.0
short,580,readiness_current,120.0,0,140.0
short,580,readiness_history,120.0,0,140.0
short,580,oracle,120.0,0,140.0
short,581,fixed_6,6.0,0,140.0
short,581,fixed_12,12.0,0,140.0
short,581,fixed_24,24.0,0,140.0
short,581,fixed_48,48.0,0,140.0
short,581,threshold_reset,120.0,0,140.0
short,581,readiness_current,120.0,0,140.0
short,581,readiness_history,120.0,0,140.0
short,581,oracle,120.0,0,140.0
short,582,fixed_6,6.0,0,140.0
short,582,fixed_12,12.0,0,140.0
short,582,fixed_24,24.0,0,140.0
short,582,fixed_48,48.0,0,140.0
short,582,threshold_reset,120.0,0,140.0
short,582,readiness_current,120.0,0,140.0
short,582,readiness_history,120.0,0,140.0
short,582,oracle,120.0,0,140.0
short,583,fixed_6,6.0,0,140.0
short,583,fixed_12,12.0,0,140.0
short,583,fixed_24,24.0,0,140.0
short,583,fixed_48,48.0,0,140.0
short,583,threshold_reset,120.0,0,140.0
short,583,readiness_current,120.0,0,140.0
short,583,readiness_history,120.0,0,140.0
short,583,oracle,120.0,0,140.0
short,584,fixed_6,6.0,0,140.0
short,584,fixed_12,12.0,0,140.0
short,584,fixed_24,24.0,0,140.0
short,584,fixed_48,48.0,0,140.0
short,584,threshold_reset,120.0,0,140.0
short,584,readiness_current,120.0,0,140.0
short,584,readiness_history,120.0,0,140.0
short,584,oracle,120.0,0,140.0
short,585,fixed_6,6.0,0,140.0
short,585,fixed_12,12.0,0,140.0
short,585,fixed_24,24.0,0,140.0
short,585,fixed_48,48.0,0,140.0
short,585,threshold_reset,120.0,0,140.0
short,585,readiness_current,120.0,0,140.0
short,585,readiness_history,120.0,0,140.0
short,585,oracle,120.0,0,140.0
short,586,fixed_6,6.0,0,140.0
short,586,fixed_12,12.0,0,140.0
short,586,fixed_24,24.0,0,140.0
short,586,fixed_48,48.0,0,140.0
short,586,threshold_reset,120.0,0,140.0
short,586,readiness_current,120.0,0,140.0
short,586,readiness_history,120.0,0,140.0
short,586,oracle,120.0,0,140.0
short,587,fixed_6,6.0,0,140.0
short,587,fixed_12,12.0,0,140.0
short,587,fixed_24,24.0,0,140.0
short,587,fixed_48,48.0,0,140.0
short,587,threshold_reset,120.0,0,140.0
short,587,readiness_current,120.0,0,140.0
short,587,readiness_history,120.0,0,140.0
short,587,oracle,120.0,0,140.0
short,588,fixed_6,6.0,0,140.0
short,588,fixed_12,12.0,0,140.0
short,588,fixed_24,24.0,0,140.0
short,588,fixed_48,48.0,0,140.0
short,588,threshold_reset,120.0,0,140.0
short,588,readiness_current,120.0,0,140.0
short,588,readiness_history,120.0,0,140.0
short,588,oracle,120.0,0,140.0
short,589,fixed_6,6.0,0,140.0
short,589,fixed_12,12.0,0,140.0
short,589,fixed_24,24.0,0,140.0
short,589,fixed_48,48.0,0,140.0
short,589,threshold_reset,120.0,0,140.0
short,589,readiness_current,120.0,0,140.0
short,589,readiness_history,120.0,0,140.0
short,589,oracle,120.0,0,140.0
short,590,fixed_6,6.0,0,140.0
short,590,fixed_12,12.0,0,140.0
short,590,fixed_24,24.0,0,140.0
short,590,fixed_48,48.0,0,140.0
short,590,threshold_reset,120.0,0,140.0
short,590,readiness_current,120.0,0,140.0
short,590,readiness_history,120.0,0,140.0
short,590,oracle,120.0,0,140.0
short,591,fixed_6,6.0,0,140.0
short,591,fixed_12,12.0,0,140.0
short,591,fixed_24,24.0,0,140.0
short,591,fixed_48,48.0,0,140.0
short,591,threshold_reset,120.0,0,140.0
short,591,readiness_current,120.0,0,140.0
short,591,readiness_history,120.0,0,140.0
short,591,oracle,120.0,0,140.0
short,592,fixed_6,6.0,0,140.0
short,592,fixed_12,12.0,0,140.0
short,592,fixed_24,24.0,0,140.0
short,592,fixed_48,48.0,0,140.0
short,592,threshold_reset,120.0,0,140.0
short,592,readiness_current,120.0,0,140.0
short,592,readiness_history,120.0,0,140.0
short,592,oracle,120.0,0,140.0
short,593,fixed_6,6.0,0,140.0
short,593,fixed_12,12.0,0,140.0
short,593,fixed_24,24.0,0,140.0
short,593,fixed_48,48.0,0,140.0
short,593,threshold_reset,120.0,0,140.0
short,593,readiness_current,120.0,0,140.0
short,593,readiness_history,120.0,0,140.0
short,593,oracle,120.0,0,140.0
short,594,fixed_6,6.0,0,140.0
short,594,fixed_12,12.0,0,140.0
short,594,fixed_24,24.0,0,140.0
short,594,fixed_48,48.0,0,140.0
short,594,threshold_reset,120.0,0,140.0
short,594,readiness_current,120.0,0,140.0
short,594,readiness_history,120.0,0,140.0
short,594,oracle,120.0,0,140.0
short,595,fixed_6,6.0,0,140.0
short,595,fixed_12,12.0,0,140.0
short,595,fixed_24,24.0,0,140.0
short,595,fixed_48,48.0,0,140.0
short,595,threshold_reset,120.0,0,140.0
short,595,readiness_current,120.0,0,140.0
short,595,readiness_history,120.0,0,140.0
short,595,oracle,120.0,0,140.0
short,596,fixed_6,6.0,0,140.0
short,596,fixed_12,12.0,0,140.0
short,596,fixed_24,24.0,0,140.0
short,596,fixed_48,48.0,0,140.0
short,596,threshold_reset,120.0,0,140.0
short,596,readiness_current,120.0,0,140.0
short,596,readiness_history,120.0,0,140.0
short,596,oracle,120.0,0,140.0
short,597,fixed_6,6.0,0,140.0
short,597,fixed_12,12.0,0,140.0
short,597,fixed_24,24.0,0,140.0
short,597,fixed_48,48.0,0,140.0
short,597,threshold_reset,120.0,0,140.0
short,597,readiness_current,120.0,0,140.0
short,597,readiness_history,120.0,0,140.0
short,597,oracle,120.0,0,140.0
short,598,fixed_6,6.0,0,140.0
short,598,fixed_12,12.0,0,140.0
short,598,fixed_24,24.0,0,140.0
short,598,fixed_48,48.0,0,140.0
short,598,threshold_reset,120.0,0,140.0
short,598,readiness_current,120.0,0,140.0
short,598,readiness_history,120.0,0,140.0
short,598,oracle,120.0,0,140.0
short,599,fixed_6,6.0,0,140.0
short,599,fixed_12,12.0,0,140.0
short,599,fixed_24,24.0,0,140.0
short,599,fixed_48,48.0,0,140.0
short,599,threshold_reset,120.0,0,140.0
short,599,readiness_current,120.0,0,140.0
short,599,readiness_history,120.0,0,140.0
short,599,oracle,120.0,0,140.0
short,600,fixed_6,6.0,0,140.0
short,600,fixed_12,12.0,0,140.0
short,600,fixed_24,24.0,0,140.0
short,600,fixed_48,48.0,0,140.0
short,600,threshold_reset,120.0,0,140.0
short,600,readiness_current,120.0,0,140.0
short,600,readiness_history,120.0,0,140.0
short,600,oracle,120.0,0,140.0
short,601,fixed_6,6.0,0,140.0
short,601,fixed_12,12.0,0,140.0
short,601,fixed_24,24.0,0,140.0
short,601,fixed_48,48.0,0,140.0
short,601,threshold_reset,120.0,0,140.0
short,601,readiness_current,120.0,0,140.0
short,601,readiness_history,120.0,0,140.0
short,601,oracle,120.0,0,140.0
short,602,fixed_6,6.0,0,140.0
short,602,fixed_12,12.0,0,140.0
short,602,fixed_24,24.0,0,140.0
short,602,fixed_48,48.0,0,140.0
short,602,threshold_reset,120.0,0,140.0
short,602,readiness_current,120.0,0,140.0
short,602,readiness_history,120.0,0,140.0
short,602,oracle,120.0,0,140.0
short,603,fixed_6,6.0,0,140.0
short,603,fixed_12,12.0,0,140.0
short,603,fixed_24,24.0,0,140.0
short,603,fixed_48,48.0,0,140.0
short,603,threshold_reset,120.0,0,140.0
short,603,readiness_current,120.0,0,140.0
short,603,readiness_history,120.0,0,140.0
short,603,oracle,120.0,0,140.0
short,604,fixed_6,6.0,0,140.0
short,604,fixed_12,12.0,0,140.0
short,604,fixed_24,24.0,0,140.0
short,604,fixed_48,48.0,0,140.0
short,604,threshold_reset,120.0,0,140.0
short,604,readiness_current,120.0,0,140.0
short,604,readiness_history,120.0,0,140.0
short,604,oracle,120.0,0,140.0
short,605,fixed_6,6.0,0,140.0
short,605,fixed_12,12.0,0,140.0
short,605,fixed_24,24.0,0,140.0
short,605,fixed_48,48.0,0,140.0
short,605,threshold_reset,120.0,0,140.0
short,605,readiness_current,120.0,0,140.0
short,605,readiness_history,120.0,0,140.0
short,605,oracle,120.0,0,140.0
short,606,fixed_6,6.0,0,140.0
short,606,fixed_12,12.0,0,140.0
short,606,fixed_24,24.0,0,140.0
short,606,fixed_48,48.0,0,140.0
short,606,threshold_reset,120.0,0,140.0
short,606,readiness_current,120.0,0,140.0
short,606,readiness_history,120.0,0,140.0
short,606,oracle,120.0,0,140.0
short,607,fixed_6,6.0,0,140.0
short,607,fixed_12,12.0,0,140.0
short,607,fixed_24,24.0,0,140.0
short,607,fixed_48,48.0,0,140.0
short,607,threshold_reset,120.0,0,140.0
short,607,readiness_current,120.0,0,140.0
short,607,readiness_history,120.0,0,140.0
short,607,oracle,120.0,0,140.0
short,608,fixed_6,6.0,0,140.0
short,608,fixed_12,12.0,0,140.0
short,608,fixed_24,24.0,0,140.0
short,608,fixed_48,48.0,0,140.0
short,608,threshold_reset,120.0,0,140.0
short,608,readiness_current,120.0,0,140.0
short,608,readiness_history,120.0,0,140.0
short,608,oracle,120.0,0,140.0
short,609,fixed_6,6.0,0,140.0
short,609,fixed_12,12.0,0,140.0
short,609,fixed_24,24.0,0,140.0
short,609,fixed_48,48.0,0,140.0
short,609,threshold_reset,120.0,0,140.0
short,609,readiness_current,120.0,0,140.0
short,609,readiness_history,120.0,0,140.0
short,609,oracle,120.0,0,140.0
short,610,fixed_6,6.0,0,140.0
short,610,fixed_12,12.0,0,140.0
short,610,fixed_24,24.0,0,140.0
short,610,fixed_48,48.0,0,140.0
short,610,threshold_reset,120.0,0,140.0
short,610,readiness_current,120.0,0,140.0
short,610,readiness_history,120.0,0,140.0
short,610,oracle,120.0,0,140.0
short,611,fixed_6,6.0,0,140.0
short,611,fixed_12,12.0,0,140.0
short,611,fixed_24,24.0,0,140.0
short,611,fixed_48,48.0,0,140.0
short,611,threshold_reset,120.0,0,140.0
short,611,readiness_current,120.0,0,140.0
short,611,readiness_history,120.0,0,140.0
short,611,oracle,120.0,0,140.0
short,612,fixed_6,6.0,0,140.0
short,612,fixed_12,12.0,0,140.0
short,612,fixed_24,24.0,0,140.0
short,612,fixed_48,48.0,0,140.0
short,612,threshold_reset,120.0,0,140.0
short,612,readiness_current,120.0,0,140.0
short,612,readiness_history,120.0,0,140.0
short,612,oracle,120.0,0,140.0
short,613,fixed_6,6.0,0,140.0
short,613,fixed_12,12.0,0,140.0
short,613,fixed_24,24.0,0,140.0
short,613,fixed_48,48.0,0,140.0
short,613,threshold_reset,120.0,0,140.0
short,613,readiness_current,120.0,0,140.0
short,613,readiness_history,120.0,0,140.0
short,613,oracle,120.0,0,140.0
short,614,fixed_6,6.0,0,140.0
short,614,fixed_12,12.0,0,140.0
short,614,fixed_24,24.0,0,140.0
short,614,fixed_48,48.0,0,140.0
short,614,threshold_reset,120.0,0,140.0
short,614,readiness_current,120.0,0,140.0
short,614,readiness_history,120.0,0,140.0
short,614,oracle,120.0,0,140.0
short,615,fixed_6,6.0,0,140.0
short,615,fixed_12,12.0,0,140.0
short,615,fixed_24,24.0,0,140.0
short,615,fixed_48,48.0,0,140.0
short,615,threshold_reset,120.0,0,140.0
short,615,readiness_current,120.0,0,140.0
short,615,readiness_history,120.0,0,140.0
short,615,oracle,120.0,0,140.0
short,616,fixed_6,6.0,0,140.0
short,616,fixed_12,12.0,0,140.0
short,616,fixed_24,24.0,0,140.0
short,616,fixed_48,48.0,0,140.0
short,616,threshold_reset,120.0,0,140.0
short,616,readiness_current,120.0,0,140.0
short,616,readiness_history,120.0,0,140.0
short,616,oracle,120.0,0,140.0
short,617,fixed_6,6.0,0,140.0
short,617,fixed_12,12.0,0,140.0
short,617,fixed_24,24.0,0,140.0
short,617,fixed_48,48.0,0,140.0
short,617,threshold_reset,120.0,0,140.0
short,617,readiness_current,120.0,0,140.0
short,617,readiness_history,120.0,0,140.0
short,617,oracle,120.0,0,140.0
short,618,fixed_6,6.0,0,140.0
short,618,fixed_12,12.0,0,140.0
short,618,fixed_24,24.0,0,140.0
short,618,fixed_48,48.0,0,140.0
short,618,threshold_reset,120.0,0,140.0
short,618,readiness_current,120.0,0,140.0
short,618,readiness_history,120.0,0,140.0
short,618,oracle,120.0,0,140.0
short,619,fixed_6,6.0,0,140.0
short,619,fixed_12,12.0,0,140.0
short,619,fixed_24,24.0,0,140.0
short,619,fixed_48,48.0,0,140.0
short,619,threshold_reset,120.0,0,140.0
short,619,readiness_current,120.0,0,140.0
short,619,readiness_history,120.0,0,140.0
short,619,oracle,120.0,0,140.0
short,620,fixed_6,6.0,0,140.0
short,620,fixed_12,12.0,0,140.0
short,620,fixed_24,24.0,0,140.0
short,620,fixed_48,48.0,0,140.0
short,620,threshold_reset,120.0,0,140.0
short,620,readiness_current,120.0,0,140.0
short,620,readiness_history,120.0,0,140.0
short,620,oracle,120.0,0,140.0
short,621,fixed_6,6.0,0,140.0
short,621,fixed_12,12.0,0,140.0
short,621,fixed_24,24.0,0,140.0
short,621,fixed_48,48.0,0,140.0
short,621,threshold_reset,120.0,0,140.0
short,621,readiness_current,120.0,0,140.0
short,621,readiness_history,120.0,0,140.0
short,621,oracle,120.0,0,140.0
short,622,fixed_6,6.0,0,140.0
short,622,fixed_12,12.0,0,140.0
short,622,fixed_24,24.0,0,140.0
short,622,fixed_48,48.0,0,140.0
short,622,threshold_reset,120.0,0,140.0
short,622,readiness_current,120.0,0,140.0
short,622,readiness_history,120.0,0,140.0
short,622,oracle,120.0,0,140.0
short,623,fixed_6,6.0,0,140.0
short,623,fixed_12,12.0,0,140.0
short,623,fixed_24,24.0,0,140.0
short,623,fixed_48,48.0,0,140.0
short,623,threshold_reset,120.0,0,140.0
short,623,readiness_current,120.0,0,140.0
short,623,readiness_history,120.0,0,140.0
short,623,oracle,120.0,0,140.0
short,624,fixed_6,6.0,0,140.0
short,624,fixed_12,12.0,0,140.0
short,624,fixed_24,24.0,0,140.0
short,624,fixed_48,48.0,0,140.0
short,624,threshold_reset,120.0,0,140.0
short,624,readiness_current,120.0,0,140.0
short,624,readiness_history,120.0,0,140.0
short,624,oracle,120.0,0,140.0
short,625,fixed_6,6.0,0,140.0
short,625,fixed_12,12.0,0,140.0
short,625,fixed_24,24.0,0,140.0
short,625,fixed_48,48.0,0,140.0
short,625,threshold_reset,120.0,0,140.0
short,625,readiness_current,120.0,0,140.0
short,625,readiness_history,120.0,0,140.0
short,625,oracle,120.0,0,140.0
short,626,fixed_6,6.0,0,140.0
short,626,fixed_12,12.0,0,140.0
short,626,fixed_24,24.0,0,140.0
short,626,fixed_48,48.0,0,140.0
short,626,threshold_reset,120.0,0,140.0
short,626,readiness_current,120.0,0,140.0
short,626,readiness_history,120.0,0,140.0
short,626,oracle,120.0,0,140.0
short,627,fixed_6,6.0,0,140.0
short,627,fixed_12,12.0,0,140.0
short,627,fixed_24,24.0,0,140.0
short,627,fixed_48,48.0,0,140.0
short,627,threshold_reset,120.0,0,140.0
short,627,readiness_current,120.0,0,140.0
short,627,readiness_history,120.0,0,140.0
short,627,oracle,120.0,0,140.0
short,628,fixed_6,6.0,0,140.0
short,628,fixed_12,12.0,0,140.0
short,628,fixed_24,24.0,0,140.0
short,628,fixed_48,48.0,0,140.0
short,628,threshold_reset,120.0,0,140.0
short,628,readiness_current,120.0,0,140.0
short,628,readiness_history,120.0,0,140.0
short,628,oracle,120.0,0,140.0
short,629,fixed_6,6.0,0,140.0
short,629,fixed_12,12.0,0,140.0
short,629,fixed_24,24.0,0,140.0
short,629,fixed_48,48.0,0,140.0
short,629,threshold_reset,120.0,0,140.0
short,629,readiness_current,120.0,0,140.0
short,629,readiness_history,120.0,0,140.0
short,629,oracle,120.0,0,140.0
short,630,fixed_6,6.0,0,140.0
short,630,fixed_12,12.0,0,140.0
short,630,fixed_24,24.0,0,140.0
short,630,fixed_48,48.0,0,140.0
short,630,threshold_reset,120.0,0,140.0
short,630,readiness_current,120.0,0,140.0
short,630,readiness_history,120.0,0,140.0
short,630,oracle,120.0,0,140.0
short,631,fixed_6,6.0,0,140.0
short,631,fixed_12,12.0,0,140.0
short,631,fixed_24,24.0,0,140.0
short,631,fixed_48,48.0,0,140.0
short,631,threshold_reset,120.0,0,140.0
short,631,readiness_current,120.0,0,140.0
short,631,readiness_history,120.0,0,140.0
short,631,oracle,120.0,0,140.0
short,632,fixed_6,6.0,0,140.0
short,632,fixed_12,12.0,0,140.0
short,632,fixed_24,24.0,0,140.0
short,632,fixed_48,48.0,0,140.0
short,632,threshold_reset,120.0,0,140.0
short,632,readiness_current,120.0,0,140.0
short,632,readiness_history,120.0,0,140.0
short,632,oracle,120.0,0,140.0
short,633,fixed_6,6.0,0,140.0
short,633,fixed_12,12.0,0,140.0
short,633,fixed_24,24.0,0,140.0
short,633,fixed_48,48.0,0,140.0
short,633,threshold_reset,120.0,0,140.0
short,633,readiness_current,120.0,0,140.0
short,633,readiness_history,120.0,0,140.0
short,633,oracle,120.0,0,140.0
short,634,fixed_6,6.0,0,140.0
short,634,fixed_12,12.0,0,140.0
short,634,fixed_24,24.0,0,140.0
short,634,fixed_48,48.0,0,140.0
short,634,threshold_reset,120.0,0,140.0
short,634,readiness_current,120.0,0,140.0
short,634,readiness_history,120.0,0,140.0
short,634,oracle,120.0,0,140.0
short,635,fixed_6,6.0,0,140.0
short,635,fixed_12,12.0,0,140.0
short,635,fixed_24,24.0,0,140.0
short,635,fixed_48,48.0,0,140.0
short,635,threshold_reset,120.0,0,140.0
short,635,readiness_current,120.0,0,140.0
short,635,readiness_history,120.0,0,140.0
short,635,oracle,120.0,0,140.0
short,636,fixed_6,6.0,0,140.0
short,636,fixed_12,12.0,0,140.0
short,636,fixed_24,24.0,0,140.0
short,636,fixed_48,48.0,0,140.0
short,636,threshold_reset,120.0,0,140.0
short,636,readiness_current,120.0,0,140.0
short,636,readiness_history,120.0,0,140.0
short,636,oracle,120.0,0,140.0
short,637,fixed_6,6.0,0,140.0
short,637,fixed_12,12.0,0,140.0
short,637,fixed_24,24.0,0,140.0
short,637,fixed_48,48.0,0,140.0
short,637,threshold_reset,120.0,0,140.0
short,637,readiness_current,120.0,0,140.0
short,637,readiness_history,120.0,0,140.0
short,637,oracle,120.0,0,140.0
short,638,fixed_6,6.0,0,140.0
short,638,fixed_12,12.0,0,140.0
short,638,fixed_24,24.0,0,140.0
short,638,fixed_48,48.0,0,140.0
short,638,threshold_reset,120.0,0,140.0
short,638,readiness_current,120.0,0,140.0
short,638,readiness_history,120.0,0,140.0
short,638,oracle,120.0,0,140.0
short,639,fixed_6,6.0,0,140.0
short,639,fixed_12,12.0,0,140.0
short,639,fixed_24,24.0,0,140.0
short,639,fixed_48,48.0,0,140.0
short,639,threshold_reset,120.0,0,140.0
short,639,readiness_current,120.0,0,140.0
short,639,readiness_history,120.0,0,140.0
short,639,oracle,120.0,0,140.0
short,640,fixed_6,6.0,0,140.0
short,640,fixed_12,12.0,0,140.0
short,640,fixed_24,24.0,0,140.0
short,640,fixed_48,48.0,0,140.0
short,640,threshold_reset,120.0,0,140.0
short,640,readiness_current,120.0,0,140.0
short,640,readiness_history,120.0,0,140.0
short,640,oracle,120.0,0,140.0
short,641,fixed_6,6.0,0,140.0
short,641,fixed_12,12.0,0,140.0
short,641,fixed_24,24.0,0,140.0
short,641,fixed_48,48.0,0,140.0
short,641,threshold_reset,120.0,0,140.0
short,641,readiness_current,120.0,0,140.0
short,641,readiness_history,120.0,0,140.0
short,641,oracle,120.0,0,140.0
short,642,fixed_6,6.0,0,140.0
short,642,fixed_12,12.0,0,140.0
short,642,fixed_24,24.0,0,140.0
short,642,fixed_48,48.0,0,140.0
short,642,threshold_reset,120.0,0,140.0
short,642,readiness_current,120.0,0,140.0
short,642,readiness_history,120.0,0,140.0
short,642,oracle,120.0,0,140.0
short,643,fixed_6,6.0,0,140.0
short,643,fixed_12,12.0,0,140.0
short,643,fixed_24,24.0,0,140.0
short,643,fixed_48,48.0,0,140.0
short,643,threshold_reset,120.0,0,140.0
short,643,readiness_current,120.0,0,140.0
short,643,readiness_history,120.0,0,140.0
short,643,oracle,120.0,0,140.0
short,644,fixed_6,6.0,0,140.0
short,644,fixed_12,12.0,0,140.0
short,644,fixed_24,24.0,0,140.0
short,644,fixed_48,48.0,0,140.0
short,644,threshold_reset,120.0,0,140.0
short,644,readiness_current,120.0,0,140.0
short,644,readiness_history,120.0,0,140.0
short,644,oracle,120.0,0,140.0
short,645,fixed_6,6.0,0,140.0
short,645,fixed_12,12.0,0,140.0
short,645,fixed_24,24.0,0,140.0
short,645,fixed_48,48.0,0,140.0
short,645,threshold_reset,120.0,0,140.0
short,645,readiness_current,120.0,0,140.0
short,645,readiness_history,120.0,0,140.0
short,645,oracle,120.0,0,140.0
short,646,fixed_6,6.0,0,140.0
short,646,fixed_12,12.0,0,140.0
short,646,fixed_24,24.0,0,140.0
short,646,fixed_48,48.0,0,140.0
short,646,threshold_reset,120.0,0,140.0
short,646,readiness_current,120.0,0,140.0
short,646,readiness_history,120.0,0,140.0
short,646,oracle,120.0,0,140.0
short,647,fixed_6,6.0,0,140.0
short,647,fixed_12,12.0,0,140.0
short,647,fixed_24,24.0,0,140.0
short,647,fixed_48,48.0,0,140.0
short,647,threshold_reset,120.0,0,140.0
short,647,readiness_current,120.0,0,140.0
short,647,readiness_history,120.0,0,140.0
short,647,oracle,120.0,0,140.0
short,648,fixed_6,6.0,0,140.0
short,648,fixed_12,12.0,0,140.0
short,648,fixed_24,24.0,0,140.0
short,648,fixed_48,48.0,0,140.0
short,648,threshold_reset,120.0,0,140.0
short,648,readiness_current,120.0,0,140.0
short,648,readiness_history,120.0,0,140.0
short,648,oracle,120.0,0,140.0
short,649,fixed_6,6.0,0,140.0
short,649,fixed_12,12.0,0,140.0
short,649,fixed_24,24.0,0,140.0
short,649,fixed_48,48.0,0,140.0
short,649,threshold_reset,120.0,0,140.0
short,649,readiness_current,120.0,0,140.0
short,649,readiness_history,120.0,0,140.0
short,649,oracle,120.0,0,140.0
short,650,fixed_6,6.0,0,140.0
short,650,fixed_12,12.0,0,140.0
short,650,fixed_24,24.0,0,140.0
short,650,fixed_48,48.0,0,140.0
short,650,threshold_reset,120.0,0,140.0
short,650,readiness_current,120.0,0,140.0
short,650,readiness_history,120.0,0,140.0
short,650,oracle,120.0,0,140.0
short,651,fixed_6,6.0,0,140.0
short,651,fixed_12,12.0,0,140.0
short,651,fixed_24,24.0,0,140.0
short,651,fixed_48,48.0,0,140.0
short,651,threshold_reset,120.0,0,140.0
short,651,readiness_current,120.0,0,140.0
short,651,readiness_history,120.0,0,140.0
short,651,oracle,120.0,0,140.0
short,652,fixed_6,6.0,0,140.0
short,652,fixed_12,12.0,0,140.0
short,652,fixed_24,24.0,0,140.0
short,652,fixed_48,48.0,0,140.0
short,652,threshold_reset,120.0,0,140.0
short,652,readiness_current,120.0,0,140.0
short,652,readiness_history,120.0,0,140.0
short,652,oracle,120.0,0,140.0
short,653,fixed_6,6.0,0,140.0
short,653,fixed_12,12.0,0,140.0
short,653,fixed_24,24.0,0,140.0
short,653,fixed_48,48.0,0,140.0
short,653,threshold_reset,120.0,0,140.0
short,653,readiness_current,120.0,0,140.0
short,653,readiness_history,120.0,0,140.0
short,653,oracle,120.0,0,140.0
short,654,fixed_6,6.0,0,140.0
short,654,fixed_12,12.0,0,140.0
short,654,fixed_24,24.0,0,140.0
short,654,fixed_48,48.0,0,140.0
short,654,threshold_reset,120.0,0,140.0
short,654,readiness_current,120.0,0,140.0
short,654,readiness_history,120.0,0,140.0
short,654,oracle,120.0,0,140.0
short,655,fixed_6,6.0,0,140.0
short,655,fixed_12,12.0,0,140.0
short,655,fixed_24,24.0,0,140.0
short,655,fixed_48,48.0,0,140.0
short,655,threshold_reset,120.0,0,140.0
short,655,readiness_current,120.0,0,140.0
short,655,readiness_history,120.0,0,140.0
short,655,oracle,120.0,0,140.0
short,656,fixed_6,6.0,0,140.0
short,656,fixed_12,12.0,0,140.0
short,656,fixed_24,24.0,0,140.0
short,656,fixed_48,48.0,0,140.0
short,656,threshold_reset,120.0,0,140.0
short,656,readiness_current,120.0,0,140.0
short,656,readiness_history,120.0,0,140.0
short,656,oracle,120.0,0,140.0
short,657,fixed_6,6.0,0,140.0
short,657,fixed_12,12.0,0,140.0
short,657,fixed_24,24.0,0,140.0
short,657,fixed_48,48.0,0,140.0
short,657,threshold_reset,120.0,0,140.0
short,657,readiness_current,120.0,0,140.0
short,657,readiness_history,120.0,0,140.0
short,657,oracle,120.0,0,140.0
short,658,fixed_6,6.0,0,140.0
short,658,fixed_12,12.0,0,140.0
short,658,fixed_24,24.0,0,140.0
short,658,fixed_48,48.0,0,140.0
short,658,threshold_reset,120.0,0,140.0
short,658,readiness_current,120.0,0,140.0
short,658,readiness_history,120.0,0,140.0
short,658,oracle,120.0,0,140.0
short,659,fixed_6,6.0,0,140.0
short,659,fixed_12,12.0,0,140.0
short,659,fixed_24,24.0,0,140.0
short,659,fixed_48,48.0,0,140.0
short,659,threshold_reset,120.0,0,140.0
short,659,readiness_current,120.0,0,140.0
short,659,readiness_history,120.0,0,140.0
short,659,oracle,120.0,0,140.0
short,660,fixed_6,6.0,0,140.0
short,660,fixed_12,12.0,0,140.0
short,660,fixed_24,24.0,0,140.0
short,660,fixed_48,48.0,0,140.0
short,660,threshold_reset,120.0,0,140.0
short,660,readiness_current,120.0,0,140.0
short,660,readiness_history,120.0,0,140.0
short,660,oracle,120.0,0,140.0
short,661,fixed_6,6.0,0,140.0
short,661,fixed_12,12.0,0,140.0
short,661,fixed_24,24.0,0,140.0
short,661,fixed_48,48.0,0,140.0
short,661,threshold_reset,120.0,0,140.0
short,661,readiness_current,120.0,0,140.0
short,661,readiness_history,120.0,0,140.0
short,661,oracle,120.0,0,140.0
short,662,fixed_6,6.0,0,140.0
short,662,fixed_12,12.0,0,140.0
short,662,fixed_24,24.0,0,140.0
short,662,fixed_48,48.0,0,140.0
short,662,threshold_reset,120.0,0,140.0
short,662,readiness_current,120.0,0,140.0
short,662,readiness_history,120.0,0,140.0
short,662,oracle,120.0,0,140.0
short,663,fixed_6,6.0,0,140.0
short,663,fixed_12,12.0,0,140.0
short,663,fixed_24,24.0,0,140.0
short,663,fixed_48,48.0,0,140.0
short,663,threshold_reset,120.0,0,140.0
short,663,readiness_current,120.0,0,140.0
short,663,readiness_history,120.0,0,140.0
short,663,oracle,120.0,0,140.0
short,664,fixed_6,6.0,0,140.0
short,664,fixed_12,12.0,0,140.0
short,664,fixed_24,24.0,0,140.0
short,664,fixed_48,48.0,0,140.0
short,664,threshold_reset,120.0,0,140.0
short,664,readiness_current,120.0,0,140.0
short,664,readiness_history,120.0,0,140.0
short,664,oracle,120.0,0,140.0
short,665,fixed_6,6.0,0,140.0
short,665,fixed_12,12.0,0,140.0
short,665,fixed_24,24.0,0,140.0
short,665,fixed_48,48.0,0,140.0
short,665,threshold_reset,120.0,0,140.0
short,665,readiness_current,120.0,0,140.0
short,665,readiness_history,120.0,0,140.0
short,665,oracle,120.0,0,140.0
short,666,fixed_6,6.0,0,140.0
short,666,fixed_12,12.0,0,140.0
short,666,fixed_24,24.0,0,140.0
short,666,fixed_48,48.0,0,140.0
short,666,threshold_reset,120.0,0,140.0
short,666,readiness_current,120.0,0,140.0
short,666,readiness_history,120.0,0,140.0
short,666,oracle,120.0,0,140.0
short,667,fixed_6,6.0,0,140.0
short,667,fixed_12,12.0,0,140.0
short,667,fixed_24,24.0,0,140.0
short,667,fixed_48,48.0,0,140.0
short,667,threshold_reset,120.0,0,140.0
short,667,readiness_current,120.0,0,140.0
short,667,readiness_history,120.0,0,140.0
short,667,oracle,120.0,0,140.0
short,668,fixed_6,6.0,0,140.0
short,668,fixed_12,12.0,0,140.0
short,668,fixed_24,24.0,0,140.0
short,668,fixed_48,48.0,0,140.0
short,668,threshold_reset,120.0,0,140.0
short,668,readiness_current,120.0,0,140.0
short,668,readiness_history,120.0,0,140.0
short,668,oracle,120.0,0,140.0
short,669,fixed_6,6.0,0,140.0
short,669,fixed_12,12.0,0,140.0
short,669,fixed_24,24.0,0,140.0
short,669,fixed_48,48.0,0,140.0
short,669,threshold_reset,120.0,0,140.0
short,669,readiness_current,120.0,0,140.0
short,669,readiness_history,120.0,0,140.0
short,669,oracle,120.0,0,140.0
short,670,fixed_6,6.0,0,140.0
short,670,fixed_12,12.0,0,140.0
short,670,fixed_24,24.0,0,140.0
short,670,fixed_48,48.0,0,140.0
short,670,threshold_reset,120.0,0,140.0
short,670,readiness_current,120.0,0,140.0
short,670,readiness_history,120.0,0,140.0
short,670,oracle,120.0,0,140.0
short,671,fixed_6,6.0,0,140.0
short,671,fixed_12,12.0,0,140.0
short,671,fixed_24,24.0,0,140.0
short,671,fixed_48,48.0,0,140.0
short,671,threshold_reset,120.0,0,140.0
short,671,readiness_current,120.0,0,140.0
short,671,readiness_history,120.0,0,140.0
short,671,oracle,120.0,0,140.0
short,672,fixed_6,6.0,0,140.0
short,672,fixed_12,12.0,0,140.0
short,672,fixed_24,24.0,0,140.0
short,672,fixed_48,48.0,0,140.0
short,672,threshold_reset,120.0,0,140.0
short,672,readiness_current,120.0,0,140.0
short,672,readiness_history,120.0,0,140.0
short,672,oracle,120.0,0,140.0
short,673,fixed_6,6.0,0,140.0
short,673,fixed_12,12.0,0,140.0
short,673,fixed_24,24.0,0,140.0
short,673,fixed_48,48.0,0,140.0
short,673,threshold_reset,120.0,0,140.0
short,673,readiness_current,120.0,0,140.0
short,673,readiness_history,120.0,0,140.0
short,673,oracle,120.0,0,140.0
short,674,fixed_6,6.0,0,140.0
short,674,fixed_12,12.0,0,140.0
short,674,fixed_24,24.0,0,140.0
short,674,fixed_48,48.0,0,140.0
short,674,threshold_reset,120.0,0,140.0
short,674,readiness_current,120.0,0,140.0
short,674,readiness_history,120.0,0,140.0
short,674,oracle,120.0,0,140.0
short,675,fixed_6,6.0,0,140.0
short,675,fixed_12,12.0,0,140.0
short,675,fixed_24,24.0,0,140.0
short,675,fixed_48,48.0,0,140.0
short,675,threshold_reset,120.0,0,140.0
short,675,readiness_current,120.0,0,140.0
short,675,readiness_history,120.0,0,140.0
short,675,oracle,120.0,0,140.0
short,676,fixed_6,6.0,0,140.0
short,676,fixed_12,12.0,0,140.0
short,676,fixed_24,24.0,0,140.0
short,676,fixed_48,48.0,0,140.0
short,676,threshold_reset,120.0,0,140.0
short,676,readiness_current,120.0,0,140.0
short,676,readiness_history,120.0,0,140.0
short,676,oracle,120.0,0,140.0
short,677,fixed_6,6.0,0,140.0
short,677,fixed_12,12.0,0,140.0
short,677,fixed_24,24.0,0,140.0
short,677,fixed_48,48.0,0,140.0
short,677,threshold_reset,120.0,0,140.0
short,677,readiness_current,120.0,0,140.0
short,677,readiness_history,120.0,0,140.0
short,677,oracle,120.0,0,140.0
short,678,fixed_6,6.0,0,140.0
short,678,fixed_12,12.0,0,140.0
short,678,fixed_24,24.0,0,140.0
short,678,fixed_48,48.0,0,140.0
short,678,threshold_reset,120.0,0,140.0
short,678,readiness_current,120.0,0,140.0
short,678,readiness_history,120.0,0,140.0
short,678,oracle,120.0,0,140.0
short,679,fixed_6,6.0,0,140.0
short,679,fixed_12,12.0,0,140.0
short,679,fixed_24,24.0,0,140.0
short,679,fixed_48,48.0,0,140.0
short,679,threshold_reset,120.0,0,140.0
short,679,readiness_current,120.0,0,140.0
short,679,readiness_history,120.0,0,140.0
short,679,oracle,120.0,0,140.0
short,680,fixed_6,6.0,0,140.0
short,680,fixed_12,12.0,0,140.0
short,680,fixed_24,24.0,0,140.0
short,680,fixed_48,48.0,0,140.0
short,680,threshold_reset,120.0,0,140.0
short,680,readiness_current,120.0,0,140.0
short,680,readiness_history,120.0,0,140.0
short,680,oracle,120.0,0,140.0
short,681,fixed_6,6.0,0,140.0
short,681,fixed_12,12.0,0,140.0
short,681,fixed_24,24.0,0,140.0
short,681,fixed_48,48.0,0,140.0
short,681,threshold_reset,120.0,0,140.0
short,681,readiness_current,120.0,0,140.0
short,681,readiness_history,120.0,0,140.0
short,681,oracle,120.0,0,140.0
short,682,fixed_6,6.0,0,140.0
short,682,fixed_12,12.0,0,140.0
short,682,fixed_24,24.0,0,140.0
short,682,fixed_48,48.0,0,140.0
short,682,threshold_reset,120.0,0,140.0
short,682,readiness_current,120.0,0,140.0
short,682,readiness_history,120.0,0,140.0
short,682,oracle,120.0,0,140.0
short,683,fixed_6,6.0,0,140.0
short,683,fixed_12,12.0,0,140.0
short,683,fixed_24,24.0,0,140.0
short,683,fixed_48,48.0,0,140.0
short,683,threshold_reset,120.0,0,140.0
short,683,readiness_current,120.0,0,140.0
short,683,readiness_history,120.0,0,140.0
short,683,oracle,120.0,0,140.0
short,684,fixed_6,6.0,0,140.0
short,684,fixed_12,12.0,0,140.0
short,684,fixed_24,24.0,0,140.0
short,684,fixed_48,48.0,0,140.0
short,684,threshold_reset,120.0,0,140.0
short,684,readiness_current,120.0,0,140.0
short,684,readiness_history,120.0,0,140.0
short,684,oracle,120.0,0,140.0
short,685,fixed_6,6.0,0,140.0
short,685,fixed_12,12.0,0,140.0
short,685,fixed_24,24.0,0,140.0
short,685,fixed_48,48.0,0,140.0
short,685,threshold_reset,120.0,0,140.0
short,685,readiness_current,120.0,0,140.0
short,685,readiness_history,120.0,0,140.0
short,685,oracle,120.0,0,140.0
short,686,fixed_6,6.0,0,140.0
short,686,fixed_12,12.0,0,140.0
short,686,fixed_24,24.0,0,140.0
short,686,fixed_48,48.0,0,140.0
short,686,threshold_reset,120.0,0,140.0
short,686,readiness_current,120.0,0,140.0
short,686,readiness_history,120.0,0,140.0
short,686,oracle,120.0,0,140.0
short,687,fixed_6,6.0,0,140.0
short,687,fixed_12,12.0,0,140.0
short,687,fixed_24,24.0,0,140.0
short,687,fixed_48,48.0,0,140.0
short,687,threshold_reset,120.0,0,140.0
short,687,readiness_current,120.0,0,140.0
short,687,readiness_history,120.0,0,140.0
short,687,oracle,120.0,0,140.0
short,688,fixed_6,6.0,0,140.0
short,688,fixed_12,12.0,0,140.0
short,688,fixed_24,24.0,0,140.0
short,688,fixed_48,48.0,0,140.0
short,688,threshold_reset,120.0,0,140.0
short,688,readiness_current,120.0,0,140.0
short,688,readiness_history,120.0,0,140.0
short,688,oracle,120.0,0,140.0
short,689,fixed_6,6.0,0,140.0
short,689,fixed_12,12.0,0,140.0
short,689,fixed_24,24.0,0,140.0
short,689,fixed_48,48.0,0,140.0
short,689,threshold_reset,120.0,0,140.0
short,689,readiness_current,120.0,0,140.0
short,689,readiness_history,120.0,0,140.0
short,689,oracle,120.0,0,140.0
short,690,fixed_6,6.0,0,140.0
short,690,fixed_12,12.0,0,140.0
short,690,fixed_24,24.0,0,140.0
short,690,fixed_48,48.0,0,140.0
short,690,threshold_reset,120.0,0,140.0
short,690,readiness_current,120.0,0,140.0
short,690,readiness_history,120.0,0,140.0
short,690,oracle,120.0,0,140.0
short,691,fixed_6,6.0,0,140.0
short,691,fixed_12,12.0,0,140.0
short,691,fixed_24,24.0,0,140.0
short,691,fixed_48,48.0,0,140.0
short,691,threshold_reset,120.0,0,140.0
short,691,readiness_current,120.0,0,140.0
short,691,readiness_history,120.0,0,140.0
short,691,oracle,120.0,0,140.0
short,692,fixed_6,6.0,0,140.0
short,692,fixed_12,12.0,0,140.0
short,692,fixed_24,24.0,0,140.0
short,692,fixed_48,48.0,0,140.0
short,692,threshold_reset,120.0,0,140.0
short,692,readiness_current,120.0,0,140.0
short,692,readiness_history,120.0,0,140.0
short,692,oracle,120.0,0,140.0
short,693,fixed_6,6.0,0,140.0
short,693,fixed_12,12.0,0,140.0
short,693,fixed_24,24.0,0,140.0
short,693,fixed_48,48.0,0,140.0
short,693,threshold_reset,120.0,0,140.0
short,693,readiness_current,120.0,0,140.0
short,693,readiness_history,120.0,0,140.0
short,693,oracle,120.0,0,140.0
short,694,fixed_6,6.0,0,140.0
short,694,fixed_12,12.0,0,140.0
short,694,fixed_24,24.0,0,140.0
short,694,fixed_48,48.0,0,140.0
short,694,threshold_reset,120.0,0,140.0
short,694,readiness_current,120.0,0,140.0
short,694,readiness_history,120.0,0,140.0
short,694,oracle,120.0,0,140.0
short,695,fixed_6,6.0,0,140.0
short,695,fixed_12,12.0,0,140.0
short,695,fixed_24,24.0,0,140.0
short,695,fixed_48,48.0,0,140.0
short,695,threshold_reset,120.0,0,140.0
short,695,readiness_current,120.0,0,140.0
short,695,readiness_history,120.0,0,140.0
short,695,oracle,120.0,0,140.0
short,696,fixed_6,6.0,0,140.0
short,696,fixed_12,12.0,0,140.0
short,696,fixed_24,24.0,0,140.0
short,696,fixed_48,48.0,0,140.0
short,696,threshold_reset,120.0,0,140.0
short,696,readiness_current,120.0,0,140.0
short,696,readiness_history,120.0,0,140.0
short,696,oracle,120.0,0,140.0
short,697,fixed_6,6.0,0,140.0
short,697,fixed_12,12.0,0,140.0
short,697,fixed_24,24.0,0,140.0
short,697,fixed_48,48.0,0,140.0
short,697,threshold_reset,120.0,0,140.0
short,697,readiness_current,120.0,0,140.0
short,697,readiness_history,120.0,0,140.0
short,697,oracle,120.0,0,140.0
short,698,fixed_6,6.0,0,140.0
short,698,fixed_12,12.0,0,140.0
short,698,fixed_24,24.0,0,140.0
short,698,fixed_48,48.0,0,140.0
short,698,threshold_reset,120.0,0,140.0
short,698,readiness_current,120.0,0,140.0
short,698,readiness_history,120.0,0,140.0
short,698,oracle,120.0,0,140.0
short,699,fixed_6,6.0,0,140.0
short,699,fixed_12,12.0,0,140.0
short,699,fixed_24,24.0,0,140.0
short,699,fixed_48,48.0,0,140.0
short,699,threshold_reset,120.0,0,140.0
short,699,readiness_current,120.0,0,140.0
short,699,readiness_history,120.0,0,140.0
short,699,oracle,120.0,0,140.0
short,700,fixed_6,6.0,0,140.0
short,700,fixed_12,12.0,0,140.0
short,700,fixed_24,24.0,0,140.0
short,700,fixed_48,48.0,0,140.0
short,700,threshold_reset,120.0,0,140.0
short,700,readiness_current,120.0,0,140.0
short,700,readiness_history,120.0,0,140.0
short,700,oracle,120.0,0,140.0
short,701,fixed_6,6.0,0,140.0
short,701,fixed_12,12.0,0,140.0
short,701,fixed_24,24.0,0,140.0
short,701,fixed_48,48.0,0,140.0
short,701,threshold_reset,120.0,0,140.0
short,701,readiness_current,120.0,0,140.0
short,701,readiness_history,120.0,0,140.0
short,701,oracle,120.0,0,140.0
short,702,fixed_6,6.0,0,140.0
short,702,fixed_12,12.0,0,140.0
short,702,fixed_24,24.0,0,140.0
short,702,fixed_48,48.0,0,140.0
short,702,threshold_reset,120.0,0,140.0
short,702,readiness_current,120.0,0,140.0
short,702,readiness_history,120.0,0,140.0
short,702,oracle,120.0,0,140.0
short,703,fixed_6,6.0,0,140.0
short,703,fixed_12,12.0,0,140.0
short,703,fixed_24,24.0,0,140.0
short,703,fixed_48,48.0,0,140.0
short,703,threshold_reset,120.0,0,140.0
short,703,readiness_current,120.0,0,140.0
short,703,readiness_history,120.0,0,140.0
short,703,oracle,120.0,0,140.0
short,704,fixed_6,6.0,0,140.0
short,704,fixed_12,12.0,0,140.0
short,704,fixed_24,24.0,0,140.0
short,704,fixed_48,48.0,0,140.0
short,704,threshold_reset,120.0,0,140.0
short,704,readiness_current,120.0,0,140.0
short,704,readiness_history,120.0,0,140.0
short,704,oracle,120.0,0,140.0
short,705,fixed_6,6.0,0,140.0
short,705,fixed_12,12.0,0,140.0
short,705,fixed_24,24.0,0,140.0
short,705,fixed_48,48.0,0,140.0
short,705,threshold_reset,120.0,0,140.0
short,705,readiness_current,120.0,0,140.0
short,705,readiness_history,120.0,0,140.0
short,705,oracle,120.0,0,140.0
short,706,fixed_6,6.0,0,140.0
short,706,fixed_12,12.0,0,140.0
short,706,fixed_24,24.0,0,140.0
short,706,fixed_48,48.0,0,140.0
short,706,threshold_reset,120.0,0,140.0
short,706,readiness_current,120.0,0,140.0
short,706,readiness_history,120.0,0,140.0
short,706,oracle,120.0,0,140.0
short,707,fixed_6,6.0,0,140.0
short,707,fixed_12,12.0,0,140.0
short,707,fixed_24,24.0,0,140.0
short,707,fixed_48,48.0,0,140.0
short,707,threshold_reset,120.0,0,140.0
short,707,readiness_current,120.0,0,140.0
short,707,readiness_history,120.0,0,140.0
short,707,oracle,120.0,0,140.0
short,708,fixed_6,6.0,0,140.0
short,708,fixed_12,12.0,0,140.0
short,708,fixed_24,24.0,0,140.0
short,708,fixed_48,48.0,0,140.0
short,708,threshold_reset,120.0,0,140.0
short,708,readiness_current,120.0,0,140.0
short,708,readiness_history,120.0,0,140.0
short,708,oracle,120.0,0,140.0
short,709,fixed_6,6.0,0,140.0
short,709,fixed_12,12.0,0,140.0
short,709,fixed_24,24.0,0,140.0
short,709,fixed_48,48.0,0,140.0
short,709,threshold_reset,120.0,0,140.0
short,709,readiness_current,120.0,0,140.0
short,709,readiness_history,120.0,0,140.0
short,709,oracle,120.0,0,140.0
short,710,fixed_6,6.0,0,140.0
short,710,fixed_12,12.0,0,140.0
short,710,fixed_24,24.0,0,140.0
short,710,fixed_48,48.0,0,140.0
short,710,threshold_reset,120.0,0,140.0
short,710,readiness_current,120.0,0,140.0
short,710,readiness_history,120.0,0,140.0
short,710,oracle,120.0,0,140.0
short,711,fixed_6,6.0,0,140.0
short,711,fixed_12,12.0,0,140.0
short,711,fixed_24,24.0,0,140.0
short,711,fixed_48,48.0,0,140.0
short,711,threshold_reset,120.0,0,140.0
short,711,readiness_current,120.0,0,140.0
short,711,readiness_history,120.0,0,140.0
short,711,oracle,120.0,0,140.0
short,712,fixed_6,6.0,0,140.0
short,712,fixed_12,12.0,0,140.0
short,712,fixed_24,24.0,0,140.0
short,712,fixed_48,48.0,0,140.0
short,712,threshold_reset,120.0,0,140.0
short,712,readiness_current,120.0,0,140.0
short,712,readiness_history,120.0,0,140.0
short,712,oracle,120.0,0,140.0
short,713,fixed_6,6.0,0,140.0
short,713,fixed_12,12.0,0,140.0
short,713,fixed_24,24.0,0,140.0
short,713,fixed_48,48.0,0,140.0
short,713,threshold_reset,120.0,0,140.0
short,713,readiness_current,120.0,0,140.0
short,713,readiness_history,120.0,0,140.0
short,713,oracle,120.0,0,140.0
short,714,fixed_6,6.0,0,140.0
short,714,fixed_12,12.0,0,140.0
short,714,fixed_24,24.0,0,140.0
short,714,fixed_48,48.0,0,140.0
short,714,threshold_reset,120.0,0,140.0
short,714,readiness_current,120.0,0,140.0
short,714,readiness_history,120.0,0,140.0
short,714,oracle,120.0,0,140.0
short,715,fixed_6,6.0,0,140.0
short,715,fixed_12,12.0,0,140.0
short,715,fixed_24,24.0,0,140.0
short,715,fixed_48,48.0,0,140.0
short,715,threshold_reset,120.0,0,140.0
short,715,readiness_current,120.0,0,140.0
short,715,readiness_history,120.0,0,140.0
short,715,oracle,120.0,0,140.0
short,716,fixed_6,6.0,0,140.0
short,716,fixed_12,12.0,0,140.0
short,716,fixed_24,24.0,0,140.0
short,716,fixed_48,48.0,0,140.0
short,716,threshold_reset,120.0,0,140.0
short,716,readiness_current,120.0,0,140.0
short,716,readiness_history,120.0,0,140.0
short,716,oracle,120.0,0,140.0
short,717,fixed_6,6.0,0,140.0
short,717,fixed_12,12.0,0,140.0
short,717,fixed_24,24.0,0,140.0
short,717,fixed_48,48.0,0,140.0
short,717,threshold_reset,120.0,0,140.0
short,717,readiness_current,120.0,0,140.0
short,717,readiness_history,120.0,0,140.0
short,717,oracle,120.0,0,140.0
short,718,fixed_6,6.0,0,140.0
short,718,fixed_12,12.0,0,140.0
short,718,fixed_24,24.0,0,140.0
short,718,fixed_48,48.0,0,140.0
short,718,threshold_reset,120.0,0,140.0
short,718,readiness_current,120.0,0,140.0
short,718,readiness_history,120.0,0,140.0
short,718,oracle,120.0,0,140.0
short,719,fixed_6,6.0,0,140.0
short,719,fixed_12,12.0,0,140.0
short,719,fixed_24,24.0,0,140.0
short,719,fixed_48,48.0,0,140.0
short,719,threshold_reset,120.0,0,140.0
short,719,readiness_current,120.0,0,140.0
short,719,readiness_history,120.0,0,140.0
short,719,oracle,120.0,0,140.0
short,720,fixed_6,6.0,0,140.0
short,720,fixed_12,12.0,0,140.0
short,720,fixed_24,24.0,0,140.0
short,720,fixed_48,48.0,0,140.0
short,720,threshold_reset,120.0,0,140.0
short,720,readiness_current,120.0,0,140.0
short,720,readiness_history,120.0,0,140.0
short,720,oracle,120.0,0,140.0
short,721,fixed_6,6.0,0,140.0
short,721,fixed_12,12.0,0,140.0
short,721,fixed_24,24.0,0,140.0
short,721,fixed_48,48.0,0,140.0
short,721,threshold_reset,120.0,0,140.0
short,721,readiness_current,120.0,0,140.0
short,721,readiness_history,120.0,0,140.0
short,721,oracle,120.0,0,140.0
short,722,fixed_6,6.0,0,140.0
short,722,fixed_12,12.0,0,140.0
short,722,fixed_24,24.0,0,140.0
short,722,fixed_48,48.0,0,140.0
short,722,threshold_reset,120.0,0,140.0
short,722,readiness_current,120.0,0,140.0
short,722,readiness_history,120.0,0,140.0
short,722,oracle,120.0,0,140.0
short,723,fixed_6,6.0,0,140.0
short,723,fixed_12,12.0,0,140.0
short,723,fixed_24,24.0,0,140.0
short,723,fixed_48,48.0,0,140.0
short,723,threshold_reset,110.0,0,140.0
short,723,readiness_current,120.0,0,140.0
short,723,readiness_history,120.0,0,140.0
short,723,oracle,120.0,0,140.0
short,724,fixed_6,6.0,0,140.0
short,724,fixed_12,12.0,0,140.0
short,724,fixed_24,24.0,0,140.0
short,724,fixed_48,48.0,0,140.0
short,724,threshold_reset,120.0,0,140.0
short,724,readiness_current,120.0,0,140.0
short,724,readiness_history,120.0,0,140.0
short,724,oracle,120.0,0,140.0
short,725,fixed_6,6.0,0,140.0
short,725,fixed_12,12.0,0,140.0
short,725,fixed_24,24.0,0,140.0
short,725,fixed_48,48.0,0,140.0
short,725,threshold_reset,120.0,0,140.0
short,725,readiness_current,120.0,0,140.0
short,725,readiness_history,120.0,0,140.0
short,725,oracle,120.0,0,140.0
short,726,fixed_6,6.0,0,140.0
short,726,fixed_12,12.0,0,140.0
short,726,fixed_24,24.0,0,140.0
short,726,fixed_48,48.0,0,140.0
short,726,threshold_reset,120.0,0,140.0
short,726,readiness_current,120.0,0,140.0
short,726,readiness_history,120.0,0,140.0
short,726,oracle,120.0,0,140.0
short,727,fixed_6,6.0,0,140.0
short,727,fixed_12,12.0,0,140.0
short,727,fixed_24,24.0,0,140.0
short,727,fixed_48,48.0,0,140.0
short,727,threshold_reset,120.0,0,140.0
short,727,readiness_current,120.0,0,140.0
short,727,readiness_history,120.0,0,140.0
short,727,oracle,120.0,0,140.0
short,728,fixed_6,6.0,0,140.0
short,728,fixed_12,12.0,0,140.0
short,728,fixed_24,24.0,0,140.0
short,728,fixed_48,48.0,0,140.0
short,728,threshold_reset,120.0,0,140.0
short,728,readiness_current,120.0,0,140.0
short,728,readiness_history,120.0,0,140.0
short,728,oracle,120.0,0,140.0
short,729,fixed_6,6.0,0,140.0
short,729,fixed_12,12.0,0,140.0
short,729,fixed_24,24.0,0,140.0
short,729,fixed_48,48.0,0,140.0
short,729,threshold_reset,120.0,0,140.0
short,729,readiness_current,120.0,0,140.0
short,729,readiness_history,120.0,0,140.0
short,729,oracle,120.0,0,140.0
short,730,fixed_6,6.0,0,140.0
short,730,fixed_12,12.0,0,140.0
short,730,fixed_24,24.0,0,140.0
short,730,fixed_48,48.0,0,140.0
short,730,threshold_reset,120.0,0,140.0
short,730,readiness_current,120.0,0,140.0
short,730,readiness_history,120.0,0,140.0
short,730,oracle,120.0,0,140.0
short,731,fixed_6,6.0,0,140.0
short,731,fixed_12,12.0,0,140.0
short,731,fixed_24,24.0,0,140.0
short,731,fixed_48,48.0,0,140.0
short,731,threshold_reset,120.0,0,140.0
short,731,readiness_current,120.0,0,140.0
short,731,readiness_history,120.0,0,140.0
short,731,oracle,120.0,0,140.0
short,732,fixed_6,6.0,0,140.0
short,732,fixed_12,12.0,0,140.0
short,732,fixed_24,24.0,0,140.0
short,732,fixed_48,48.0,0,140.0
short,732,threshold_reset,120.0,0,140.0
short,732,readiness_current,120.0,0,140.0
short,732,readiness_history,120.0,0,140.0
short,732,oracle,120.0,0,140.0
short,733,fixed_6,6.0,0,140.0
short,733,fixed_12,12.0,0,140.0
short,733,fixed_24,24.0,0,140.0
short,733,fixed_48,48.0,0,140.0
short,733,threshold_reset,120.0,0,140.0
short,733,readiness_current,120.0,0,140.0
short,733,readiness_history,120.0,0,140.0
short,733,oracle,120.0,0,140.0
short,734,fixed_6,6.0,0,140.0
short,734,fixed_12,12.0,0,140.0
short,734,fixed_24,24.0,0,140.0
short,734,fixed_48,48.0,0,140.0
short,734,threshold_reset,120.0,0,140.0
short,734,readiness_current,120.0,0,140.0
short,734,readiness_history,120.0,0,140.0
short,734,oracle,120.0,0,140.0
short,735,fixed_6,6.0,0,140.0
short,735,fixed_12,12.0,0,140.0
short,735,fixed_24,24.0,0,140.0
short,735,fixed_48,48.0,0,140.0
short,735,threshold_reset,120.0,0,140.0
short,735,readiness_current,120.0,0,140.0
short,735,readiness_history,120.0,0,140.0
short,735,oracle,120.0,0,140.0
short,736,fixed_6,6.0,0,140.0
short,736,fixed_12,12.0,0,140.0
short,736,fixed_24,24.0,0,140.0
short,736,fixed_48,48.0,0,140.0
short,736,threshold_reset,120.0,0,140.0
short,736,readiness_current,120.0,0,140.0
short,736,readiness_history,120.0,0,140.0
short,736,oracle,120.0,0,140.0
short,737,fixed_6,6.0,0,140.0
short,737,fixed_12,12.0,0,140.0
short,737,fixed_24,24.0,0,140.0
short,737,fixed_48,48.0,0,140.0
short,737,threshold_reset,120.0,0,140.0
short,737,readiness_current,120.0,0,140.0
short,737,readiness_history,120.0,0,140.0
short,737,oracle,120.0,0,140.0
short,738,fixed_6,6.0,0,140.0
short,738,fixed_12,12.0,0,140.0
short,738,fixed_24,24.0,0,140.0
short,738,fixed_48,48.0,0,140.0
short,738,threshold_reset,120.0,0,140.0
short,738,readiness_current,120.0,0,140.0
short,738,readiness_history,120.0,0,140.0
short,738,oracle,120.0,0,140.0
short,739,fixed_6,6.0,0,140.0
short,739,fixed_12,12.0,0,140.0
short,739,fixed_24,24.0,0,140.0
short,739,fixed_48,48.0,0,140.0
short,739,threshold_reset,120.0,0,140.0
short,739,readiness_current,120.0,0,140.0
short,739,readiness_history,120.0,0,140.0
short,739,oracle,120.0,0,140.0
short,740,fixed_6,6.0,0,140.0
short,740,fixed_12,12.0,0,140.0
short,740,fixed_24,24.0,0,140.0
short,740,fixed_48,48.0,0,140.0
short,740,threshold_reset,120.0,0,140.0
short,740,readiness_current,120.0,0,140.0
short,740,readiness_history,120.0,0,140.0
short,740,oracle,120.0,0,140.0
short,741,fixed_6,6.0,0,140.0
short,741,fixed_12,12.0,0,140.0
short,741,fixed_24,24.0,0,140.0
short,741,fixed_48,48.0,0,140.0
short,741,threshold_reset,120.0,0,140.0
short,741,readiness_current,120.0,0,140.0
short,741,readiness_history,120.0,0,140.0
short,741,oracle,120.0,0,140.0
short,742,fixed_6,6.0,0,140.0
short,742,fixed_12,12.0,0,140.0
short,742,fixed_24,24.0,0,140.0
short,742,fixed_48,48.0,0,140.0
short,742,threshold_reset,120.0,0,140.0
short,742,readiness_current,120.0,0,140.0
short,742,readiness_history,120.0,0,140.0
short,742,oracle,120.0,0,140.0
short,743,fixed_6,6.0,0,140.0
short,743,fixed_12,12.0,0,140.0
short,743,fixed_24,24.0,0,140.0
short,743,fixed_48,48.0,0,140.0
short,743,threshold_reset,120.0,0,140.0
short,743,readiness_current,120.0,0,140.0
short,743,readiness_history,120.0,0,140.0
short,743,oracle,120.0,0,140.0
short,744,fixed_6,6.0,0,140.0
short,744,fixed_12,12.0,0,140.0
short,744,fixed_24,24.0,0,140.0
short,744,fixed_48,48.0,0,140.0
short,744,threshold_reset,120.0,0,140.0
short,744,readiness_current,120.0,0,140.0
short,744,readiness_history,120.0,0,140.0
short,744,oracle,120.0,0,140.0
short,745,fixed_6,6.0,0,140.0
short,745,fixed_12,12.0,0,140.0
short,745,fixed_24,24.0,0,140.0
short,745,fixed_48,48.0,0,140.0
short,745,threshold_reset,120.0,0,140.0
short,745,readiness_current,120.0,0,140.0
short,745,readiness_history,120.0,0,140.0
short,745,oracle,120.0,0,140.0
short,746,fixed_6,6.0,0,140.0
short,746,fixed_12,12.0,0,140.0
short,746,fixed_24,24.0,0,140.0
short,746,fixed_48,48.0,0,140.0
short,746,threshold_reset,120.0,0,140.0
short,746,readiness_current,120.0,0,140.0
short,746,readiness_history,120.0,0,140.0
short,746,oracle,120.0,0,140.0
short,747,fixed_6,6.0,0,140.0
short,747,fixed_12,12.0,0,140.0
short,747,fixed_24,24.0,0,140.0
short,747,fixed_48,48.0,0,140.0
short,747,threshold_reset,120.0,0,140.0
short,747,readiness_current,120.0,0,140.0
short,747,readiness_history,120.0,0,140.0
short,747,oracle,120.0,0,140.0
short,748,fixed_6,6.0,0,140.0
short,748,fixed_12,12.0,0,140.0
short,748,fixed_24,24.0,0,140.0
short,748,fixed_48,48.0,0,140.0
short,748,threshold_reset,120.0,0,140.0
short,748,readiness_current,120.0,0,140.0
short,748,readiness_history,120.0,0,140.0
short,748,oracle,120.0,0,140.0
short,749,fixed_6,6.0,0,140.0
short,749,fixed_12,12.0,0,140.0
short,749,fixed_24,24.0,0,140.0
short,749,fixed_48,48.0,0,140.0
short,749,threshold_reset,120.0,0,140.0
short,749,readiness_current,120.0,0,140.0
short,749,readiness_history,120.0,0,140.0
short,749,oracle,120.0,0,140.0
short,750,fixed_6,6.0,0,140.0
short,750,fixed_12,12.0,0,140.0
short,750,fixed_24,24.0,0,140.0
short,750,fixed_48,48.0,0,140.0
short,750,threshold_reset,120.0,0,140.0
short,750,readiness_current,120.0,0,140.0
short,750,readiness_history,120.0,0,140.0
short,750,oracle,120.0,0,140.0
short,751,fixed_6,6.0,0,140.0
short,751,fixed_12,12.0,0,140.0
short,751,fixed_24,24.0,0,140.0
short,751,fixed_48,48.0,0,140.0
short,751,threshold_reset,120.0,0,140.0
short,751,readiness_current,120.0,0,140.0
short,751,readiness_history,120.0,0,140.0
short,751,oracle,120.0,0,140.0
short,752,fixed_6,6.0,0,140.0
short,752,fixed_12,12.0,0,140.0
short,752,fixed_24,24.0,0,140.0
short,752,fixed_48,48.0,0,140.0
short,752,threshold_reset,120.0,0,140.0
short,752,readiness_current,120.0,0,140.0
short,752,readiness_history,120.0,0,140.0
short,752,oracle,120.0,0,140.0
short,753,fixed_6,6.0,0,140.0
short,753,fixed_12,12.0,0,140.0
short,753,fixed_24,24.0,0,140.0
short,753,fixed_48,48.0,0,140.0
short,753,threshold_reset,120.0,0,140.0
short,753,readiness_current,120.0,0,140.0
short,753,readiness_history,120.0,0,140.0
short,753,oracle,120.0,0,140.0
short,754,fixed_6,6.0,0,140.0
short,754,fixed_12,12.0,0,140.0
short,754,fixed_24,24.0,0,140.0
short,754,fixed_48,48.0,0,140.0
short,754,threshold_reset,120.0,0,140.0
short,754,readiness_current,120.0,0,140.0
short,754,readiness_history,120.0,0,140.0
short,754,oracle,120.0,0,140.0
short,755,fixed_6,6.0,0,140.0
short,755,fixed_12,12.0,0,140.0
short,755,fixed_24,24.0,0,140.0
short,755,fixed_48,48.0,0,140.0
short,755,threshold_reset,120.0,0,140.0
short,755,readiness_current,120.0,0,140.0
short,755,readiness_history,120.0,0,140.0
short,755,oracle,120.0,0,140.0
short,756,fixed_6,6.0,0,140.0
short,756,fixed_12,12.0,0,140.0
short,756,fixed_24,24.0,0,140.0
short,756,fixed_48,48.0,0,140.0
short,756,threshold_reset,120.0,0,140.0
short,756,readiness_current,120.0,0,140.0
short,756,readiness_history,120.0,0,140.0
short,756,oracle,120.0,0,140.0
short,757,fixed_6,6.0,0,140.0
short,757,fixed_12,12.0,0,140.0
short,757,fixed_24,24.0,0,140.0
short,757,fixed_48,48.0,0,140.0
short,757,threshold_reset,120.0,0,140.0
short,757,readiness_current,120.0,0,140.0
short,757,readiness_history,120.0,0,140.0
short,757,oracle,120.0,0,140.0
short,758,fixed_6,6.0,0,140.0
short,758,fixed_12,12.0,0,140.0
short,758,fixed_24,24.0,0,140.0
short,758,fixed_48,48.0,0,140.0
short,758,threshold_reset,120.0,0,140.0
short,758,readiness_current,120.0,0,140.0
short,758,readiness_history,120.0,0,140.0
short,758,oracle,120.0,0,140.0
short,759,fixed_6,6.0,0,140.0
short,759,fixed_12,12.0,0,140.0
short,759,fixed_24,24.0,0,140.0
short,759,fixed_48,48.0,0,140.0
short,759,threshold_reset,120.0,0,140.0
short,759,readiness_current,120.0,0,140.0
short,759,readiness_history,120.0,0,140.0
short,759,oracle,120.0,0,140.0
short,760,fixed_6,6.0,0,140.0
short,760,fixed_12,12.0,0,140.0
short,760,fixed_24,24.0,0,140.0
short,760,fixed_48,48.0,0,140.0
short,760,threshold_reset,120.0,0,140.0
short,760,readiness_current,120.0,0,140.0
short,760,readiness_history,120.0,0,140.0
short,760,oracle,120.0,0,140.0
short,761,fixed_6,6.0,0,140.0
short,761,fixed_12,12.0,0,140.0
short,761,fixed_24,24.0,0,140.0
short,761,fixed_48,48.0,0,140.0
short,761,threshold_reset,120.0,0,140.0
short,761,readiness_current,120.0,0,140.0
short,761,readiness_history,120.0,0,140.0
short,761,oracle,120.0,0,140.0
short,762,fixed_6,6.0,0,140.0
short,762,fixed_12,12.0,0,140.0
short,762,fixed_24,24.0,0,140.0
short,762,fixed_48,48.0,0,140.0
short,762,threshold_reset,120.0,0,140.0
short,762,readiness_current,120.0,0,140.0
short,762,readiness_history,120.0,0,140.0
short,762,oracle,120.0,0,140.0
short,763,fixed_6,6.0,0,140.0
short,763,fixed_12,12.0,0,140.0
short,763,fixed_24,24.0,0,140.0
short,763,fixed_48,48.0,0,140.0
short,763,threshold_reset,120.0,0,140.0
short,763,readiness_current,120.0,0,140.0
short,763,readiness_history,120.0,0,140.0
short,763,oracle,120.0,0,140.0
short,764,fixed_6,6.0,0,140.0
short,764,fixed_12,12.0,0,140.0
short,764,fixed_24,24.0,0,140.0
short,764,fixed_48,48.0,0,140.0
short,764,threshold_reset,120.0,0,140.0
short,764,readiness_current,120.0,0,140.0
short,764,readiness_history,120.0,0,140.0
short,764,oracle,120.0,0,140.0
short,765,fixed_6,6.0,0,140.0
short,765,fixed_12,12.0,0,140.0
short,765,fixed_24,24.0,0,140.0
short,765,fixed_48,48.0,0,140.0
short,765,threshold_reset,120.0,0,140.0
short,765,readiness_current,120.0,0,140.0
short,765,readiness_history,120.0,0,140.0
short,765,oracle,120.0,0,140.0
short,766,fixed_6,6.0,0,140.0
short,766,fixed_12,12.0,0,140.0
short,766,fixed_24,24.0,0,140.0
short,766,fixed_48,48.0,0,140.0
short,766,threshold_reset,120.0,0,140.0
short,766,readiness_current,120.0,0,140.0
short,766,readiness_history,120.0,0,140.0
short,766,oracle,120.0,0,140.0
short,767,fixed_6,6.0,0,140.0
short,767,fixed_12,12.0,0,140.0
short,767,fixed_24,24.0,0,140.0
short,767,fixed_48,48.0,0,140.0
short,767,threshold_reset,120.0,0,140.0
short,767,readiness_current,120.0,0,140.0
short,767,readiness_history,120.0,0,140.0
short,767,oracle,120.0,0,140.0
short,768,fixed_6,6.0,0,140.0
short,768,fixed_12,12.0,0,140.0
short,768,fixed_24,24.0,0,140.0
short,768,fixed_48,48.0,0,140.0
short,768,threshold_reset,120.0,0,140.0
short,768,readiness_current,120.0,0,140.0
short,768,readiness_history,120.0,0,140.0
short,768,oracle,120.0,0,140.0
short,769,fixed_6,6.0,0,140.0
short,769,fixed_12,12.0,0,140.0
short,769,fixed_24,24.0,0,140.0
short,769,fixed_48,48.0,0,140.0
short,769,threshold_reset,120.0,0,140.0
short,769,readiness_current,120.0,0,140.0
short,769,readiness_history,120.0,0,140.0
short,769,oracle,120.0,0,140.0
short,770,fixed_6,6.0,0,140.0
short,770,fixed_12,12.0,0,140.0
short,770,fixed_24,24.0,0,140.0
short,770,fixed_48,48.0,0,140.0
short,770,threshold_reset,120.0,0,140.0
short,770,readiness_current,120.0,0,140.0
short,770,readiness_history,120.0,0,140.0
short,770,oracle,120.0,0,140.0
short,771,fixed_6,6.0,0,140.0
short,771,fixed_12,12.0,0,140.0
short,771,fixed_24,24.0,0,140.0
short,771,fixed_48,48.0,0,140.0
short,771,threshold_reset,120.0,0,140.0
short,771,readiness_current,120.0,0,140.0
short,771,readiness_history,120.0,0,140.0
short,771,oracle,120.0,0,140.0
short,772,fixed_6,6.0,0,140.0
short,772,fixed_12,12.0,0,140.0
short,772,fixed_24,24.0,0,140.0
short,772,fixed_48,48.0,0,140.0
short,772,threshold_reset,120.0,0,140.0
short,772,readiness_current,120.0,0,140.0
short,772,readiness_history,120.0,0,140.0
short,772,oracle,120.0,0,140.0
short,773,fixed_6,6.0,0,140.0
short,773,fixed_12,12.0,0,140.0
short,773,fixed_24,24.0,0,140.0
short,773,fixed_48,48.0,0,140.0
short,773,threshold_reset,120.0,0,140.0
short,773,readiness_current,120.0,0,140.0
short,773,readiness_history,120.0,0,140.0
short,773,oracle,120.0,0,140.0
short,774,fixed_6,6.0,0,140.0
short,774,fixed_12,12.0,0,140.0
short,774,fixed_24,24.0,0,140.0
short,774,fixed_48,48.0,0,140.0
short,774,threshold_reset,120.0,0,140.0
short,774,readiness_current,120.0,0,140.0
short,774,readiness_history,120.0,0,140.0
short,774,oracle,120.0,0,140.0
short,775,fixed_6,6.0,0,140.0
short,775,fixed_12,12.0,0,140.0
short,775,fixed_24,24.0,0,140.0
short,775,fixed_48,48.0,0,140.0
short,775,threshold_reset,120.0,0,140.0
short,775,readiness_current,120.0,0,140.0
short,775,readiness_history,120.0,0,140.0
short,775,oracle,120.0,0,140.0
short,776,fixed_6,6.0,0,140.0
short,776,fixed_12,12.0,0,140.0
short,776,fixed_24,24.0,0,140.0
short,776,fixed_48,48.0,0,140.0
short,776,threshold_reset,120.0,0,140.0
short,776,readiness_current,120.0,0,140.0
short,776,readiness_history,120.0,0,140.0
short,776,oracle,120.0,0,140.0
short,777,fixed_6,6.0,0,140.0
short,777,fixed_12,12.0,0,140.0
short,777,fixed_24,24.0,0,140.0
short,777,fixed_48,48.0,0,140.0
short,777,threshold_reset,120.0,0,140.0
short,777,readiness_current,120.0,0,140.0
short,777,readiness_history,120.0,0,140.0
short,777,oracle,120.0,0,140.0
short,778,fixed_6,6.0,0,140.0
short,778,fixed_12,12.0,0,140.0
short,778,fixed_24,24.0,0,140.0
short,778,fixed_48,48.0,0,140.0
short,778,threshold_reset,120.0,0,140.0
short,778,readiness_current,120.0,0,140.0
short,778,readiness_history,120.0,0,140.0
short,778,oracle,120.0,0,140.0
short,779,fixed_6,6.0,0,140.0
short,779,fixed_12,12.0,0,140.0
short,779,fixed_24,24.0,0,140.0
short,779,fixed_48,48.0,0,140.0
short,779,threshold_reset,120.0,0,140.0
short,779,readiness_current,120.0,0,140.0
short,779,readiness_history,120.0,0,140.0
short,779,oracle,120.0,0,140.0
short,780,fixed_6,6.0,0,140.0
short,780,fixed_12,12.0,0,140.0
short,780,fixed_24,24.0,0,140.0
short,780,fixed_48,48.0,0,140.0
short,780,threshold_reset,120.0,0,140.0
short,780,readiness_current,120.0,0,140.0
short,780,readiness_history,120.0,0,140.0
short,780,oracle,120.0,0,140.0
short,781,fixed_6,6.0,0,140.0
short,781,fixed_12,12.0,0,140.0
short,781,fixed_24,24.0,0,140.0
short,781,fixed_48,48.0,0,140.0
short,781,threshold_reset,120.0,0,140.0
short,781,readiness_current,120.0,0,140.0
short,781,readiness_history,120.0,0,140.0
short,781,oracle,120.0,0,140.0
short,782,fixed_6,6.0,0,140.0
short,782,fixed_12,12.0,0,140.0
short,782,fixed_24,24.0,0,140.0
short,782,fixed_48,48.0,0,140.0
short,782,threshold_reset,120.0,0,140.0
short,782,readiness_current,120.0,0,140.0
short,782,readiness_history,120.0,0,140.0
short,782,oracle,120.0,0,140.0
short,783,fixed_6,6.0,0,140.0
short,783,fixed_12,12.0,0,140.0
short,783,fixed_24,24.0,0,140.0
short,783,fixed_48,48.0,0,140.0
short,783,threshold_reset,120.0,0,140.0
short,783,readiness_current,120.0,0,140.0
short,783,readiness_history,120.0,0,140.0
short,783,oracle,120.0,0,140.0
short,784,fixed_6,6.0,0,140.0
short,784,fixed_12,12.0,0,140.0
short,784,fixed_24,24.0,0,140.0
short,784,fixed_48,48.0,0,140.0
short,784,threshold_reset,120.0,0,140.0
short,784,readiness_current,120.0,0,140.0
short,784,readiness_history,120.0,0,140.0
short,784,oracle,120.0,0,140.0
short,785,fixed_6,6.0,0,140.0
short,785,fixed_12,12.0,0,140.0
short,785,fixed_24,24.0,0,140.0
short,785,fixed_48,48.0,0,140.0
short,785,threshold_reset,120.0,0,140.0
short,785,readiness_current,120.0,0,140.0
short,785,readiness_history,120.0,0,140.0
short,785,oracle,120.0,0,140.0
short,786,fixed_6,6.0,0,140.0
short,786,fixed_12,12.0,0,140.0
short,786,fixed_24,24.0,0,140.0
short,786,fixed_48,48.0,0,140.0
short,786,threshold_reset,120.0,0,140.0
short,786,readiness_current,120.0,0,140.0
short,786,readiness_history,120.0,0,140.0
short,786,oracle,120.0,0,140.0
short,787,fixed_6,6.0,0,140.0
short,787,fixed_12,12.0,0,140.0
short,787,fixed_24,24.0,0,140.0
short,787,fixed_48,48.0,0,140.0
short,787,threshold_reset,120.0,0,140.0
short,787,readiness_current,120.0,0,140.0
short,787,readiness_history,120.0,0,140.0
short,787,oracle,120.0,0,140.0
short,788,fixed_6,6.0,0,140.0
short,788,fixed_12,12.0,0,140.0
short,788,fixed_24,24.0,0,140.0
short,788,fixed_48,48.0,0,140.0
short,788,threshold_reset,120.0,0,140.0
short,788,readiness_current,120.0,0,140.0
short,788,readiness_history,120.0,0,140.0
short,788,oracle,120.0,0,140.0
short,789,fixed_6,6.0,0,140.0
short,789,fixed_12,12.0,0,140.0
short,789,fixed_24,24.0,0,140.0
short,789,fixed_48,48.0,0,140.0
short,789,threshold_reset,120.0,0,140.0
short,789,readiness_current,120.0,0,140.0
short,789,readiness_history,120.0,0,140.0
short,789,oracle,120.0,0,140.0
short,790,fixed_6,6.0,0,140.0
short,790,fixed_12,12.0,0,140.0
short,790,fixed_24,24.0,0,140.0
short,790,fixed_48,48.0,0,140.0
short,790,threshold_reset,120.0,0,140.0
short,790,readiness_current,120.0,0,140.0
short,790,readiness_history,120.0,0,140.0
short,790,oracle,120.0,0,140.0
short,791,fixed_6,6.0,0,140.0
short,791,fixed_12,12.0,0,140.0
short,791,fixed_24,24.0,0,140.0
short,791,fixed_48,48.0,0,140.0
short,791,threshold_reset,120.0,0,140.0
short,791,readiness_current,120.0,0,140.0
short,791,readiness_history,120.0,0,140.0
short,791,oracle,120.0,0,140.0
short,792,fixed_6,6.0,0,140.0
short,792,fixed_12,12.0,0,140.0
short,792,fixed_24,24.0,0,140.0
short,792,fixed_48,48.0,0,140.0
short,792,threshold_reset,120.0,0,140.0
short,792,readiness_current,120.0,0,140.0
short,792,readiness_history,120.0,0,140.0
short,792,oracle,120.0,0,140.0
short,793,fixed_6,6.0,0,140.0
short,793,fixed_12,12.0,0,140.0
short,793,fixed_24,24.0,0,140.0
short,793,fixed_48,48.0,0,140.0
short,793,threshold_reset,120.0,0,140.0
short,793,readiness_current,120.0,0,140.0
short,793,readiness_history,120.0,0,140.0
short,793,oracle,120.0,0,140.0
short,794,fixed_6,6.0,0,140.0
short,794,fixed_12,12.0,0,140.0
short,794,fixed_24,24.0,0,140.0
short,794,fixed_48,48.0,0,140.0
short,794,threshold_reset,120.0,0,140.0
short,794,readiness_current,120.0,0,140.0
short,794,readiness_history,120.0,0,140.0
short,794,oracle,120.0,0,140.0
short,795,fixed_6,6.0,0,140.0
short,795,fixed_12,12.0,0,140.0
short,795,fixed_24,24.0,0,140.0
short,795,fixed_48,48.0,0,140.0
short,795,threshold_reset,120.0,0,140.0
short,795,readiness_current,120.0,0,140.0
short,795,readiness_history,120.0,0,140.0
short,795,oracle,120.0,0,140.0
short,796,fixed_6,6.0,0,140.0
short,796,fixed_12,12.0,0,140.0
short,796,fixed_24,24.0,0,140.0
short,796,fixed_48,48.0,0,140.0
short,796,threshold_reset,120.0,0,140.0
short,796,readiness_current,120.0,0,140.0
short,796,readiness_history,120.0,0,140.0
short,796,oracle,120.0,0,140.0
short,797,fixed_6,6.0,0,140.0
short,797,fixed_12,12.0,0,140.0
short,797,fixed_24,24.0,0,140.0
short,797,fixed_48,48.0,0,140.0
short,797,threshold_reset,120.0,0,140.0
short,797,readiness_current,120.0,0,140.0
short,797,readiness_history,120.0,0,140.0
short,797,oracle,120.0,0,140.0
short,798,fixed_6,6.0,0,140.0
short,798,fixed_12,12.0,0,140.0
short,798,fixed_24,24.0,0,140.0
short,798,fixed_48,48.0,0,140.0
short,798,threshold_reset,120.0,0,140.0
short,798,readiness_current,120.0,0,140.0
short,798,readiness_history,120.0,0,140.0
short,798,oracle,120.0,0,140.0
short,799,fixed_6,6.0,0,140.0
short,799,fixed_12,12.0,0,140.0
short,799,fixed_24,24.0,0,140.0
short,799,fixed_48,48.0,0,140.0
short,799,threshold_reset,120.0,0,140.0
short,799,readiness_current,120.0,0,140.0
short,799,readiness_history,120.0,0,140.0
short,799,oracle,120.0,0,140.0
short,800,fixed_6,6.0,0,140.0
short,800,fixed_12,12.0,0,140.0
short,800,fixed_24,24.0,0,140.0
short,800,fixed_48,48.0,0,140.0
short,800,threshold_reset,120.0,0,140.0
short,800,readiness_current,120.0,0,140.0
short,800,readiness_history,120.0,0,140.0
short,800,oracle,120.0,0,140.0
short,801,fixed_6,6.0,0,140.0
short,801,fixed_12,12.0,0,140.0
short,801,fixed_24,24.0,0,140.0
short,801,fixed_48,48.0,0,140.0
short,801,threshold_reset,120.0,0,140.0
short,801,readiness_current,120.0,0,140.0
short,801,readiness_history,120.0,0,140.0
short,801,oracle,120.0,0,140.0
short,802,fixed_6,6.0,0,140.0
short,802,fixed_12,12.0,0,140.0
short,802,fixed_24,24.0,0,140.0
short,802,fixed_48,48.0,0,140.0
short,802,threshold_reset,120.0,0,140.0
short,802,readiness_current,120.0,0,140.0
short,802,readiness_history,120.0,0,140.0
short,802,oracle,120.0,0,140.0
short,803,fixed_6,6.0,0,140.0
short,803,fixed_12,12.0,0,140.0
short,803,fixed_24,24.0,0,140.0
short,803,fixed_48,48.0,0,140.0
short,803,threshold_reset,120.0,0,140.0
short,803,readiness_current,120.0,0,140.0
short,803,readiness_history,120.0,0,140.0
short,803,oracle,120.0,0,140.0
short,804,fixed_6,6.0,0,140.0
short,804,fixed_12,12.0,0,140.0
short,804,fixed_24,24.0,0,140.0
short,804,fixed_48,48.0,0,140.0
short,804,threshold_reset,120.0,0,140.0
short,804,readiness_current,120.0,0,140.0
short,804,readiness_history,120.0,0,140.0
short,804,oracle,120.0,0,140.0
short,805,fixed_6,6.0,0,140.0
short,805,fixed_12,12.0,0,140.0
short,805,fixed_24,24.0,0,140.0
short,805,fixed_48,48.0,0,140.0
short,805,threshold_reset,120.0,0,140.0
short,805,readiness_current,120.0,0,140.0
short,805,readiness_history,120.0,0,140.0
short,805,oracle,120.0,0,140.0
short,806,fixed_6,6.0,0,140.0
short,806,fixed_12,12.0,0,140.0
short,806,fixed_24,24.0,0,140.0
short,806,fixed_48,48.0,0,140.0
short,806,threshold_reset,120.0,0,140.0
short,806,readiness_current,120.0,0,140.0
short,806,readiness_history,120.0,0,140.0
short,806,oracle,120.0,0,140.0
short,807,fixed_6,6.0,0,140.0
short,807,fixed_12,12.0,0,140.0
short,807,fixed_24,24.0,0,140.0
short,807,fixed_48,48.0,0,140.0
short,807,threshold_reset,120.0,0,140.0
short,807,readiness_current,120.0,0,140.0
short,807,readiness_history,120.0,0,140.0
short,807,oracle,120.0,0,140.0
short,808,fixed_6,6.0,0,140.0
short,808,fixed_12,12.0,0,140.0
short,808,fixed_24,24.0,0,140.0
short,808,fixed_48,48.0,0,140.0
short,808,threshold_reset,120.0,0,140.0
short,808,readiness_current,120.0,0,140.0
short,808,readiness_history,120.0,0,140.0
short,808,oracle,120.0,0,140.0
short,809,fixed_6,6.0,0,140.0
short,809,fixed_12,12.0,0,140.0
short,809,fixed_24,24.0,0,140.0
short,809,fixed_48,48.0,0,140.0
short,809,threshold_reset,120.0,0,140.0
short,809,readiness_current,120.0,0,140.0
short,809,readiness_history,120.0,0,140.0
short,809,oracle,120.0,0,140.0
short,810,fixed_6,6.0,0,140.0
short,810,fixed_12,12.0,0,140.0
short,810,fixed_24,24.0,0,140.0
short,810,fixed_48,48.0,0,140.0
short,810,threshold_reset,120.0,0,140.0
short,810,readiness_current,120.0,0,140.0
short,810,readiness_history,120.0,0,140.0
short,810,oracle,120.0,0,140.0
short,811,fixed_6,6.0,0,140.0
short,811,fixed_12,12.0,0,140.0
short,811,fixed_24,24.0,0,140.0
short,811,fixed_48,48.0,0,140.0
short,811,threshold_reset,120.0,0,140.0
short,811,readiness_current,120.0,0,140.0
short,811,readiness_history,120.0,0,140.0
short,811,oracle,120.0,0,140.0
short,812,fixed_6,6.0,0,140.0
short,812,fixed_12,12.0,0,140.0
short,812,fixed_24,24.0,0,140.0
short,812,fixed_48,48.0,0,140.0
short,812,threshold_reset,120.0,0,140.0
short,812,readiness_current,120.0,0,140.0
short,812,readiness_history,120.0,0,140.0
short,812,oracle,120.0,0,140.0
short,813,fixed_6,6.0,0,140.0
short,813,fixed_12,12.0,0,140.0
short,813,fixed_24,24.0,0,140.0
short,813,fixed_48,48.0,0,140.0
short,813,threshold_reset,120.0,0,140.0
short,813,readiness_current,120.0,0,140.0
short,813,readiness_history,120.0,0,140.0
short,813,oracle,120.0,0,140.0
short,814,fixed_6,6.0,0,140.0
short,814,fixed_12,12.0,0,140.0
short,814,fixed_24,24.0,0,140.0
short,814,fixed_48,48.0,0,140.0
short,814,threshold_reset,120.0,0,140.0
short,814,readiness_current,120.0,0,140.0
short,814,readiness_history,120.0,0,140.0
short,814,oracle,120.0,0,140.0
short,815,fixed_6,6.0,0,140.0
short,815,fixed_12,12.0,0,140.0
short,815,fixed_24,24.0,0,140.0
short,815,fixed_48,48.0,0,140.0
short,815,threshold_reset,120.0,0,140.0
short,815,readiness_current,120.0,0,140.0
short,815,readiness_history,120.0,0,140.0
short,815,oracle,120.0,0,140.0
short,816,fixed_6,6.0,0,140.0
short,816,fixed_12,12.0,0,140.0
short,816,fixed_24,24.0,0,140.0
short,816,fixed_48,48.0,0,140.0
short,816,threshold_reset,120.0,0,140.0
short,816,readiness_current,120.0,0,140.0
short,816,readiness_history,120.0,0,140.0
short,816,oracle,120.0,0,140.0
short,817,fixed_6,6.0,0,140.0
short,817,fixed_12,12.0,0,140.0
short,817,fixed_24,24.0,0,140.0
short,817,fixed_48,48.0,0,140.0
short,817,threshold_reset,120.0,0,140.0
short,817,readiness_current,120.0,0,140.0
short,817,readiness_history,120.0,0,140.0
short,817,oracle,120.0,0,140.0
short,818,fixed_6,6.0,0,140.0
short,818,fixed_12,12.0,0,140.0
short,818,fixed_24,24.0,0,140.0
short,818,fixed_48,48.0,0,140.0
short,818,threshold_reset,120.0,0,140.0
short,818,readiness_current,120.0,0,140.0
short,818,readiness_history,120.0,0,140.0
short,818,oracle,120.0,0,140.0
short,819,fixed_6,6.0,0,140.0
short,819,fixed_12,12.0,0,140.0
short,819,fixed_24,24.0,0,140.0
short,819,fixed_48,48.0,0,140.0
short,819,threshold_reset,120.0,0,140.0
short,819,readiness_current,120.0,0,140.0
short,819,readiness_history,120.0,0,140.0
short,819,oracle,120.0,0,140.0
short,820,fixed_6,6.0,0,140.0
short,820,fixed_12,12.0,0,140.0
short,820,fixed_24,24.0,0,140.0
short,820,fixed_48,48.0,0,140.0
short,820,threshold_reset,120.0,0,140.0
short,820,readiness_current,120.0,0,140.0
short,820,readiness_history,120.0,0,140.0
short,820,oracle,120.0,0,140.0
short,821,fixed_6,6.0,0,140.0
short,821,fixed_12,12.0,0,140.0
short,821,fixed_24,24.0,0,140.0
short,821,fixed_48,48.0,0,140.0
short,821,threshold_reset,120.0,0,140.0
short,821,readiness_current,120.0,0,140.0
short,821,readiness_history,120.0,0,140.0
short,821,oracle,120.0,0,140.0
short,822,fixed_6,6.0,0,140.0
short,822,fixed_12,12.0,0,140.0
short,822,fixed_24,24.0,0,140.0
short,822,fixed_48,48.0,0,140.0
short,822,threshold_reset,120.0,0,140.0
short,822,readiness_current,120.0,0,140.0
short,822,readiness_history,120.0,0,140.0
short,822,oracle,120.0,0,140.0
short,823,fixed_6,6.0,0,140.0
short,823,fixed_12,12.0,0,140.0
short,823,fixed_24,24.0,0,140.0
short,823,fixed_48,48.0,0,140.0
short,823,threshold_reset,120.0,0,140.0
short,823,readiness_current,120.0,0,140.0
short,823,readiness_history,120.0,0,140.0
short,823,oracle,120.0,0,140.0
short,824,fixed_6,6.0,0,140.0
short,824,fixed_12,12.0,0,140.0
short,824,fixed_24,24.0,0,140.0
short,824,fixed_48,48.0,0,140.0
short,824,threshold_reset,120.0,0,140.0
short,824,readiness_current,120.0,0,140.0
short,824,readiness_history,120.0,0,140.0
short,824,oracle,120.0,0,140.0
short,825,fixed_6,6.0,0,140.0
short,825,fixed_12,12.0,0,140.0
short,825,fixed_24,24.0,0,140.0
short,825,fixed_48,48.0,0,140.0
short,825,threshold_reset,120.0,0,140.0
short,825,readiness_current,120.0,0,140.0
short,825,readiness_history,120.0,0,140.0
short,825,oracle,120.0,0,140.0
short,826,fixed_6,6.0,0,140.0
short,826,fixed_12,12.0,0,140.0
short,826,fixed_24,24.0,0,140.0
short,826,fixed_48,48.0,0,140.0
short,826,threshold_reset,120.0,0,140.0
short,826,readiness_current,120.0,0,140.0
short,826,readiness_history,120.0,0,140.0
short,826,oracle,120.0,0,140.0
short,827,fixed_6,6.0,0,140.0
short,827,fixed_12,12.0,0,140.0
short,827,fixed_24,24.0,0,140.0
short,827,fixed_48,48.0,0,140.0
short,827,threshold_reset,120.0,0,140.0
short,827,readiness_current,120.0,0,140.0
short,827,readiness_history,120.0,0,140.0
short,827,oracle,120.0,0,140.0
short,828,fixed_6,6.0,0,140.0
short,828,fixed_12,12.0,0,140.0
short,828,fixed_24,24.0,0,140.0
short,828,fixed_48,48.0,0,140.0
short,828,threshold_reset,120.0,0,140.0
short,828,readiness_current,120.0,0,140.0
short,828,readiness_history,120.0,0,140.0
short,828,oracle,120.0,0,140.0
short,829,fixed_6,6.0,0,140.0
short,829,fixed_12,12.0,0,140.0
short,829,fixed_24,24.0,0,140.0
short,829,fixed_48,48.0,0,140.0
short,829,threshold_reset,120.0,0,140.0
short,829,readiness_current,120.0,0,140.0
short,829,readiness_history,120.0,0,140.0
short,829,oracle,120.0,0,140.0
short,830,fixed_6,6.0,0,140.0
short,830,fixed_12,12.0,0,140.0
short,830,fixed_24,24.0,0,140.0
short,830,fixed_48,48.0,0,140.0
short,830,threshold_reset,120.0,0,140.0
short,830,readiness_current,120.0,0,140.0
short,830,readiness_history,120.0,0,140.0
short,830,oracle,120.0,0,140.0
short,831,fixed_6,6.0,0,140.0
short,831,fixed_12,12.0,0,140.0
short,831,fixed_24,24.0,0,140.0
short,831,fixed_48,48.0,0,140.0
short,831,threshold_reset,120.0,0,140.0
short,831,readiness_current,120.0,0,140.0
short,831,readiness_history,120.0,0,140.0
short,831,oracle,120.0,0,140.0
short,832,fixed_6,6.0,0,140.0
short,832,fixed_12,12.0,0,140.0
short,832,fixed_24,24.0,0,140.0
short,832,fixed_48,48.0,0,140.0
short,832,threshold_reset,120.0,0,140.0
short,832,readiness_current,120.0,0,140.0
short,832,readiness_history,120.0,0,140.0
short,832,oracle,120.0,0,140.0
short,833,fixed_6,6.0,0,140.0
short,833,fixed_12,12.0,0,140.0
short,833,fixed_24,24.0,0,140.0
short,833,fixed_48,48.0,0,140.0
short,833,threshold_reset,120.0,0,140.0
short,833,readiness_current,120.0,0,140.0
short,833,readiness_history,120.0,0,140.0
short,833,oracle,120.0,0,140.0
short,834,fixed_6,6.0,0,140.0
short,834,fixed_12,12.0,0,140.0
short,834,fixed_24,24.0,0,140.0
short,834,fixed_48,48.0,0,140.0
short,834,threshold_reset,120.0,0,140.0
short,834,readiness_current,120.0,0,140.0
short,834,readiness_history,120.0,0,140.0
short,834,oracle,120.0,0,140.0
short,835,fixed_6,6.0,0,140.0
short,835,fixed_12,12.0,0,140.0
short,835,fixed_24,24.0,0,140.0
short,835,fixed_48,48.0,0,140.0
short,835,threshold_reset,120.0,0,140.0
short,835,readiness_current,120.0,0,140.0
short,835,readiness_history,120.0,0,140.0
short,835,oracle,120.0,0,140.0
short,836,fixed_6,6.0,0,140.0
short,836,fixed_12,12.0,0,140.0
short,836,fixed_24,24.0,0,140.0
short,836,fixed_48,48.0,0,140.0
short,836,threshold_reset,120.0,0,140.0
short,836,readiness_current,120.0,0,140.0
short,836,readiness_history,120.0,0,140.0
short,836,oracle,120.0,0,140.0
short,837,fixed_6,6.0,0,140.0
short,837,fixed_12,12.0,0,140.0
short,837,fixed_24,24.0,0,140.0
short,837,fixed_48,48.0,0,140.0
short,837,threshold_reset,120.0,0,140.0
short,837,readiness_current,120.0,0,140.0
short,837,readiness_history,120.0,0,140.0
short,837,oracle,120.0,0,140.0
short,838,fixed_6,6.0,0,140.0
short,838,fixed_12,12.0,0,140.0
short,838,fixed_24,24.0,0,140.0
short,838,fixed_48,48.0,0,140.0
short,838,threshold_reset,120.0,0,140.0
short,838,readiness_current,120.0,0,140.0
short,838,readiness_history,120.0,0,140.0
short,838,oracle,120.0,0,140.0
short,839,fixed_6,6.0,0,140.0
short,839,fixed_12,12.0,0,140.0
short,839,fixed_24,24.0,0,140.0
short,839,fixed_48,48.0,0,140.0
short,839,threshold_reset,120.0,0,140.0
short,839,readiness_current,120.0,0,140.0
short,839,readiness_history,120.0,0,140.0
short,839,oracle,120.0,0,140.0
short,840,fixed_6,6.0,0,140.0
short,840,fixed_12,12.0,0,140.0
short,840,fixed_24,24.0,0,140.0
short,840,fixed_48,48.0,0,140.0
short,840,threshold_reset,120.0,0,140.0
short,840,readiness_current,120.0,0,140.0
short,840,readiness_history,120.0,0,140.0
short,840,oracle,120.0,0,140.0
short,841,fixed_6,6.0,0,140.0
short,841,fixed_12,12.0,0,140.0
short,841,fixed_24,24.0,0,140.0
short,841,fixed_48,48.0,0,140.0
short,841,threshold_reset,120.0,0,140.0
short,841,readiness_current,120.0,0,140.0
short,841,readiness_history,120.0,0,140.0
short,841,oracle,120.0,0,140.0
short,842,fixed_6,6.0,0,140.0
short,842,fixed_12,12.0,0,140.0
short,842,fixed_24,24.0,0,140.0
short,842,fixed_48,48.0,0,140.0
short,842,threshold_reset,120.0,0,140.0
short,842,readiness_current,120.0,0,140.0
short,842,readiness_history,120.0,0,140.0
short,842,oracle,120.0,0,140.0
short,843,fixed_6,6.0,0,140.0
short,843,fixed_12,12.0,0,140.0
short,843,fixed_24,24.0,0,140.0
short,843,fixed_48,48.0,0,140.0
short,843,threshold_reset,120.0,0,140.0
short,843,readiness_current,120.0,0,140.0
short,843,readiness_history,120.0,0,140.0
short,843,oracle,120.0,0,140.0
short,844,fixed_6,6.0,0,140.0
short,844,fixed_12,12.0,0,140.0
short,844,fixed_24,24.0,0,140.0
short,844,fixed_48,48.0,0,140.0
short,844,threshold_reset,120.0,0,140.0
short,844,readiness_current,120.0,0,140.0
short,844,readiness_history,120.0,0,140.0
short,844,oracle,120.0,0,140.0
short,845,fixed_6,6.0,0,140.0
short,845,fixed_12,12.0,0,140.0
short,845,fixed_24,24.0,0,140.0
short,845,fixed_48,48.0,0,140.0
short,845,threshold_reset,120.0,0,140.0
short,845,readiness_current,120.0,0,140.0
short,845,readiness_history,120.0,0,140.0
short,845,oracle,120.0,0,140.0
short,846,fixed_6,6.0,0,140.0
short,846,fixed_12,12.0,0,140.0
short,846,fixed_24,24.0,0,140.0
short,846,fixed_48,48.0,0,140.0
short,846,threshold_reset,120.0,0,140.0
short,846,readiness_current,120.0,0,140.0
short,846,readiness_history,120.0,0,140.0
short,846,oracle,120.0,0,140.0
short,847,fixed_6,6.0,0,140.0
short,847,fixed_12,12.0,0,140.0
short,847,fixed_24,24.0,0,140.0
short,847,fixed_48,48.0,0,140.0
short,847,threshold_reset,120.0,0,140.0
short,847,readiness_current,120.0,0,140.0
short,847,readiness_history,120.0,0,140.0
short,847,oracle,120.0,0,140.0
short,848,fixed_6,6.0,0,140.0
short,848,fixed_12,12.0,0,140.0
short,848,fixed_24,24.0,0,140.0
short,848,fixed_48,48.0,0,140.0
short,848,threshold_reset,120.0,0,140.0
short,848,readiness_current,120.0,0,140.0
short,848,readiness_history,120.0,0,140.0
short,848,oracle,120.0,0,140.0
short,849,fixed_6,6.0,0,140.0
short,849,fixed_12,12.0,0,140.0
short,849,fixed_24,24.0,0,140.0
short,849,fixed_48,48.0,0,140.0
short,849,threshold_reset,120.0,0,140.0
short,849,readiness_current,120.0,0,140.0
short,849,readiness_history,120.0,0,140.0
short,849,oracle,120.0,0,140.0
short,850,fixed_6,6.0,0,140.0
short,850,fixed_12,12.0,0,140.0
short,850,fixed_24,24.0,0,140.0
short,850,fixed_48,48.0,0,140.0
short,850,threshold_reset,120.0,0,140.0
short,850,readiness_current,120.0,0,140.0
short,850,readiness_history,120.0,0,140.0
short,850,oracle,120.0,0,140.0
short,851,fixed_6,6.0,0,140.0
short,851,fixed_12,12.0,0,140.0
short,851,fixed_24,24.0,0,140.0
short,851,fixed_48,48.0,0,140.0
short,851,threshold_reset,120.0,0,140.0
short,851,readiness_current,120.0,0,140.0
short,851,readiness_history,120.0,0,140.0
short,851,oracle,120.0,0,140.0
short,852,fixed_6,6.0,0,140.0
short,852,fixed_12,12.0,0,140.0
short,852,fixed_24,24.0,0,140.0
short,852,fixed_48,48.0,0,140.0
short,852,threshold_reset,120.0,0,140.0
short,852,readiness_current,120.0,0,140.0
short,852,readiness_history,120.0,0,140.0
short,852,oracle,120.0,0,140.0
short,853,fixed_6,6.0,0,140.0
short,853,fixed_12,12.0,0,140.0
short,853,fixed_24,24.0,0,140.0
short,853,fixed_48,48.0,0,140.0
short,853,threshold_reset,120.0,0,140.0
short,853,readiness_current,120.0,0,140.0
short,853,readiness_history,120.0,0,140.0
short,853,oracle,120.0,0,140.0
short,854,fixed_6,6.0,0,140.0
short,854,fixed_12,12.0,0,140.0
short,854,fixed_24,24.0,0,140.0
short,854,fixed_48,48.0,0,140.0
short,854,threshold_reset,120.0,0,140.0
short,854,readiness_current,120.0,0,140.0
short,854,readiness_history,120.0,0,140.0
short,854,oracle,120.0,0,140.0
short,855,fixed_6,6.0,0,140.0
short,855,fixed_12,12.0,0,140.0
short,855,fixed_24,24.0,0,140.0
short,855,fixed_48,48.0,0,140.0
short,855,threshold_reset,120.0,0,140.0
short,855,readiness_current,120.0,0,140.0
short,855,readiness_history,120.0,0,140.0
short,855,oracle,120.0,0,140.0
short,856,fixed_6,6.0,0,140.0
short,856,fixed_12,12.0,0,140.0
short,856,fixed_24,24.0,0,140.0
short,856,fixed_48,48.0,0,140.0
short,856,threshold_reset,120.0,0,140.0
short,856,readiness_current,120.0,0,140.0
short,856,readiness_history,120.0,0,140.0
short,856,oracle,120.0,0,140.0
short,857,fixed_6,6.0,0,140.0
short,857,fixed_12,12.0,0,140.0
short,857,fixed_24,24.0,0,140.0
short,857,fixed_48,48.0,0,140.0
short,857,threshold_reset,120.0,0,140.0
short,857,readiness_current,120.0,0,140.0
short,857,readiness_history,120.0,0,140.0
short,857,oracle,120.0,0,140.0
short,858,fixed_6,6.0,0,140.0
short,858,fixed_12,12.0,0,140.0
short,858,fixed_24,24.0,0,140.0
short,858,fixed_48,48.0,0,140.0
short,858,threshold_reset,120.0,0,140.0
short,858,readiness_current,120.0,0,140.0
short,858,readiness_history,120.0,0,140.0
short,858,oracle,120.0,0,140.0
short,859,fixed_6,6.0,0,140.0
short,859,fixed_12,12.0,0,140.0
short,859,fixed_24,24.0,0,140.0
short,859,fixed_48,48.0,0,140.0
short,859,threshold_reset,120.0,0,140.0
short,859,readiness_current,120.0,0,140.0
short,859,readiness_history,120.0,0,140.0
short,859,oracle,120.0,0,140.0
short,860,fixed_6,6.0,0,140.0
short,860,fixed_12,12.0,0,140.0
short,860,fixed_24,24.0,0,140.0
short,860,fixed_48,48.0,0,140.0
short,860,threshold_reset,120.0,0,140.0
short,860,readiness_current,120.0,0,140.0
short,860,readiness_history,120.0,0,140.0
short,860,oracle,120.0,0,140.0
short,861,fixed_6,6.0,0,140.0
short,861,fixed_12,12.0,0,140.0
short,861,fixed_24,24.0,0,140.0
short,861,fixed_48,48.0,0,140.0
short,861,threshold_reset,120.0,0,140.0
short,861,readiness_current,120.0,0,140.0
short,861,readiness_history,120.0,0,140.0
short,861,oracle,120.0,0,140.0
short,862,fixed_6,6.0,0,140.0
short,862,fixed_12,12.0,0,140.0
short,862,fixed_24,24.0,0,140.0
short,862,fixed_48,48.0,0,140.0
short,862,threshold_reset,120.0,0,140.0
short,862,readiness_current,120.0,0,140.0
short,862,readiness_history,120.0,0,140.0
short,862,oracle,120.0,0,140.0
short,863,fixed_6,6.0,0,140.0
short,863,fixed_12,12.0,0,140.0
short,863,fixed_24,24.0,0,140.0
short,863,fixed_48,48.0,0,140.0
short,863,threshold_reset,120.0,0,140.0
short,863,readiness_current,120.0,0,140.0
short,863,readiness_history,120.0,0,140.0
short,863,oracle,120.0,0,140.0
short,864,fixed_6,6.0,0,140.0
short,864,fixed_12,12.0,0,140.0
short,864,fixed_24,24.0,0,140.0
short,864,fixed_48,48.0,0,140.0
short,864,threshold_reset,120.0,0,140.0
short,864,readiness_current,120.0,0,140.0
short,864,readiness_history,120.0,0,140.0
short,864,oracle,120.0,0,140.0
short,865,fixed_6,6.0,0,140.0
short,865,fixed_12,12.0,0,140.0
short,865,fixed_24,24.0,0,140.0
short,865,fixed_48,48.0,0,140.0
short,865,threshold_reset,120.0,0,140.0
short,865,readiness_current,120.0,0,140.0
short,865,readiness_history,120.0,0,140.0
short,865,oracle,120.0,0,140.0
short,866,fixed_6,6.0,0,140.0
short,866,fixed_12,12.0,0,140.0
short,866,fixed_24,24.0,0,140.0
short,866,fixed_48,48.0,0,140.0
short,866,threshold_reset,120.0,0,140.0
short,866,readiness_current,120.0,0,140.0
short,866,readiness_history,120.0,0,140.0
short,866,oracle,120.0,0,140.0
short,867,fixed_6,6.0,0,140.0
short,867,fixed_12,12.0,0,140.0
short,867,fixed_24,24.0,0,140.0
short,867,fixed_48,48.0,0,140.0
short,867,threshold_reset,120.0,0,140.0
short,867,readiness_current,120.0,0,140.0
short,867,readiness_history,120.0,0,140.0
short,867,oracle,120.0,0,140.0
short,868,fixed_6,6.0,0,140.0
short,868,fixed_12,12.0,0,140.0
short,868,fixed_24,24.0,0,140.0
short,868,fixed_48,48.0,0,140.0
short,868,threshold_reset,120.0,0,140.0
short,868,readiness_current,120.0,0,140.0
short,868,readiness_history,120.0,0,140.0
short,868,oracle,120.0,0,140.0
short,869,fixed_6,6.0,0,140.0
short,869,fixed_12,12.0,0,140.0
short,869,fixed_24,24.0,0,140.0
short,869,fixed_48,48.0,0,140.0
short,869,threshold_reset,120.0,0,140.0
short,869,readiness_current,120.0,0,140.0
short,869,readiness_history,120.0,0,140.0
short,869,oracle,120.0,0,140.0
short,870,fixed_6,6.0,0,140.0
short,870,fixed_12,12.0,0,140.0
short,870,fixed_24,24.0,0,140.0
short,870,fixed_48,48.0,0,140.0
short,870,threshold_reset,120.0,0,140.0
short,870,readiness_current,120.0,0,140.0
short,870,readiness_history,120.0,0,140.0
short,870,oracle,120.0,0,140.0
short,871,fixed_6,6.0,0,140.0
short,871,fixed_12,12.0,0,140.0
short,871,fixed_24,24.0,0,140.0
short,871,fixed_48,48.0,0,140.0
short,871,threshold_reset,120.0,0,140.0
short,871,readiness_current,120.0,0,140.0
short,871,readiness_history,120.0,0,140.0
short,871,oracle,120.0,0,140.0
short,872,fixed_6,6.0,0,140.0
short,872,fixed_12,12.0,0,140.0
short,872,fixed_24,24.0,0,140.0
short,872,fixed_48,48.0,0,140.0
short,872,threshold_reset,120.0,0,140.0
short,872,readiness_current,120.0,0,140.0
short,872,readiness_history,120.0,0,140.0
short,872,oracle,120.0,0,140.0
short,873,fixed_6,6.0,0,140.0
short,873,fixed_12,12.0,0,140.0
short,873,fixed_24,24.0,0,140.0
short,873,fixed_48,48.0,0,140.0
short,873,threshold_reset,120.0,0,140.0
short,873,readiness_current,120.0,0,140.0
short,873,readiness_history,120.0,0,140.0
short,873,oracle,120.0,0,140.0
short,874,fixed_6,6.0,0,140.0
short,874,fixed_12,12.0,0,140.0
short,874,fixed_24,24.0,0,140.0
short,874,fixed_48,48.0,0,140.0
short,874,threshold_reset,120.0,0,140.0
short,874,readiness_current,120.0,0,140.0
short,874,readiness_history,120.0,0,140.0
short,874,oracle,120.0,0,140.0
short,875,fixed_6,6.0,0,140.0
short,875,fixed_12,12.0,0,140.0
short,875,fixed_24,24.0,0,140.0
short,875,fixed_48,48.0,0,140.0
short,875,threshold_reset,120.0,0,140.0
short,875,readiness_current,120.0,0,140.0
short,875,readiness_history,120.0,0,140.0
short,875,oracle,120.0,0,140.0
short,876,fixed_6,6.0,0,140.0
short,876,fixed_12,12.0,0,140.0
short,876,fixed_24,24.0,0,140.0
short,876,fixed_48,48.0,0,140.0
short,876,threshold_reset,120.0,0,140.0
short,876,readiness_current,120.0,0,140.0
short,876,readiness_history,120.0,0,140.0
short,876,oracle,120.0,0,140.0
short,877,fixed_6,6.0,0,140.0
short,877,fixed_12,12.0,0,140.0
short,877,fixed_24,24.0,0,140.0
short,877,fixed_48,48.0,0,140.0
short,877,threshold_reset,120.0,0,140.0
short,877,readiness_current,120.0,0,140.0
short,877,readiness_history,120.0,0,140.0
short,877,oracle,120.0,0,140.0
short,878,fixed_6,6.0,0,140.0
short,878,fixed_12,12.0,0,140.0
short,878,fixed_24,24.0,0,140.0
short,878,fixed_48,48.0,0,140.0
short,878,threshold_reset,120.0,0,140.0
short,878,readiness_current,120.0,0,140.0
short,878,readiness_history,120.0,0,140.0
short,878,oracle,120.0,0,140.0
short,879,fixed_6,6.0,0,140.0
short,879,fixed_12,12.0,0,140.0
short,879,fixed_24,24.0,0,140.0
short,879,fixed_48,48.0,0,140.0
short,879,threshold_reset,120.0,0,140.0
short,879,readiness_current,120.0,0,140.0
short,879,readiness_history,120.0,0,140.0
short,879,oracle,120.0,0,140.0
short,880,fixed_6,6.0,0,140.0
short,880,fixed_12,12.0,0,140.0
short,880,fixed_24,24.0,0,140.0
short,880,fixed_48,48.0,0,140.0
short,880,threshold_reset,120.0,0,140.0
short,880,readiness_current,120.0,0,140.0
short,880,readiness_history,120.0,0,140.0
short,880,oracle,120.0,0,140.0
short,881,fixed_6,6.0,0,140.0
short,881,fixed_12,12.0,0,140.0
short,881,fixed_24,24.0,0,140.0
short,881,fixed_48,48.0,0,140.0
short,881,threshold_reset,120.0,0,140.0
short,881,readiness_current,120.0,0,140.0
short,881,readiness_history,120.0,0,140.0
short,881,oracle,120.0,0,140.0
short,882,fixed_6,6.0,0,140.0
short,882,fixed_12,12.0,0,140.0
short,882,fixed_24,24.0,0,140.0
short,882,fixed_48,48.0,0,140.0
short,882,threshold_reset,120.0,0,140.0
short,882,readiness_current,120.0,0,140.0
short,882,readiness_history,120.0,0,140.0
short,882,oracle,120.0,0,140.0
short,883,fixed_6,6.0,0,140.0
short,883,fixed_12,12.0,0,140.0
short,883,fixed_24,24.0,0,140.0
short,883,fixed_48,48.0,0,140.0
short,883,threshold_reset,120.0,0,140.0
short,883,readiness_current,120.0,0,140.0
short,883,readiness_history,120.0,0,140.0
short,883,oracle,120.0,0,140.0
short,884,fixed_6,6.0,0,140.0
short,884,fixed_12,12.0,0,140.0
short,884,fixed_24,24.0,0,140.0
short,884,fixed_48,48.0,0,140.0
short,884,threshold_reset,120.0,0,140.0
short,884,readiness_current,120.0,0,140.0
short,884,readiness_history,120.0,0,140.0
short,884,oracle,120.0,0,140.0
short,885,fixed_6,6.0,0,140.0
short,885,fixed_12,12.0,0,140.0
short,885,fixed_24,24.0,0,140.0
short,885,fixed_48,48.0,0,140.0
short,885,threshold_reset,120.0,0,140.0
short,885,readiness_current,120.0,0,140.0
short,885,readiness_history,120.0,0,140.0
short,885,oracle,120.0,0,140.0
short,886,fixed_6,6.0,0,140.0
short,886,fixed_12,12.0,0,140.0
short,886,fixed_24,24.0,0,140.0
short,886,fixed_48,48.0,0,140.0
short,886,threshold_reset,120.0,0,140.0
short,886,readiness_current,120.0,0,140.0
short,886,readiness_history,120.0,0,140.0
short,886,oracle,120.0,0,140.0
short,887,fixed_6,6.0,0,140.0
short,887,fixed_12,12.0,0,140.0
short,887,fixed_24,24.0,0,140.0
short,887,fixed_48,48.0,0,140.0
short,887,threshold_reset,120.0,0,140.0
short,887,readiness_current,120.0,0,140.0
short,887,readiness_history,120.0,0,140.0
short,887,oracle,120.0,0,140.0
short,888,fixed_6,6.0,0,140.0
short,888,fixed_12,12.0,0,140.0
short,888,fixed_24,24.0,0,140.0
short,888,fixed_48,48.0,0,140.0
short,888,threshold_reset,120.0,0,140.0
short,888,readiness_current,120.0,0,140.0
short,888,readiness_history,120.0,0,140.0
short,888,oracle,120.0,0,140.0
short,889,fixed_6,6.0,0,140.0
short,889,fixed_12,12.0,0,140.0
short,889,fixed_24,24.0,0,140.0
short,889,fixed_48,48.0,0,140.0
short,889,threshold_reset,120.0,0,140.0
short,889,readiness_current,120.0,0,140.0
short,889,readiness_history,120.0,0,140.0
short,889,oracle,120.0,0,140.0
short,890,fixed_6,6.0,0,140.0
short,890,fixed_12,12.0,0,140.0
short,890,fixed_24,24.0,0,140.0
short,890,fixed_48,48.0,0,140.0
short,890,threshold_reset,120.0,0,140.0
short,890,readiness_current,120.0,0,140.0
short,890,readiness_history,120.0,0,140.0
short,890,oracle,120.0,0,140.0
short,891,fixed_6,6.0,0,140.0
short,891,fixed_12,12.0,0,140.0
short,891,fixed_24,24.0,0,140.0
short,891,fixed_48,48.0,0,140.0
short,891,threshold_reset,120.0,0,140.0
short,891,readiness_current,120.0,0,140.0
short,891,readiness_history,120.0,0,140.0
short,891,oracle,120.0,0,140.0
short,892,fixed_6,6.0,0,140.0
short,892,fixed_12,12.0,0,140.0
short,892,fixed_24,24.0,0,140.0
short,892,fixed_48,48.0,0,140.0
short,892,threshold_reset,120.0,0,140.0
short,892,readiness_current,120.0,0,140.0
short,892,readiness_history,120.0,0,140.0
short,892,oracle,120.0,0,140.0
short,893,fixed_6,6.0,0,140.0
short,893,fixed_12,12.0,0,140.0
short,893,fixed_24,24.0,0,140.0
short,893,fixed_48,48.0,0,140.0
short,893,threshold_reset,120.0,0,140.0
short,893,readiness_current,120.0,0,140.0
short,893,readiness_history,120.0,0,140.0
short,893,oracle,120.0,0,140.0
short,894,fixed_6,6.0,0,140.0
short,894,fixed_12,12.0,0,140.0
short,894,fixed_24,24.0,0,140.0
short,894,fixed_48,48.0,0,140.0
short,894,threshold_reset,120.0,0,140.0
short,894,readiness_current,120.0,0,140.0
short,894,readiness_history,120.0,0,140.0
short,894,oracle,120.0,0,140.0
short,895,fixed_6,6.0,0,140.0
short,895,fixed_12,12.0,0,140.0
short,895,fixed_24,24.0,0,140.0
short,895,fixed_48,48.0,0,140.0
short,895,threshold_reset,120.0,0,140.0
short,895,readiness_current,120.0,0,140.0
short,895,readiness_history,120.0,0,140.0
short,895,oracle,120.0,0,140.0
short,896,fixed_6,6.0,0,140.0
short,896,fixed_12,12.0,0,140.0
short,896,fixed_24,24.0,0,140.0
short,896,fixed_48,48.0,0,140.0
short,896,threshold_reset,120.0,0,140.0
short,896,readiness_current,120.0,0,140.0
short,896,readiness_history,120.0,0,140.0
short,896,oracle,120.0,0,140.0
short,897,fixed_6,6.0,0,140.0
short,897,fixed_12,12.0,0,140.0
short,897,fixed_24,24.0,0,140.0
short,897,fixed_48,48.0,0,140.0
short,897,threshold_reset,120.0,0,140.0
short,897,readiness_current,120.0,0,140.0
short,897,readiness_history,120.0,0,140.0
short,897,oracle,120.0,0,140.0
short,898,fixed_6,6.0,0,140.0
short,898,fixed_12,12.0,0,140.0
short,898,fixed_24,24.0,0,140.0
short,898,fixed_48,48.0,0,140.0
short,898,threshold_reset,120.0,0,140.0
short,898,readiness_current,120.0,0,140.0
short,898,readiness_history,120.0,0,140.0
short,898,oracle,120.0,0,140.0
short,899,fixed_6,6.0,0,140.0
short,899,fixed_12,12.0,0,140.0
short,899,fixed_24,24.0,0,140.0
short,899,fixed_48,48.0,0,140.0
short,899,threshold_reset,120.0,0,140.0
short,899,readiness_current,120.0,0,140.0
short,899,readiness_history,120.0,0,140.0
short,899,oracle,120.0,0,140.0
short,900,fixed_6,6.0,0,140.0
short,900,fixed_12,12.0,0,140.0
short,900,fixed_24,24.0,0,140.0
short,900,fixed_48,48.0,0,140.0
short,900,threshold_reset,120.0,0,140.0
short,900,readiness_current,120.0,0,140.0
short,900,readiness_history,120.0,0,140.0
short,900,oracle,120.0,0,140.0
short,901,fixed_6,6.0,0,140.0
short,901,fixed_12,12.0,0,140.0
short,901,fixed_24,24.0,0,140.0
short,901,fixed_48,48.0,0,140.0
short,901,threshold_reset,120.0,0,140.0
short,901,readiness_current,120.0,0,140.0
short,901,readiness_history,120.0,0,140.0
short,901,oracle,120.0,0,140.0
short,902,fixed_6,6.0,0,140.0
short,902,fixed_12,12.0,0,140.0
short,902,fixed_24,24.0,0,140.0
short,902,fixed_48,48.0,0,140.0
short,902,threshold_reset,120.0,0,140.0
short,902,readiness_current,120.0,0,140.0
short,902,readiness_history,120.0,0,140.0
short,902,oracle,120.0,0,140.0
short,903,fixed_6,6.0,0,140.0
short,903,fixed_12,12.0,0,140.0
short,903,fixed_24,24.0,0,140.0
short,903,fixed_48,48.0,0,140.0
short,903,threshold_reset,120.0,0,140.0
short,903,readiness_current,120.0,0,140.0
short,903,readiness_history,120.0,0,140.0
short,903,oracle,120.0,0,140.0
short,904,fixed_6,6.0,0,140.0
short,904,fixed_12,12.0,0,140.0
short,904,fixed_24,24.0,0,140.0
short,904,fixed_48,48.0,0,140.0
short,904,threshold_reset,120.0,0,140.0
short,904,readiness_current,120.0,0,140.0
short,904,readiness_history,120.0,0,140.0
short,904,oracle,120.0,0,140.0
short,905,fixed_6,6.0,0,140.0
short,905,fixed_12,12.0,0,140.0
short,905,fixed_24,24.0,0,140.0
short,905,fixed_48,48.0,0,140.0
short,905,threshold_reset,120.0,0,140.0
short,905,readiness_current,120.0,0,140.0
short,905,readiness_history,120.0,0,140.0
short,905,oracle,120.0,0,140.0
short,906,fixed_6,6.0,0,140.0
short,906,fixed_12,12.0,0,140.0
short,906,fixed_24,24.0,0,140.0
short,906,fixed_48,48.0,0,140.0
short,906,threshold_reset,120.0,0,140.0
short,906,readiness_current,120.0,0,140.0
short,906,readiness_history,120.0,0,140.0
short,906,oracle,120.0,0,140.0
short,907,fixed_6,6.0,0,140.0
short,907,fixed_12,12.0,0,140.0
short,907,fixed_24,24.0,0,140.0
short,907,fixed_48,48.0,0,140.0
short,907,threshold_reset,120.0,0,140.0
short,907,readiness_current,120.0,0,140.0
short,907,readiness_history,120.0,0,140.0
short,907,oracle,120.0,0,140.0
short,908,fixed_6,6.0,0,140.0
short,908,fixed_12,12.0,0,140.0
short,908,fixed_24,24.0,0,140.0
short,908,fixed_48,48.0,0,140.0
short,908,threshold_reset,120.0,0,140.0
short,908,readiness_current,120.0,0,140.0
short,908,readiness_history,120.0,0,140.0
short,908,oracle,120.0,0,140.0
short,909,fixed_6,6.0,0,140.0
short,909,fixed_12,12.0,0,140.0
short,909,fixed_24,24.0,0,140.0
short,909,fixed_48,48.0,0,140.0
short,909,threshold_reset,120.0,0,140.0
short,909,readiness_current,120.0,0,140.0
short,909,readiness_history,120.0,0,140.0
short,909,oracle,120.0,0,140.0
short,910,fixed_6,6.0,0,140.0
short,910,fixed_12,12.0,0,140.0
short,910,fixed_24,24.0,0,140.0
short,910,fixed_48,48.0,0,140.0
short,910,threshold_reset,120.0,0,140.0
short,910,readiness_current,120.0,0,140.0
short,910,readiness_history,120.0,0,140.0
short,910,oracle,120.0,0,140.0
short,911,fixed_6,6.0,0,140.0
short,911,fixed_12,12.0,0,140.0
short,911,fixed_24,24.0,0,140.0
short,911,fixed_48,48.0,0,140.0
short,911,threshold_reset,120.0,0,140.0
short,911,readiness_current,120.0,0,140.0
short,911,readiness_history,120.0,0,140.0
short,911,oracle,120.0,0,140.0
short,912,fixed_6,6.0,0,140.0
short,912,fixed_12,12.0,0,140.0
short,912,fixed_24,24.0,0,140.0
short,912,fixed_48,48.0,0,140.0
short,912,threshold_reset,120.0,0,140.0
short,912,readiness_current,120.0,0,140.0
short,912,readiness_history,120.0,0,140.0
short,912,oracle,120.0,0,140.0
short,913,fixed_6,6.0,0,140.0
short,913,fixed_12,12.0,0,140.0
short,913,fixed_24,24.0,0,140.0
short,913,fixed_48,48.0,0,140.0
short,913,threshold_reset,120.0,0,140.0
short,913,readiness_current,120.0,0,140.0
short,913,readiness_history,120.0,0,140.0
short,913,oracle,120.0,0,140.0
short,914,fixed_6,6.0,0,140.0
short,914,fixed_12,12.0,0,140.0
short,914,fixed_24,24.0,0,140.0
short,914,fixed_48,48.0,0,140.0
short,914,threshold_reset,120.0,0,140.0
short,914,readiness_current,120.0,0,140.0
short,914,readiness_history,120.0,0,140.0
short,914,oracle,120.0,0,140.0
short,915,fixed_6,6.0,0,140.0
short,915,fixed_12,12.0,0,140.0
short,915,fixed_24,24.0,0,140.0
short,915,fixed_48,48.0,0,140.0
short,915,threshold_reset,120.0,0,140.0
short,915,readiness_current,120.0,0,140.0
short,915,readiness_history,120.0,0,140.0
short,915,oracle,120.0,0,140.0
short,916,fixed_6,6.0,0,140.0
short,916,fixed_12,12.0,0,140.0
short,916,fixed_24,24.0,0,140.0
short,916,fixed_48,48.0,0,140.0
short,916,threshold_reset,120.0,0,140.0
short,916,readiness_current,120.0,0,140.0
short,916,readiness_history,120.0,0,140.0
short,916,oracle,120.0,0,140.0
short,917,fixed_6,6.0,0,140.0
short,917,fixed_12,12.0,0,140.0
short,917,fixed_24,24.0,0,140.0
short,917,fixed_48,48.0,0,140.0
short,917,threshold_reset,120.0,0,140.0
short,917,readiness_current,120.0,0,140.0
short,917,readiness_history,120.0,0,140.0
short,917,oracle,120.0,0,140.0
short,918,fixed_6,6.0,0,140.0
short,918,fixed_12,12.0,0,140.0
short,918,fixed_24,24.0,0,140.0
short,918,fixed_48,48.0,0,140.0
short,918,threshold_reset,120.0,0,140.0
short,918,readiness_current,120.0,0,140.0
short,918,readiness_history,120.0,0,140.0
short,918,oracle,120.0,0,140.0
short,919,fixed_6,6.0,0,140.0
short,919,fixed_12,12.0,0,140.0
short,919,fixed_24,24.0,0,140.0
short,919,fixed_48,48.0,0,140.0
short,919,threshold_reset,120.0,0,140.0
short,919,readiness_current,120.0,0,140.0
short,919,readiness_history,120.0,0,140.0
short,919,oracle,120.0,0,140.0
short,920,fixed_6,6.0,0,140.0
short,920,fixed_12,12.0,0,140.0
short,920,fixed_24,24.0,0,140.0
short,920,fixed_48,48.0,0,140.0
short,920,threshold_reset,120.0,0,140.0
short,920,readiness_current,120.0,0,140.0
short,920,readiness_history,120.0,0,140.0
short,920,oracle,120.0,0,140.0
short,921,fixed_6,6.0,0,140.0
short,921,fixed_12,12.0,0,140.0
short,921,fixed_24,24.0,0,140.0
short,921,fixed_48,48.0,0,140.0
short,921,threshold_reset,120.0,0,140.0
short,921,readiness_current,120.0,0,140.0
short,921,readiness_history,120.0,0,140.0
short,921,oracle,120.0,0,140.0
short,922,fixed_6,6.0,0,140.0
short,922,fixed_12,12.0,0,140.0
short,922,fixed_24,24.0,0,140.0
short,922,fixed_48,48.0,0,140.0
short,922,threshold_reset,120.0,0,140.0
short,922,readiness_current,120.0,0,140.0
short,922,readiness_history,120.0,0,140.0
short,922,oracle,120.0,0,140.0
short,923,fixed_6,6.0,0,140.0
short,923,fixed_12,12.0,0,140.0
short,923,fixed_24,24.0,0,140.0
short,923,fixed_48,48.0,0,140.0
short,923,threshold_reset,120.0,0,140.0
short,923,readiness_current,120.0,0,140.0
short,923,readiness_history,120.0,0,140.0
short,923,oracle,120.0,0,140.0
short,924,fixed_6,6.0,0,140.0
short,924,fixed_12,12.0,0,140.0
short,924,fixed_24,24.0,0,140.0
short,924,fixed_48,48.0,0,140.0
short,924,threshold_reset,120.0,0,140.0
short,924,readiness_current,120.0,0,140.0
short,924,readiness_history,120.0,0,140.0
short,924,oracle,120.0,0,140.0
short,925,fixed_6,6.0,0,140.0
short,925,fixed_12,12.0,0,140.0
short,925,fixed_24,24.0,0,140.0
short,925,fixed_48,48.0,0,140.0
short,925,threshold_reset,120.0,0,140.0
short,925,readiness_current,120.0,0,140.0
short,925,readiness_history,120.0,0,140.0
short,925,oracle,120.0,0,140.0
short,926,fixed_6,6.0,0,140.0
short,926,fixed_12,12.0,0,140.0
short,926,fixed_24,24.0,0,140.0
short,926,fixed_48,48.0,0,140.0
short,926,threshold_reset,120.0,0,140.0
short,926,readiness_current,120.0,0,140.0
short,926,readiness_history,120.0,0,140.0
short,926,oracle,120.0,0,140.0
short,927,fixed_6,6.0,0,140.0
short,927,fixed_12,12.0,0,140.0
short,927,fixed_24,24.0,0,140.0
short,927,fixed_48,48.0,0,140.0
short,927,threshold_reset,120.0,0,140.0
short,927,readiness_current,120.0,0,140.0
short,927,readiness_history,120.0,0,140.0
short,927,oracle,120.0,0,140.0
short,928,fixed_6,6.0,0,140.0
short,928,fixed_12,12.0,0,140.0
short,928,fixed_24,24.0,0,140.0
short,928,fixed_48,48.0,0,140.0
short,928,threshold_reset,120.0,0,140.0
short,928,readiness_current,120.0,0,140.0
short,928,readiness_history,120.0,0,140.0
short,928,oracle,120.0,0,140.0
short,929,fixed_6,6.0,0,140.0
short,929,fixed_12,12.0,0,140.0
short,929,fixed_24,24.0,0,140.0
short,929,fixed_48,48.0,0,140.0
short,929,threshold_reset,120.0,0,140.0
short,929,readiness_current,120.0,0,140.0
short,929,readiness_history,120.0,0,140.0
short,929,oracle,120.0,0,140.0
short,930,fixed_6,6.0,0,140.0
short,930,fixed_12,12.0,0,140.0
short,930,fixed_24,24.0,0,140.0
short,930,fixed_48,48.0,0,140.0
short,930,threshold_reset,120.0,0,140.0
short,930,readiness_current,120.0,0,140.0
short,930,readiness_history,120.0,0,140.0
short,930,oracle,120.0,0,140.0
short,931,fixed_6,6.0,0,140.0
short,931,fixed_12,12.0,0,140.0
short,931,fixed_24,24.0,0,140.0
short,931,fixed_48,48.0,0,140.0
short,931,threshold_reset,120.0,0,140.0
short,931,readiness_current,120.0,0,140.0
short,931,readiness_history,120.0,0,140.0
short,931,oracle,120.0,0,140.0
short,932,fixed_6,6.0,0,140.0
short,932,fixed_12,12.0,0,140.0
short,932,fixed_24,24.0,0,140.0
short,932,fixed_48,48.0,0,140.0
short,932,threshold_reset,120.0,0,140.0
short,932,readiness_current,120.0,0,140.0
short,932,readiness_history,120.0,0,140.0
short,932,oracle,120.0,0,140.0
short,933,fixed_6,6.0,0,140.0
short,933,fixed_12,12.0,0,140.0
short,933,fixed_24,24.0,0,140.0
short,933,fixed_48,48.0,0,140.0
short,933,threshold_reset,120.0,0,140.0
short,933,readiness_current,120.0,0,140.0
short,933,readiness_history,120.0,0,140.0
short,933,oracle,120.0,0,140.0
short,934,fixed_6,6.0,0,140.0
short,934,fixed_12,12.0,0,140.0
short,934,fixed_24,24.0,0,140.0
short,934,fixed_48,48.0,0,140.0
short,934,threshold_reset,120.0,0,140.0
short,934,readiness_current,120.0,0,140.0
short,934,readiness_history,120.0,0,140.0
short,934,oracle,120.0,0,140.0
short,935,fixed_6,6.0,0,140.0
short,935,fixed_12,12.0,0,140.0
short,935,fixed_24,24.0,0,140.0
short,935,fixed_48,48.0,0,140.0
short,935,threshold_reset,120.0,0,140.0
short,935,readiness_current,120.0,0,140.0
short,935,readiness_history,120.0,0,140.0
short,935,oracle,120.0,0,140.0
short,936,fixed_6,6.0,0,140.0
short,936,fixed_12,12.0,0,140.0
short,936,fixed_24,24.0,0,140.0
short,936,fixed_48,48.0,0,140.0
short,936,threshold_reset,120.0,0,140.0
short,936,readiness_current,120.0,0,140.0
short,936,readiness_history,120.0,0,140.0
short,936,oracle,120.0,0,140.0
short,937,fixed_6,6.0,0,140.0
short,937,fixed_12,12.0,0,140.0
short,937,fixed_24,24.0,0,140.0
short,937,fixed_48,48.0,0,140.0
short,937,threshold_reset,120.0,0,140.0
short,937,readiness_current,120.0,0,140.0
short,937,readiness_history,120.0,0,140.0
short,937,oracle,120.0,0,140.0
short,938,fixed_6,6.0,0,140.0
short,938,fixed_12,12.0,0,140.0
short,938,fixed_24,24.0,0,140.0
short,938,fixed_48,48.0,0,140.0
short,938,threshold_reset,120.0,0,140.0
short,938,readiness_current,120.0,0,140.0
short,938,readiness_history,120.0,0,140.0
short,938,oracle,120.0,0,140.0
short,939,fixed_6,6.0,0,140.0
short,939,fixed_12,12.0,0,140.0
short,939,fixed_24,24.0,0,140.0
short,939,fixed_48,48.0,0,140.0
short,939,threshold_reset,120.0,0,140.0
short,939,readiness_current,120.0,0,140.0
short,939,readiness_history,120.0,0,140.0
short,939,oracle,120.0,0,140.0
short,940,fixed_6,6.0,0,140.0
short,940,fixed_12,12.0,0,140.0
short,940,fixed_24,24.0,0,140.0
short,940,fixed_48,48.0,0,140.0
short,940,threshold_reset,120.0,0,140.0
short,940,readiness_current,120.0,0,140.0
short,940,readiness_history,120.0,0,140.0
short,940,oracle,120.0,0,140.0
short,941,fixed_6,6.0,0,140.0
short,941,fixed_12,12.0,0,140.0
short,941,fixed_24,24.0,0,140.0
short,941,fixed_48,48.0,0,140.0
short,941,threshold_reset,120.0,0,140.0
short,941,readiness_current,120.0,0,140.0
short,941,readiness_history,120.0,0,140.0
short,941,oracle,120.0,0,140.0
short,942,fixed_6,6.0,0,140.0
short,942,fixed_12,12.0,0,140.0
short,942,fixed_24,24.0,0,140.0
short,942,fixed_48,48.0,0,140.0
short,942,threshold_reset,120.0,0,140.0
short,942,readiness_current,120.0,0,140.0
short,942,readiness_history,120.0,0,140.0
short,942,oracle,120.0,0,140.0
short,943,fixed_6,6.0,0,140.0
short,943,fixed_12,12.0,0,140.0
short,943,fixed_24,24.0,0,140.0
short,943,fixed_48,48.0,0,140.0
short,943,threshold_reset,120.0,0,140.0
short,943,readiness_current,120.0,0,140.0
short,943,readiness_history,120.0,0,140.0
short,943,oracle,120.0,0,140.0
short,944,fixed_6,6.0,0,140.0
short,944,fixed_12,12.0,0,140.0
short,944,fixed_24,24.0,0,140.0
short,944,fixed_48,48.0,0,140.0
short,944,threshold_reset,120.0,0,140.0
short,944,readiness_current,120.0,0,140.0
short,944,readiness_history,120.0,0,140.0
short,944,oracle,120.0,0,140.0
short,945,fixed_6,6.0,0,140.0
short,945,fixed_12,12.0,0,140.0
short,945,fixed_24,24.0,0,140.0
short,945,fixed_48,48.0,0,140.0
short,945,threshold_reset,120.0,0,140.0
short,945,readiness_current,120.0,0,140.0
short,945,readiness_history,120.0,0,140.0
short,945,oracle,120.0,0,140.0
short,946,fixed_6,6.0,0,140.0
short,946,fixed_12,12.0,0,140.0
short,946,fixed_24,24.0,0,140.0
short,946,fixed_48,48.0,0,140.0
short,946,threshold_reset,120.0,0,140.0
short,946,readiness_current,120.0,0,140.0
short,946,readiness_history,120.0,0,140.0
short,946,oracle,120.0,0,140.0
short,947,fixed_6,6.0,0,140.0
short,947,fixed_12,12.0,0,140.0
short,947,fixed_24,24.0,0,140.0
short,947,fixed_48,48.0,0,140.0
short,947,threshold_reset,120.0,0,140.0
short,947,readiness_current,120.0,0,140.0
short,947,readiness_history,120.0,0,140.0
short,947,oracle,120.0,0,140.0
short,948,fixed_6,6.0,0,140.0
short,948,fixed_12,12.0,0,140.0
short,948,fixed_24,24.0,0,140.0
short,948,fixed_48,48.0,0,140.0
short,948,threshold_reset,120.0,0,140.0
short,948,readiness_current,120.0,0,140.0
short,948,readiness_history,120.0,0,140.0
short,948,oracle,120.0,0,140.0
short,949,fixed_6,6.0,0,140.0
short,949,fixed_12,12.0,0,140.0
short,949,fixed_24,24.0,0,140.0
short,949,fixed_48,48.0,0,140.0
short,949,threshold_reset,120.0,0,140.0
short,949,readiness_current,120.0,0,140.0
short,949,readiness_history,120.0,0,140.0
short,949,oracle,120.0,0,140.0
short,950,fixed_6,6.0,0,140.0
short,950,fixed_12,12.0,0,140.0
short,950,fixed_24,24.0,0,140.0
short,950,fixed_48,48.0,0,140.0
short,950,threshold_reset,120.0,0,140.0
short,950,readiness_current,120.0,0,140.0
short,950,readiness_history,120.0,0,140.0
short,950,oracle,120.0,0,140.0
short,951,fixed_6,6.0,0,140.0
short,951,fixed_12,12.0,0,140.0
short,951,fixed_24,24.0,0,140.0
short,951,fixed_48,48.0,0,140.0
short,951,threshold_reset,120.0,0,140.0
short,951,readiness_current,120.0,0,140.0
short,951,readiness_history,120.0,0,140.0
short,951,oracle,120.0,0,140.0
short,952,fixed_6,6.0,0,140.0
short,952,fixed_12,12.0,0,140.0
short,952,fixed_24,24.0,0,140.0
short,952,fixed_48,48.0,0,140.0
short,952,threshold_reset,120.0,0,140.0
short,952,readiness_current,120.0,0,140.0
short,952,readiness_history,120.0,0,140.0
short,952,oracle,120.0,0,140.0
short,953,fixed_6,6.0,0,140.0
short,953,fixed_12,12.0,0,140.0
short,953,fixed_24,24.0,0,140.0
short,953,fixed_48,48.0,0,140.0
short,953,threshold_reset,120.0,0,140.0
short,953,readiness_current,120.0,0,140.0
short,953,readiness_history,120.0,0,140.0
short,953,oracle,120.0,0,140.0
short,954,fixed_6,6.0,0,140.0
short,954,fixed_12,12.0,0,140.0
short,954,fixed_24,24.0,0,140.0
short,954,fixed_48,48.0,0,140.0
short,954,threshold_reset,120.0,0,140.0
short,954,readiness_current,120.0,0,140.0
short,954,readiness_history,120.0,0,140.0
short,954,oracle,120.0,0,140.0
short,955,fixed_6,6.0,0,140.0
short,955,fixed_12,12.0,0,140.0
short,955,fixed_24,24.0,0,140.0
short,955,fixed_48,48.0,0,140.0
short,955,threshold_reset,120.0,0,140.0
short,955,readiness_current,120.0,0,140.0
short,955,readiness_history,120.0,0,140.0
short,955,oracle,120.0,0,140.0
short,956,fixed_6,6.0,0,140.0
short,956,fixed_12,12.0,0,140.0
short,956,fixed_24,24.0,0,140.0
short,956,fixed_48,48.0,0,140.0
short,956,threshold_reset,120.0,0,140.0
short,956,readiness_current,120.0,0,140.0
short,956,readiness_history,120.0,0,140.0
short,956,oracle,120.0,0,140.0
short,957,fixed_6,6.0,0,140.0
short,957,fixed_12,12.0,0,140.0
short,957,fixed_24,24.0,0,140.0
short,957,fixed_48,48.0,0,140.0
short,957,threshold_reset,120.0,0,140.0
short,957,readiness_current,120.0,0,140.0
short,957,readiness_history,120.0,0,140.0
short,957,oracle,120.0,0,140.0
short,958,fixed_6,6.0,0,140.0
short,958,fixed_12,12.0,0,140.0
short,958,fixed_24,24.0,0,140.0
short,958,fixed_48,48.0,0,140.0
short,958,threshold_reset,120.0,0,140.0
short,958,readiness_current,120.0,0,140.0
short,958,readiness_history,120.0,0,140.0
short,958,oracle,120.0,0,140.0
short,959,fixed_6,6.0,0,140.0
short,959,fixed_12,12.0,0,140.0
short,959,fixed_24,24.0,0,140.0
short,959,fixed_48,48.0,0,140.0
short,959,threshold_reset,120.0,0,140.0
short,959,readiness_current,120.0,0,140.0
short,959,readiness_history,120.0,0,140.0
short,959,oracle,120.0,0,140.0
short,960,fixed_6,6.0,0,140.0
short,960,fixed_12,12.0,0,140.0
short,960,fixed_24,24.0,0,140.0
short,960,fixed_48,48.0,0,140.0
short,960,threshold_reset,120.0,0,140.0
short,960,readiness_current,120.0,0,140.0
short,960,readiness_history,120.0,0,140.0
short,960,oracle,120.0,0,140.0
short,961,fixed_6,6.0,0,140.0
short,961,fixed_12,12.0,0,140.0
short,961,fixed_24,24.0,0,140.0
short,961,fixed_48,48.0,0,140.0
short,961,threshold_reset,120.0,0,140.0
short,961,readiness_current,120.0,0,140.0
short,961,readiness_history,120.0,0,140.0
short,961,oracle,120.0,0,140.0
short,962,fixed_6,6.0,0,140.0
short,962,fixed_12,12.0,0,140.0
short,962,fixed_24,24.0,0,140.0
short,962,fixed_48,48.0,0,140.0
short,962,threshold_reset,120.0,0,140.0
short,962,readiness_current,120.0,0,140.0
short,962,readiness_history,120.0,0,140.0
short,962,oracle,120.0,0,140.0
short,963,fixed_6,6.0,0,140.0
short,963,fixed_12,12.0,0,140.0
short,963,fixed_24,24.0,0,140.0
short,963,fixed_48,48.0,0,140.0
short,963,threshold_reset,120.0,0,140.0
short,963,readiness_current,120.0,0,140.0
short,963,readiness_history,120.0,0,140.0
short,963,oracle,120.0,0,140.0
short,964,fixed_6,6.0,0,140.0
short,964,fixed_12,12.0,0,140.0
short,964,fixed_24,24.0,0,140.0
short,964,fixed_48,48.0,0,140.0
short,964,threshold_reset,120.0,0,140.0
short,964,readiness_current,120.0,0,140.0
short,964,readiness_history,120.0,0,140.0
short,964,oracle,120.0,0,140.0
short,965,fixed_6,6.0,0,140.0
short,965,fixed_12,12.0,0,140.0
short,965,fixed_24,24.0,0,140.0
short,965,fixed_48,48.0,0,140.0
short,965,threshold_reset,120.0,0,140.0
short,965,readiness_current,120.0,0,140.0
short,965,readiness_history,120.0,0,140.0
short,965,oracle,120.0,0,140.0
short,966,fixed_6,6.0,0,140.0
short,966,fixed_12,12.0,0,140.0
short,966,fixed_24,24.0,0,140.0
short,966,fixed_48,48.0,0,140.0
short,966,threshold_reset,120.0,0,140.0
short,966,readiness_current,120.0,0,140.0
short,966,readiness_history,120.0,0,140.0
short,966,oracle,120.0,0,140.0
short,967,fixed_6,6.0,0,140.0
short,967,fixed_12,12.0,0,140.0
short,967,fixed_24,24.0,0,140.0
short,967,fixed_48,48.0,0,140.0
short,967,threshold_reset,120.0,0,140.0
short,967,readiness_current,120.0,0,140.0
short,967,readiness_history,120.0,0,140.0
short,967,oracle,120.0,0,140.0
short,968,fixed_6,6.0,0,140.0
short,968,fixed_12,12.0,0,140.0
short,968,fixed_24,24.0,0,140.0
short,968,fixed_48,48.0,0,140.0
short,968,threshold_reset,120.0,0,140.0
short,968,readiness_current,120.0,0,140.0
short,968,readiness_history,120.0,0,140.0
short,968,oracle,120.0,0,140.0
short,969,fixed_6,6.0,0,140.0
short,969,fixed_12,12.0,0,140.0
short,969,fixed_24,24.0,0,140.0
short,969,fixed_48,48.0,0,140.0
short,969,threshold_reset,120.0,0,140.0
short,969,readiness_current,120.0,0,140.0
short,969,readiness_history,120.0,0,140.0
short,969,oracle,120.0,0,140.0
short,970,fixed_6,6.0,0,140.0
short,970,fixed_12,12.0,0,140.0
short,970,fixed_24,24.0,0,140.0
short,970,fixed_48,48.0,0,140.0
short,970,threshold_reset,120.0,0,140.0
short,970,readiness_current,120.0,0,140.0
short,970,readiness_history,120.0,0,140.0
short,970,oracle,120.0,0,140.0
short,971,fixed_6,6.0,0,140.0
short,971,fixed_12,12.0,0,140.0
short,971,fixed_24,24.0,0,140.0
short,971,fixed_48,48.0,0,140.0
short,971,threshold_reset,120.0,0,140.0
short,971,readiness_current,120.0,0,140.0
short,971,readiness_history,120.0,0,140.0
short,971,oracle,120.0,0,140.0
short,972,fixed_6,6.0,0,140.0
short,972,fixed_12,12.0,0,140.0
short,972,fixed_24,24.0,0,140.0
short,972,fixed_48,48.0,0,140.0
short,972,threshold_reset,120.0,0,140.0
short,972,readiness_current,120.0,0,140.0
short,972,readiness_history,120.0,0,140.0
short,972,oracle,120.0,0,140.0
short,973,fixed_6,6.0,0,140.0
short,973,fixed_12,12.0,0,140.0
short,973,fixed_24,24.0,0,140.0
short,973,fixed_48,48.0,0,140.0
short,973,threshold_reset,120.0,0,140.0
short,973,readiness_current,120.0,0,140.0
short,973,readiness_history,120.0,0,140.0
short,973,oracle,120.0,0,140.0
short,974,fixed_6,6.0,0,140.0
short,974,fixed_12,12.0,0,140.0
short,974,fixed_24,24.0,0,140.0
short,974,fixed_48,48.0,0,140.0
short,974,threshold_reset,120.0,0,140.0
short,974,readiness_current,120.0,0,140.0
short,974,readiness_history,120.0,0,140.0
short,974,oracle,120.0,0,140.0
short,975,fixed_6,6.0,0,140.0
short,975,fixed_12,12.0,0,140.0
short,975,fixed_24,24.0,0,140.0
short,975,fixed_48,48.0,0,140.0
short,975,threshold_reset,120.0,0,140.0
short,975,readiness_current,120.0,0,140.0
short,975,readiness_history,120.0,0,140.0
short,975,oracle,120.0,0,140.0
short,976,fixed_6,6.0,0,140.0
short,976,fixed_12,12.0,0,140.0
short,976,fixed_24,24.0,0,140.0
short,976,fixed_48,48.0,0,140.0
short,976,threshold_reset,120.0,0,140.0
short,976,readiness_current,120.0,0,140.0
short,976,readiness_history,120.0,0,140.0
short,976,oracle,120.0,0,140.0
short,977,fixed_6,6.0,0,140.0
short,977,fixed_12,12.0,0,140.0
short,977,fixed_24,24.0,0,140.0
short,977,fixed_48,48.0,0,140.0
short,977,threshold_reset,120.0,0,140.0
short,977,readiness_current,120.0,0,140.0
short,977,readiness_history,120.0,0,140.0
short,977,oracle,120.0,0,140.0
short,978,fixed_6,6.0,0,140.0
short,978,fixed_12,12.0,0,140.0
short,978,fixed_24,24.0,0,140.0
short,978,fixed_48,48.0,0,140.0
short,978,threshold_reset,120.0,0,140.0
short,978,readiness_current,120.0,0,140.0
short,978,readiness_history,120.0,0,140.0
short,978,oracle,120.0,0,140.0
short,979,fixed_6,6.0,0,140.0
short,979,fixed_12,12.0,0,140.0
short,979,fixed_24,24.0,0,140.0
short,979,fixed_48,48.0,0,140.0
short,979,threshold_reset,120.0,0,140.0
short,979,readiness_current,120.0,0,140.0
short,979,readiness_history,120.0,0,140.0
short,979,oracle,120.0,0,140.0
short,980,fixed_6,6.0,0,140.0
short,980,fixed_12,12.0,0,140.0
short,980,fixed_24,24.0,0,140.0
short,980,fixed_48,48.0,0,140.0
short,980,threshold_reset,120.0,0,140.0
short,980,readiness_current,120.0,0,140.0
short,980,readiness_history,120.0,0,140.0
short,980,oracle,120.0,0,140.0
short,981,fixed_6,6.0,0,140.0
short,981,fixed_12,12.0,0,140.0
short,981,fixed_24,24.0,0,140.0
short,981,fixed_48,48.0,0,140.0
short,981,threshold_reset,120.0,0,140.0
short,981,readiness_current,120.0,0,140.0
short,981,readiness_history,120.0,0,140.0
short,981,oracle,120.0,0,140.0
short,982,fixed_6,6.0,0,140.0
short,982,fixed_12,12.0,0,140.0
short,982,fixed_24,24.0,0,140.0
short,982,fixed_48,48.0,0,140.0
short,982,threshold_reset,120.0,0,140.0
short,982,readiness_current,120.0,0,140.0
short,982,readiness_history,120.0,0,140.0
short,982,oracle,120.0,0,140.0
short,983,fixed_6,6.0,0,140.0
short,983,fixed_12,12.0,0,140.0
short,983,fixed_24,24.0,0,140.0
short,983,fixed_48,48.0,0,140.0
short,983,threshold_reset,120.0,0,140.0
short,983,readiness_current,120.0,0,140.0
short,983,readiness_history,120.0,0,140.0
short,983,oracle,120.0,0,140.0
short,984,fixed_6,6.0,0,140.0
short,984,fixed_12,12.0,0,140.0
short,984,fixed_24,24.0,0,140.0
short,984,fixed_48,48.0,0,140.0
short,984,threshold_reset,120.0,0,140.0
short,984,readiness_current,120.0,0,140.0
short,984,readiness_history,120.0,0,140.0
short,984,oracle,120.0,0,140.0
short,985,fixed_6,6.0,0,140.0
short,985,fixed_12,12.0,0,140.0
short,985,fixed_24,24.0,0,140.0
short,985,fixed_48,48.0,0,140.0
short,985,threshold_reset,120.0,0,140.0
short,985,readiness_current,120.0,0,140.0
short,985,readiness_history,120.0,0,140.0
short,985,oracle,120.0,0,140.0
short,986,fixed_6,6.0,0,140.0
short,986,fixed_12,12.0,0,140.0
short,986,fixed_24,24.0,0,140.0
short,986,fixed_48,48.0,0,140.0
short,986,threshold_reset,120.0,0,140.0
short,986,readiness_current,120.0,0,140.0
short,986,readiness_history,120.0,0,140.0
short,986,oracle,120.0,0,140.0
short,987,fixed_6,6.0,0,140.0
short,987,fixed_12,12.0,0,140.0
short,987,fixed_24,24.0,0,140.0
short,987,fixed_48,48.0,0,140.0
short,987,threshold_reset,120.0,0,140.0
short,987,readiness_current,120.0,0,140.0
short,987,readiness_history,120.0,0,140.0
short,987,oracle,120.0,0,140.0
short,988,fixed_6,6.0,0,140.0
short,988,fixed_12,12.0,0,140.0
short,988,fixed_24,24.0,0,140.0
short,988,fixed_48,48.0,0,140.0
short,988,threshold_reset,120.0,0,140.0
short,988,readiness_current,120.0,0,140.0
short,988,readiness_history,120.0,0,140.0
short,988,oracle,120.0,0,140.0
short,989,fixed_6,6.0,0,140.0
short,989,fixed_12,12.0,0,140.0
short,989,fixed_24,24.0,0,140.0
short,989,fixed_48,48.0,0,140.0
short,989,threshold_reset,120.0,0,140.0
short,989,readiness_current,120.0,0,140.0
short,989,readiness_history,120.0,0,140.0
short,989,oracle,120.0,0,140.0
short,990,fixed_6,6.0,0,140.0
short,990,fixed_12,12.0,0,140.0
short,990,fixed_24,24.0,0,140.0
short,990,fixed_48,48.0,0,140.0
short,990,threshold_reset,120.0,0,140.0
short,990,readiness_current,120.0,0,140.0
short,990,readiness_history,120.0,0,140.0
short,990,oracle,120.0,0,140.0
short,991,fixed_6,6.0,0,140.0
short,991,fixed_12,12.0,0,140.0
short,991,fixed_24,24.0,0,140.0
short,991,fixed_48,48.0,0,140.0
short,991,threshold_reset,120.0,0,140.0
short,991,readiness_current,120.0,0,140.0
short,991,readiness_history,120.0,0,140.0
short,991,oracle,120.0,0,140.0
short,992,fixed_6,6.0,0,140.0
short,992,fixed_12,12.0,0,140.0
short,992,fixed_24,24.0,0,140.0
short,992,fixed_48,48.0,0,140.0
short,992,threshold_reset,120.0,0,140.0
short,992,readiness_current,120.0,0,140.0
short,992,readiness_history,120.0,0,140.0
short,992,oracle,120.0,0,140.0
short,993,fixed_6,6.0,0,140.0
short,993,fixed_12,12.0,0,140.0
short,993,fixed_24,24.0,0,140.0
short,993,fixed_48,48.0,0,140.0
short,993,threshold_reset,120.0,0,140.0
short,993,readiness_current,120.0,0,140.0
short,993,readiness_history,120.0,0,140.0
short,993,oracle,120.0,0,140.0
short,994,fixed_6,6.0,0,140.0
short,994,fixed_12,12.0,0,140.0
short,994,fixed_24,24.0,0,140.0
short,994,fixed_48,48.0,0,140.0
short,994,threshold_reset,120.0,0,140.0
short,994,readiness_current,120.0,0,140.0
short,994,readiness_history,120.0,0,140.0
short,994,oracle,120.0,0,140.0
short,995,fixed_6,6.0,0,140.0
short,995,fixed_12,12.0,0,140.0
short,995,fixed_24,24.0,0,140.0
short,995,fixed_48,48.0,0,140.0
short,995,threshold_reset,120.0,0,140.0
short,995,readiness_current,120.0,0,140.0
short,995,readiness_history,120.0,0,140.0
short,995,oracle,120.0,0,140.0
short,996,fixed_6,6.0,0,140.0
short,996,fixed_12,12.0,0,140.0
short,996,fixed_24,24.0,0,140.0
short,996,fixed_48,48.0,0,140.0
short,996,threshold_reset,120.0,0,140.0
short,996,readiness_current,120.0,0,140.0
short,996,readiness_history,120.0,0,140.0
short,996,oracle,120.0,0,140.0
short,997,fixed_6,6.0,0,140.0
short,997,fixed_12,12.0,0,140.0
short,997,fixed_24,24.0,0,140.0
short,997,fixed_48,48.0,0,140.0
short,997,threshold_reset,120.0,0,140.0
short,997,readiness_current,120.0,0,140.0
short,997,readiness_history,120.0,0,140.0
short,997,oracle,120.0,0,140.0
short,998,fixed_6,6.0,0,140.0
short,998,fixed_12,12.0,0,140.0
short,998,fixed_24,24.0,0,140.0
short,998,fixed_48,48.0,0,140.0
short,998,threshold_reset,120.0,0,140.0
short,998,readiness_current,120.0,0,140.0
short,998,readiness_history,120.0,0,140.0
short,998,oracle,120.0,0,140.0
short,999,fixed_6,6.0,0,140.0
short,999,fixed_12,12.0,0,140.0
short,999,fixed_24,24.0,0,140.0
short,999,fixed_48,48.0,0,140.0
short,999,threshold_reset,120.0,0,140.0
short,999,readiness_current,120.0,0,140.0
short,999,readiness_history,120.0,0,140.0
short,999,oracle,120.0,0,140.0
long,0,fixed_6,6.0,0,140.0
long,0,fixed_12,12.0,0,140.0
long,0,fixed_24,24.0,0,140.0
long,0,fixed_48,48.0,0,140.0
long,0,threshold_reset,120.0,0,140.0
long,0,readiness_current,120.0,0,140.0
long,0,readiness_history,120.0,0,140.0
long,0,oracle,120.0,0,140.0
long,1,fixed_6,6.0,0,140.0
long,1,fixed_12,12.0,0,140.0
long,1,fixed_24,24.0,0,140.0
long,1,fixed_48,48.0,0,140.0
long,1,threshold_reset,120.0,0,140.0
long,1,readiness_current,120.0,0,140.0
long,1,readiness_history,120.0,0,140.0
long,1,oracle,120.0,0,140.0
long,2,fixed_6,6.0,0,140.0
long,2,fixed_12,12.0,0,140.0
long,2,fixed_24,24.0,0,140.0
long,2,fixed_48,48.0,0,140.0
long,2,threshold_reset,120.0,0,140.0
long,2,readiness_current,120.0,0,140.0
long,2,readiness_history,120.0,0,140.0
long,2,oracle,120.0,0,140.0
long,3,fixed_6,6.0,0,140.0
long,3,fixed_12,12.0,0,140.0
long,3,fixed_24,24.0,0,140.0
long,3,fixed_48,48.0,0,140.0
long,3,threshold_reset,120.0,0,140.0
long,3,readiness_current,120.0,0,140.0
long,3,readiness_history,120.0,0,140.0
long,3,oracle,120.0,0,140.0
long,4,fixed_6,6.0,0,140.0
long,4,fixed_12,12.0,0,140.0
long,4,fixed_24,24.0,0,140.0
long,4,fixed_48,48.0,0,140.0
long,4,threshold_reset,120.0,0,140.0
long,4,readiness_current,120.0,0,140.0
long,4,readiness_history,120.0,0,140.0
long,4,oracle,120.0,0,140.0
long,5,fixed_6,6.0,0,140.0
long,5,fixed_12,12.0,0,140.0
long,5,fixed_24,24.0,0,140.0
long,5,fixed_48,48.0,0,140.0
long,5,threshold_reset,120.0,0,140.0
long,5,readiness_current,120.0,0,140.0
long,5,readiness_history,120.0,0,140.0
long,5,oracle,120.0,0,140.0
long,6,fixed_6,6.0,0,140.0
long,6,fixed_12,12.0,0,140.0
long,6,fixed_24,24.0,0,140.0
long,6,fixed_48,48.0,0,140.0
long,6,threshold_reset,120.0,0,140.0
long,6,readiness_current,120.0,0,140.0
long,6,readiness_history,120.0,0,140.0
long,6,oracle,120.0,0,140.0
long,7,fixed_6,6.0,0,140.0
long,7,fixed_12,12.0,0,140.0
long,7,fixed_24,24.0,0,140.0
long,7,fixed_48,48.0,0,140.0
long,7,threshold_reset,120.0,0,140.0
long,7,readiness_current,120.0,0,140.0
long,7,readiness_history,120.0,0,140.0
long,7,oracle,120.0,0,140.0
long,8,fixed_6,6.0,0,140.0
long,8,fixed_12,12.0,0,140.0
long,8,fixed_24,24.0,0,140.0
long,8,fixed_48,48.0,0,140.0
long,8,threshold_reset,120.0,0,140.0
long,8,readiness_current,120.0,0,140.0
long,8,readiness_history,120.0,0,140.0
long,8,oracle,120.0,0,140.0
long,9,fixed_6,6.0,0,140.0
long,9,fixed_12,12.0,0,140.0
long,9,fixed_24,24.0,0,140.0
long,9,fixed_48,48.0,0,140.0
long,9,threshold_reset,120.0,0,140.0
long,9,readiness_current,120.0,0,140.0
long,9,readiness_history,120.0,0,140.0
long,9,oracle,120.0,0,140.0
long,10,fixed_6,6.0,0,140.0
long,10,fixed_12,12.0,0,140.0
long,10,fixed_24,24.0,0,140.0
long,10,fixed_48,48.0,0,140.0
long,10,threshold_reset,120.0,0,140.0
long,10,readiness_current,120.0,0,140.0
long,10,readiness_history,120.0,0,140.0
long,10,oracle,120.0,0,140.0
long,11,fixed_6,6.0,0,140.0
long,11,fixed_12,12.0,0,140.0
long,11,fixed_24,24.0,0,140.0
long,11,fixed_48,48.0,0,140.0
long,11,threshold_reset,120.0,0,140.0
long,11,readiness_current,120.0,0,140.0
long,11,readiness_history,120.0,0,140.0
long,11,oracle,120.0,0,140.0
long,12,fixed_6,6.0,0,140.0
long,12,fixed_12,12.0,0,140.0
long,12,fixed_24,24.0,0,140.0
long,12,fixed_48,48.0,0,140.0
long,12,threshold_reset,120.0,0,140.0
long,12,readiness_current,120.0,0,140.0
long,12,readiness_history,120.0,0,140.0
long,12,oracle,120.0,0,140.0
long,13,fixed_6,6.0,0,140.0
long,13,fixed_12,12.0,0,140.0
long,13,fixed_24,24.0,0,140.0
long,13,fixed_48,48.0,0,140.0
long,13,threshold_reset,120.0,0,140.0
long,13,readiness_current,120.0,0,140.0
long,13,readiness_history,120.0,0,140.0
long,13,oracle,120.0,0,140.0
long,14,fixed_6,6.0,0,140.0
long,14,fixed_12,12.0,0,140.0
long,14,fixed_24,24.0,0,140.0
long,14,fixed_48,48.0,0,140.0
long,14,threshold_reset,120.0,0,140.0
long,14,readiness_current,120.0,0,140.0
long,14,readiness_history,120.0,0,140.0
long,14,oracle,120.0,0,140.0
long,15,fixed_6,6.0,0,140.0
long,15,fixed_12,12.0,0,140.0
long,15,fixed_24,24.0,0,140.0
long,15,fixed_48,48.0,0,140.0
long,15,threshold_reset,120.0,0,140.0
long,15,readiness_current,120.0,0,140.0
long,15,readiness_history,120.0,0,140.0
long,15,oracle,120.0,0,140.0
long,16,fixed_6,6.0,0,140.0
long,16,fixed_12,12.0,0,140.0
long,16,fixed_24,24.0,0,140.0
long,16,fixed_48,48.0,0,140.0
long,16,threshold_reset,120.0,0,140.0
long,16,readiness_current,120.0,0,140.0
long,16,readiness_history,120.0,0,140.0
long,16,oracle,120.0,0,140.0
long,17,fixed_6,6.0,0,140.0
long,17,fixed_12,12.0,0,140.0
long,17,fixed_24,24.0,0,140.0
long,17,fixed_48,48.0,0,140.0
long,17,threshold_reset,120.0,0,140.0
long,17,readiness_current,120.0,0,140.0
long,17,readiness_history,120.0,0,140.0
long,17,oracle,120.0,0,140.0
long,18,fixed_6,6.0,0,140.0
long,18,fixed_12,12.0,0,140.0
long,18,fixed_24,24.0,0,140.0
long,18,fixed_48,48.0,0,140.0
long,18,threshold_reset,120.0,0,140.0
long,18,readiness_current,120.0,0,140.0
long,18,readiness_history,120.0,0,140.0
long,18,oracle,120.0,0,140.0
long,19,fixed_6,6.0,0,140.0
long,19,fixed_12,12.0,0,140.0
long,19,fixed_24,24.0,0,140.0
long,19,fixed_48,48.0,0,140.0
long,19,threshold_reset,120.0,0,140.0
long,19,readiness_current,120.0,0,140.0
long,19,readiness_history,120.0,0,140.0
long,19,oracle,120.0,0,140.0
long,20,fixed_6,6.0,0,140.0
long,20,fixed_12,12.0,0,140.0
long,20,fixed_24,24.0,0,140.0
long,20,fixed_48,48.0,0,140.0
long,20,threshold_reset,120.0,0,140.0
long,20,readiness_current,120.0,0,140.0
long,20,readiness_history,120.0,0,140.0
long,20,oracle,120.0,0,140.0
long,21,fixed_6,6.0,0,140.0
long,21,fixed_12,12.0,0,140.0
long,21,fixed_24,24.0,0,140.0
long,21,fixed_48,48.0,0,140.0
long,21,threshold_reset,120.0,0,140.0
long,21,readiness_current,120.0,0,140.0
long,21,readiness_history,120.0,0,140.0
long,21,oracle,120.0,0,140.0
long,22,fixed_6,6.0,0,140.0
long,22,fixed_12,12.0,0,140.0
long,22,fixed_24,24.0,0,140.0
long,22,fixed_48,48.0,0,140.0
long,22,threshold_reset,120.0,0,140.0
long,22,readiness_current,120.0,0,140.0
long,22,readiness_history,120.0,0,140.0
long,22,oracle,120.0,0,140.0
long,23,fixed_6,6.0,0,140.0
long,23,fixed_12,12.0,0,140.0
long,23,fixed_24,24.0,0,140.0
long,23,fixed_48,48.0,0,140.0
long,23,threshold_reset,120.0,0,140.0
long,23,readiness_current,120.0,0,140.0
long,23,readiness_history,120.0,0,140.0
long,23,oracle,120.0,0,140.0
long,24,fixed_6,6.0,0,140.0
long,24,fixed_12,12.0,0,140.0
long,24,fixed_24,24.0,0,140.0
long,24,fixed_48,48.0,0,140.0
long,24,threshold_reset,120.0,0,140.0
long,24,readiness_current,120.0,0,140.0
long,24,readiness_history,120.0,0,140.0
long,24,oracle,120.0,0,140.0
long,25,fixed_6,6.0,0,140.0
long,25,fixed_12,12.0,0,140.0
long,25,fixed_24,24.0,0,140.0
long,25,fixed_48,48.0,0,140.0
long,25,threshold_reset,120.0,0,140.0
long,25,readiness_current,120.0,0,140.0
long,25,readiness_history,120.0,0,140.0
long,25,oracle,120.0,0,140.0
long,26,fixed_6,6.0,0,140.0
long,26,fixed_12,12.0,0,140.0
long,26,fixed_24,24.0,0,140.0
long,26,fixed_48,48.0,0,140.0
long,26,threshold_reset,120.0,0,140.0
long,26,readiness_current,120.0,0,140.0
long,26,readiness_history,120.0,0,140.0
long,26,oracle,120.0,0,140.0
long,27,fixed_6,6.0,0,140.0
long,27,fixed_12,12.0,0,140.0
long,27,fixed_24,24.0,0,140.0
long,27,fixed_48,48.0,0,140.0
long,27,threshold_reset,120.0,0,140.0
long,27,readiness_current,120.0,0,140.0
long,27,readiness_history,120.0,0,140.0
long,27,oracle,120.0,0,140.0
long,28,fixed_6,6.0,0,140.0
long,28,fixed_12,12.0,0,140.0
long,28,fixed_24,24.0,0,140.0
long,28,fixed_48,48.0,0,140.0
long,28,threshold_reset,120.0,0,140.0
long,28,readiness_current,120.0,0,140.0
long,28,readiness_history,120.0,0,140.0
long,28,oracle,120.0,0,140.0
long,29,fixed_6,6.0,0,140.0
long,29,fixed_12,12.0,0,140.0
long,29,fixed_24,24.0,0,140.0
long,29,fixed_48,48.0,0,140.0
long,29,threshold_reset,120.0,0,140.0
long,29,readiness_current,120.0,0,140.0
long,29,readiness_history,120.0,0,140.0
long,29,oracle,120.0,0,140.0
long,30,fixed_6,6.0,0,140.0
long,30,fixed_12,12.0,0,140.0
long,30,fixed_24,24.0,0,140.0
long,30,fixed_48,48.0,0,140.0
long,30,threshold_reset,120.0,0,140.0
long,30,readiness_current,120.0,0,140.0
long,30,readiness_history,120.0,0,140.0
long,30,oracle,120.0,0,140.0
long,31,fixed_6,6.0,0,140.0
long,31,fixed_12,12.0,0,140.0
long,31,fixed_24,24.0,0,140.0
long,31,fixed_48,48.0,0,140.0
long,31,threshold_reset,120.0,0,140.0
long,31,readiness_current,120.0,0,140.0
long,31,readiness_history,120.0,0,140.0
long,31,oracle,120.0,0,140.0
long,32,fixed_6,6.0,0,140.0
long,32,fixed_12,12.0,0,140.0
long,32,fixed_24,24.0,0,140.0
long,32,fixed_48,48.0,0,140.0
long,32,threshold_reset,120.0,0,140.0
long,32,readiness_current,120.0,0,140.0
long,32,readiness_history,120.0,0,140.0
long,32,oracle,120.0,0,140.0
long,33,fixed_6,6.0,0,140.0
long,33,fixed_12,12.0,0,140.0
long,33,fixed_24,24.0,0,140.0
long,33,fixed_48,48.0,0,140.0
long,33,threshold_reset,120.0,0,140.0
long,33,readiness_current,120.0,0,140.0
long,33,readiness_history,120.0,0,140.0
long,33,oracle,120.0,0,140.0
long,34,fixed_6,6.0,0,140.0
long,34,fixed_12,12.0,0,140.0
long,34,fixed_24,24.0,0,140.0
long,34,fixed_48,48.0,0,140.0
long,34,threshold_reset,120.0,0,140.0
long,34,readiness_current,120.0,0,140.0
long,34,readiness_history,120.0,0,140.0
long,34,oracle,120.0,0,140.0
long,35,fixed_6,6.0,0,140.0
long,35,fixed_12,12.0,0,140.0
long,35,fixed_24,24.0,0,140.0
long,35,fixed_48,48.0,0,140.0
long,35,threshold_reset,120.0,0,140.0
long,35,readiness_current,120.0,0,140.0
long,35,readiness_history,120.0,0,140.0
long,35,oracle,120.0,0,140.0
long,36,fixed_6,6.0,0,140.0
long,36,fixed_12,12.0,0,140.0
long,36,fixed_24,24.0,0,140.0
long,36,fixed_48,48.0,0,140.0
long,36,threshold_reset,120.0,0,140.0
long,36,readiness_current,120.0,0,140.0
long,36,readiness_history,120.0,0,140.0
long,36,oracle,120.0,0,140.0
long,37,fixed_6,6.0,0,140.0
long,37,fixed_12,12.0,0,140.0
long,37,fixed_24,24.0,0,140.0
long,37,fixed_48,48.0,0,140.0
long,37,threshold_reset,120.0,0,140.0
long,37,readiness_current,120.0,0,140.0
long,37,readiness_history,120.0,0,140.0
long,37,oracle,120.0,0,140.0
long,38,fixed_6,6.0,0,140.0
long,38,fixed_12,12.0,0,140.0
long,38,fixed_24,24.0,0,140.0
long,38,fixed_48,48.0,0,140.0
long,38,threshold_reset,120.0,0,140.0
long,38,readiness_current,120.0,0,140.0
long,38,readiness_history,120.0,0,140.0
long,38,oracle,120.0,0,140.0
long,39,fixed_6,6.0,0,140.0
long,39,fixed_12,12.0,0,140.0
long,39,fixed_24,24.0,0,140.0
long,39,fixed_48,48.0,0,140.0
long,39,threshold_reset,120.0,0,140.0
long,39,readiness_current,120.0,0,140.0
long,39,readiness_history,120.0,0,140.0
long,39,oracle,120.0,0,140.0
long,40,fixed_6,6.0,0,140.0
long,40,fixed_12,12.0,0,140.0
long,40,fixed_24,24.0,0,140.0
long,40,fixed_48,48.0,0,140.0
long,40,threshold_reset,120.0,0,140.0
long,40,readiness_current,120.0,0,140.0
long,40,readiness_history,120.0,0,140.0
long,40,oracle,120.0,0,140.0
long,41,fixed_6,6.0,0,140.0
long,41,fixed_12,12.0,0,140.0
long,41,fixed_24,24.0,0,140.0
long,41,fixed_48,48.0,0,140.0
long,41,threshold_reset,120.0,0,140.0
long,41,readiness_current,120.0,0,140.0
long,41,readiness_history,120.0,0,140.0
long,41,oracle,120.0,0,140.0
long,42,fixed_6,6.0,0,140.0
long,42,fixed_12,12.0,0,140.0
long,42,fixed_24,24.0,0,140.0
long,42,fixed_48,48.0,0,140.0
long,42,threshold_reset,120.0,0,140.0
long,42,readiness_current,120.0,0,140.0
long,42,readiness_history,120.0,0,140.0
long,42,oracle,120.0,0,140.0
long,43,fixed_6,6.0,0,140.0
long,43,fixed_12,12.0,0,140.0
long,43,fixed_24,24.0,0,140.0
long,43,fixed_48,48.0,0,140.0
long,43,threshold_reset,120.0,0,140.0
long,43,readiness_current,120.0,0,140.0
long,43,readiness_history,120.0,0,140.0
long,43,oracle,120.0,0,140.0
long,44,fixed_6,6.0,0,140.0
long,44,fixed_12,12.0,0,140.0
long,44,fixed_24,24.0,0,140.0
long,44,fixed_48,48.0,0,140.0
long,44,threshold_reset,120.0,0,140.0
long,44,readiness_current,120.0,0,140.0
long,44,readiness_history,120.0,0,140.0
long,44,oracle,120.0,0,140.0
long,45,fixed_6,6.0,0,140.0
long,45,fixed_12,12.0,0,140.0
long,45,fixed_24,24.0,0,140.0
long,45,fixed_48,48.0,0,140.0
long,45,threshold_reset,120.0,0,140.0
long,45,readiness_current,120.0,0,140.0
long,45,readiness_history,120.0,0,140.0
long,45,oracle,120.0,0,140.0
long,46,fixed_6,6.0,0,140.0
long,46,fixed_12,12.0,0,140.0
long,46,fixed_24,24.0,0,140.0
long,46,fixed_48,48.0,0,140.0
long,46,threshold_reset,120.0,0,140.0
long,46,readiness_current,120.0,0,140.0
long,46,readiness_history,120.0,0,140.0
long,46,oracle,120.0,0,140.0
long,47,fixed_6,6.0,0,140.0
long,47,fixed_12,12.0,0,140.0
long,47,fixed_24,24.0,0,140.0
long,47,fixed_48,48.0,0,140.0
long,47,threshold_reset,120.0,0,140.0
long,47,readiness_current,120.0,0,140.0
long,47,readiness_history,120.0,0,140.0
long,47,oracle,120.0,0,140.0
long,48,fixed_6,6.0,0,140.0
long,48,fixed_12,12.0,0,140.0
long,48,fixed_24,24.0,0,140.0
long,48,fixed_48,48.0,0,140.0
long,48,threshold_reset,120.0,0,140.0
long,48,readiness_current,120.0,0,140.0
long,48,readiness_history,120.0,0,140.0
long,48,oracle,120.0,0,140.0
long,49,fixed_6,6.0,0,140.0
long,49,fixed_12,12.0,0,140.0
long,49,fixed_24,24.0,0,140.0
long,49,fixed_48,48.0,0,140.0
long,49,threshold_reset,120.0,0,140.0
long,49,readiness_current,120.0,0,140.0
long,49,readiness_history,120.0,0,140.0
long,49,oracle,120.0,0,140.0
long,50,fixed_6,6.0,0,140.0
long,50,fixed_12,12.0,0,140.0
long,50,fixed_24,24.0,0,140.0
long,50,fixed_48,48.0,0,140.0
long,50,threshold_reset,120.0,0,140.0
long,50,readiness_current,120.0,0,140.0
long,50,readiness_history,120.0,0,140.0
long,50,oracle,120.0,0,140.0
long,51,fixed_6,6.0,0,140.0
long,51,fixed_12,12.0,0,140.0
long,51,fixed_24,24.0,0,140.0
long,51,fixed_48,48.0,0,140.0
long,51,threshold_reset,120.0,0,140.0
long,51,readiness_current,120.0,0,140.0
long,51,readiness_history,120.0,0,140.0
long,51,oracle,120.0,0,140.0
long,52,fixed_6,6.0,0,140.0
long,52,fixed_12,12.0,0,140.0
long,52,fixed_24,24.0,0,140.0
long,52,fixed_48,48.0,0,140.0
long,52,threshold_reset,120.0,0,140.0
long,52,readiness_current,120.0,0,140.0
long,52,readiness_history,120.0,0,140.0
long,52,oracle,120.0,0,140.0
long,53,fixed_6,6.0,0,140.0
long,53,fixed_12,12.0,0,140.0
long,53,fixed_24,24.0,0,140.0
long,53,fixed_48,48.0,0,140.0
long,53,threshold_reset,120.0,0,140.0
long,53,readiness_current,120.0,0,140.0
long,53,readiness_history,120.0,0,140.0
long,53,oracle,120.0,0,140.0
long,54,fixed_6,6.0,0,140.0
long,54,fixed_12,12.0,0,140.0
long,54,fixed_24,24.0,0,140.0
long,54,fixed_48,48.0,0,140.0
long,54,threshold_reset,120.0,0,140.0
long,54,readiness_current,120.0,0,140.0
long,54,readiness_history,120.0,0,140.0
long,54,oracle,120.0,0,140.0
long,55,fixed_6,6.0,0,140.0
long,55,fixed_12,12.0,0,140.0
long,55,fixed_24,24.0,0,140.0
long,55,fixed_48,48.0,0,140.0
long,55,threshold_reset,120.0,0,140.0
long,55,readiness_current,120.0,0,140.0
long,55,readiness_history,120.0,0,140.0
long,55,oracle,120.0,0,140.0
long,56,fixed_6,6.0,0,140.0
long,56,fixed_12,12.0,0,140.0
long,56,fixed_24,24.0,0,140.0
long,56,fixed_48,48.0,0,140.0
long,56,threshold_reset,120.0,0,140.0
long,56,readiness_current,120.0,0,140.0
long,56,readiness_history,120.0,0,140.0
long,56,oracle,120.0,0,140.0
long,57,fixed_6,6.0,0,140.0
long,57,fixed_12,12.0,0,140.0
long,57,fixed_24,24.0,0,140.0
long,57,fixed_48,48.0,0,140.0
long,57,threshold_reset,120.0,0,140.0
long,57,readiness_current,120.0,0,140.0
long,57,readiness_history,120.0,0,140.0
long,57,oracle,120.0,0,140.0
long,58,fixed_6,6.0,0,140.0
long,58,fixed_12,12.0,0,140.0
long,58,fixed_24,24.0,0,140.0
long,58,fixed_48,48.0,0,140.0
long,58,threshold_reset,120.0,0,140.0
long,58,readiness_current,120.0,0,140.0
long,58,readiness_history,120.0,0,140.0
long,58,oracle,120.0,0,140.0
long,59,fixed_6,6.0,0,140.0
long,59,fixed_12,12.0,0,140.0
long,59,fixed_24,24.0,0,140.0
long,59,fixed_48,48.0,0,140.0
long,59,threshold_reset,120.0,0,140.0
long,59,readiness_current,120.0,0,140.0
long,59,readiness_history,120.0,0,140.0
long,59,oracle,120.0,0,140.0
long,60,fixed_6,6.0,0,140.0
long,60,fixed_12,12.0,0,140.0
long,60,fixed_24,24.0,0,140.0
long,60,fixed_48,48.0,0,140.0
long,60,threshold_reset,120.0,0,140.0
long,60,readiness_current,120.0,0,140.0
long,60,readiness_history,120.0,0,140.0
long,60,oracle,120.0,0,140.0
long,61,fixed_6,6.0,0,140.0
long,61,fixed_12,12.0,0,140.0
long,61,fixed_24,24.0,0,140.0
long,61,fixed_48,48.0,0,140.0
long,61,threshold_reset,120.0,0,140.0
long,61,readiness_current,120.0,0,140.0
long,61,readiness_history,120.0,0,140.0
long,61,oracle,120.0,0,140.0
long,62,fixed_6,6.0,0,140.0
long,62,fixed_12,12.0,0,140.0
long,62,fixed_24,24.0,0,140.0
long,62,fixed_48,48.0,0,140.0
long,62,threshold_reset,120.0,0,140.0
long,62,readiness_current,120.0,0,140.0
long,62,readiness_history,120.0,0,140.0
long,62,oracle,120.0,0,140.0
long,63,fixed_6,6.0,0,140.0
long,63,fixed_12,12.0,0,140.0
long,63,fixed_24,24.0,0,140.0
long,63,fixed_48,48.0,0,140.0
long,63,threshold_reset,120.0,0,140.0
long,63,readiness_current,120.0,0,140.0
long,63,readiness_history,120.0,0,140.0
long,63,oracle,120.0,0,140.0
long,64,fixed_6,6.0,0,140.0
long,64,fixed_12,12.0,0,140.0
long,64,fixed_24,24.0,0,140.0
long,64,fixed_48,48.0,0,140.0
long,64,threshold_reset,120.0,0,140.0
long,64,readiness_current,120.0,0,140.0
long,64,readiness_history,120.0,0,140.0
long,64,oracle,120.0,0,140.0
long,65,fixed_6,6.0,0,140.0
long,65,fixed_12,12.0,0,140.0
long,65,fixed_24,24.0,0,140.0
long,65,fixed_48,48.0,0,140.0
long,65,threshold_reset,120.0,0,140.0
long,65,readiness_current,120.0,0,140.0
long,65,readiness_history,120.0,0,140.0
long,65,oracle,120.0,0,140.0
long,66,fixed_6,6.0,0,140.0
long,66,fixed_12,12.0,0,140.0
long,66,fixed_24,24.0,0,140.0
long,66,fixed_48,48.0,0,140.0
long,66,threshold_reset,120.0,0,140.0
long,66,readiness_current,120.0,0,140.0
long,66,readiness_history,120.0,0,140.0
long,66,oracle,120.0,0,140.0
long,67,fixed_6,6.0,0,140.0
long,67,fixed_12,12.0,0,140.0
long,67,fixed_24,24.0,0,140.0
long,67,fixed_48,48.0,0,140.0
long,67,threshold_reset,120.0,0,140.0
long,67,readiness_current,120.0,0,140.0
long,67,readiness_history,120.0,0,140.0
long,67,oracle,120.0,0,140.0
long,68,fixed_6,6.0,0,140.0
long,68,fixed_12,12.0,0,140.0
long,68,fixed_24,24.0,0,140.0
long,68,fixed_48,48.0,0,140.0
long,68,threshold_reset,120.0,0,140.0
long,68,readiness_current,120.0,0,140.0
long,68,readiness_history,120.0,0,140.0
long,68,oracle,120.0,0,140.0
long,69,fixed_6,6.0,0,140.0
long,69,fixed_12,12.0,0,140.0
long,69,fixed_24,24.0,0,140.0
long,69,fixed_48,48.0,0,140.0
long,69,threshold_reset,120.0,0,140.0
long,69,readiness_current,120.0,0,140.0
long,69,readiness_history,120.0,0,140.0
long,69,oracle,120.0,0,140.0
long,70,fixed_6,6.0,0,140.0
long,70,fixed_12,12.0,0,140.0
long,70,fixed_24,24.0,0,140.0
long,70,fixed_48,48.0,0,140.0
long,70,threshold_reset,120.0,0,140.0
long,70,readiness_current,120.0,0,140.0
long,70,readiness_history,120.0,0,140.0
long,70,oracle,120.0,0,140.0
long,71,fixed_6,6.0,0,140.0
long,71,fixed_12,12.0,0,140.0
long,71,fixed_24,24.0,0,140.0
long,71,fixed_48,48.0,0,140.0
long,71,threshold_reset,120.0,0,140.0
long,71,readiness_current,120.0,0,140.0
long,71,readiness_history,120.0,0,140.0
long,71,oracle,120.0,0,140.0
long,72,fixed_6,6.0,0,140.0
long,72,fixed_12,12.0,0,140.0
long,72,fixed_24,24.0,0,140.0
long,72,fixed_48,48.0,0,140.0
long,72,threshold_reset,120.0,0,140.0
long,72,readiness_current,120.0,0,140.0
long,72,readiness_history,120.0,0,140.0
long,72,oracle,120.0,0,140.0
long,73,fixed_6,6.0,0,140.0
long,73,fixed_12,12.0,0,140.0
long,73,fixed_24,24.0,0,140.0
long,73,fixed_48,48.0,0,140.0
long,73,threshold_reset,120.0,0,140.0
long,73,readiness_current,120.0,0,140.0
long,73,readiness_history,120.0,0,140.0
long,73,oracle,120.0,0,140.0
long,74,fixed_6,6.0,0,140.0
long,74,fixed_12,12.0,0,140.0
long,74,fixed_24,24.0,0,140.0
long,74,fixed_48,48.0,0,140.0
long,74,threshold_reset,120.0,0,140.0
long,74,readiness_current,120.0,0,140.0
long,74,readiness_history,120.0,0,140.0
long,74,oracle,120.0,0,140.0
long,75,fixed_6,6.0,0,140.0
long,75,fixed_12,12.0,0,140.0
long,75,fixed_24,24.0,0,140.0
long,75,fixed_48,48.0,0,140.0
long,75,threshold_reset,120.0,0,140.0
long,75,readiness_current,120.0,0,140.0
long,75,readiness_history,120.0,0,140.0
long,75,oracle,120.0,0,140.0
long,76,fixed_6,6.0,0,140.0
long,76,fixed_12,12.0,0,140.0
long,76,fixed_24,24.0,0,140.0
long,76,fixed_48,48.0,0,140.0
long,76,threshold_reset,120.0,0,140.0
long,76,readiness_current,120.0,0,140.0
long,76,readiness_history,120.0,0,140.0
long,76,oracle,120.0,0,140.0
long,77,fixed_6,6.0,0,140.0
long,77,fixed_12,12.0,0,140.0
long,77,fixed_24,24.0,0,140.0
long,77,fixed_48,48.0,0,140.0
long,77,threshold_reset,120.0,0,140.0
long,77,readiness_current,120.0,0,140.0
long,77,readiness_history,120.0,0,140.0
long,77,oracle,120.0,0,140.0
long,78,fixed_6,6.0,0,140.0
long,78,fixed_12,12.0,0,140.0
long,78,fixed_24,24.0,0,140.0
long,78,fixed_48,48.0,0,140.0
long,78,threshold_reset,120.0,0,140.0
long,78,readiness_current,120.0,0,140.0
long,78,readiness_history,120.0,0,140.0
long,78,oracle,120.0,0,140.0
long,79,fixed_6,6.0,0,140.0
long,79,fixed_12,12.0,0,140.0
long,79,fixed_24,24.0,0,140.0
long,79,fixed_48,48.0,0,140.0
long,79,threshold_reset,120.0,0,140.0
long,79,readiness_current,120.0,0,140.0
long,79,readiness_history,120.0,0,140.0
long,79,oracle,120.0,0,140.0
long,80,fixed_6,6.0,0,140.0
long,80,fixed_12,12.0,0,140.0
long,80,fixed_24,24.0,0,140.0
long,80,fixed_48,48.0,0,140.0
long,80,threshold_reset,120.0,0,140.0
long,80,readiness_current,120.0,0,140.0
long,80,readiness_history,120.0,0,140.0
long,80,oracle,120.0,0,140.0
long,81,fixed_6,6.0,0,140.0
long,81,fixed_12,12.0,0,140.0
long,81,fixed_24,24.0,0,140.0
long,81,fixed_48,48.0,0,140.0
long,81,threshold_reset,120.0,0,140.0
long,81,readiness_current,120.0,0,140.0
long,81,readiness_history,120.0,0,140.0
long,81,oracle,120.0,0,140.0
long,82,fixed_6,6.0,0,140.0
long,82,fixed_12,12.0,0,140.0
long,82,fixed_24,24.0,0,140.0
long,82,fixed_48,48.0,0,140.0
long,82,threshold_reset,120.0,0,140.0
long,82,readiness_current,120.0,0,140.0
long,82,readiness_history,120.0,0,140.0
long,82,oracle,120.0,0,140.0
long,83,fixed_6,6.0,0,140.0
long,83,fixed_12,12.0,0,140.0
long,83,fixed_24,24.0,0,140.0
long,83,fixed_48,48.0,0,140.0
long,83,threshold_reset,120.0,0,140.0
long,83,readiness_current,120.0,0,140.0
long,83,readiness_history,120.0,0,140.0
long,83,oracle,120.0,0,140.0
long,84,fixed_6,6.0,0,140.0
long,84,fixed_12,12.0,0,140.0
long,84,fixed_24,24.0,0,140.0
long,84,fixed_48,48.0,0,140.0
long,84,threshold_reset,120.0,0,140.0
long,84,readiness_current,120.0,0,140.0
long,84,readiness_history,120.0,0,140.0
long,84,oracle,120.0,0,140.0
long,85,fixed_6,6.0,0,140.0
long,85,fixed_12,12.0,0,140.0
long,85,fixed_24,24.0,0,140.0
long,85,fixed_48,48.0,0,140.0
long,85,threshold_reset,120.0,0,140.0
long,85,readiness_current,120.0,0,140.0
long,85,readiness_history,120.0,0,140.0
long,85,oracle,120.0,0,140.0
long,86,fixed_6,6.0,0,140.0
long,86,fixed_12,12.0,0,140.0
long,86,fixed_24,24.0,0,140.0
long,86,fixed_48,48.0,0,140.0
long,86,threshold_reset,120.0,0,140.0
long,86,readiness_current,120.0,0,140.0
long,86,readiness_history,120.0,0,140.0
long,86,oracle,120.0,0,140.0
long,87,fixed_6,6.0,0,140.0
long,87,fixed_12,12.0,0,140.0
long,87,fixed_24,24.0,0,140.0
long,87,fixed_48,48.0,0,140.0
long,87,threshold_reset,120.0,0,140.0
long,87,readiness_current,120.0,0,140.0
long,87,readiness_history,120.0,0,140.0
long,87,oracle,120.0,0,140.0
long,88,fixed_6,6.0,0,140.0
long,88,fixed_12,12.0,0,140.0
long,88,fixed_24,24.0,0,140.0
long,88,fixed_48,48.0,0,140.0
long,88,threshold_reset,120.0,0,140.0
long,88,readiness_current,120.0,0,140.0
long,88,readiness_history,120.0,0,140.0
long,88,oracle,120.0,0,140.0
long,89,fixed_6,6.0,0,140.0
long,89,fixed_12,12.0,0,140.0
long,89,fixed_24,24.0,0,140.0
long,89,fixed_48,48.0,0,140.0
long,89,threshold_reset,120.0,0,140.0
long,89,readiness_current,120.0,0,140.0
long,89,readiness_history,120.0,0,140.0
long,89,oracle,120.0,0,140.0
long,90,fixed_6,6.0,0,140.0
long,90,fixed_12,12.0,0,140.0
long,90,fixed_24,24.0,0,140.0
long,90,fixed_48,48.0,0,140.0
long,90,threshold_reset,120.0,0,140.0
long,90,readiness_current,120.0,0,140.0
long,90,readiness_history,120.0,0,140.0
long,90,oracle,120.0,0,140.0
long,91,fixed_6,6.0,0,140.0
long,91,fixed_12,12.0,0,140.0
long,91,fixed_24,24.0,0,140.0
long,91,fixed_48,48.0,0,140.0
long,91,threshold_reset,120.0,0,140.0
long,91,readiness_current,120.0,0,140.0
long,91,readiness_history,120.0,0,140.0
long,91,oracle,120.0,0,140.0
long,92,fixed_6,6.0,0,140.0
long,92,fixed_12,12.0,0,140.0
long,92,fixed_24,24.0,0,140.0
long,92,fixed_48,48.0,0,140.0
long,92,threshold_reset,120.0,0,140.0
long,92,readiness_current,120.0,0,140.0
long,92,readiness_history,120.0,0,140.0
long,92,oracle,120.0,0,140.0
long,93,fixed_6,6.0,0,140.0
long,93,fixed_12,12.0,0,140.0
long,93,fixed_24,24.0,0,140.0
long,93,fixed_48,48.0,0,140.0
long,93,threshold_reset,120.0,0,140.0
long,93,readiness_current,120.0,0,140.0
long,93,readiness_history,120.0,0,140.0
long,93,oracle,120.0,0,140.0
long,94,fixed_6,6.0,0,140.0
long,94,fixed_12,12.0,0,140.0
long,94,fixed_24,24.0,0,140.0
long,94,fixed_48,48.0,0,140.0
long,94,threshold_reset,120.0,0,140.0
long,94,readiness_current,120.0,0,140.0
long,94,readiness_history,120.0,0,140.0
long,94,oracle,120.0,0,140.0
long,95,fixed_6,6.0,0,140.0
long,95,fixed_12,12.0,0,140.0
long,95,fixed_24,24.0,0,140.0
long,95,fixed_48,48.0,0,140.0
long,95,threshold_reset,120.0,0,140.0
long,95,readiness_current,120.0,0,140.0
long,95,readiness_history,120.0,0,140.0
long,95,oracle,120.0,0,140.0
long,96,fixed_6,6.0,0,140.0
long,96,fixed_12,12.0,0,140.0
long,96,fixed_24,24.0,0,140.0
long,96,fixed_48,48.0,0,140.0
long,96,threshold_reset,120.0,0,140.0
long,96,readiness_current,120.0,0,140.0
long,96,readiness_history,120.0,0,140.0
long,96,oracle,120.0,0,140.0
long,97,fixed_6,6.0,0,140.0
long,97,fixed_12,12.0,0,140.0
long,97,fixed_24,24.0,0,140.0
long,97,fixed_48,48.0,0,140.0
long,97,threshold_reset,120.0,0,140.0
long,97,readiness_current,120.0,0,140.0
long,97,readiness_history,120.0,0,140.0
long,97,oracle,120.0,0,140.0
long,98,fixed_6,6.0,0,140.0
long,98,fixed_12,12.0,0,140.0
long,98,fixed_24,24.0,0,140.0
long,98,fixed_48,48.0,0,140.0
long,98,threshold_reset,120.0,0,140.0
long,98,readiness_current,120.0,0,140.0
long,98,readiness_history,120.0,0,140.0
long,98,oracle,120.0,0,140.0
long,99,fixed_6,6.0,0,140.0
long,99,fixed_12,12.0,0,140.0
long,99,fixed_24,24.0,0,140.0
long,99,fixed_48,48.0,0,140.0
long,99,threshold_reset,120.0,0,140.0
long,99,readiness_current,120.0,0,140.0
long,99,readiness_history,120.0,0,140.0
long,99,oracle,120.0,0,140.0
long,100,fixed_6,6.0,0,140.0
long,100,fixed_12,12.0,0,140.0
long,100,fixed_24,24.0,0,140.0
long,100,fixed_48,48.0,0,140.0
long,100,threshold_reset,120.0,0,140.0
long,100,readiness_current,120.0,0,140.0
long,100,readiness_history,120.0,0,140.0
long,100,oracle,120.0,0,140.0
long,101,fixed_6,6.0,0,140.0
long,101,fixed_12,12.0,0,140.0
long,101,fixed_24,24.0,0,140.0
long,101,fixed_48,48.0,0,140.0
long,101,threshold_reset,120.0,0,140.0
long,101,readiness_current,120.0,0,140.0
long,101,readiness_history,120.0,0,140.0
long,101,oracle,120.0,0,140.0
long,102,fixed_6,6.0,0,140.0
long,102,fixed_12,12.0,0,140.0
long,102,fixed_24,24.0,0,140.0
long,102,fixed_48,48.0,0,140.0
long,102,threshold_reset,120.0,0,140.0
long,102,readiness_current,120.0,0,140.0
long,102,readiness_history,120.0,0,140.0
long,102,oracle,120.0,0,140.0
long,103,fixed_6,6.0,0,140.0
long,103,fixed_12,12.0,0,140.0
long,103,fixed_24,24.0,0,140.0
long,103,fixed_48,48.0,0,140.0
long,103,threshold_reset,120.0,0,140.0
long,103,readiness_current,120.0,0,140.0
long,103,readiness_history,120.0,0,140.0
long,103,oracle,120.0,0,140.0
long,104,fixed_6,6.0,0,140.0
long,104,fixed_12,12.0,0,140.0
long,104,fixed_24,24.0,0,140.0
long,104,fixed_48,48.0,0,140.0
long,104,threshold_reset,120.0,0,140.0
long,104,readiness_current,120.0,0,140.0
long,104,readiness_history,120.0,0,140.0
long,104,oracle,120.0,0,140.0
long,105,fixed_6,6.0,0,140.0
long,105,fixed_12,12.0,0,140.0
long,105,fixed_24,24.0,0,140.0
long,105,fixed_48,48.0,0,140.0
long,105,threshold_reset,120.0,0,140.0
long,105,readiness_current,120.0,0,140.0
long,105,readiness_history,120.0,0,140.0
long,105,oracle,120.0,0,140.0
long,106,fixed_6,6.0,0,140.0
long,106,fixed_12,12.0,0,140.0
long,106,fixed_24,24.0,0,140.0
long,106,fixed_48,48.0,0,140.0
long,106,threshold_reset,120.0,0,140.0
long,106,readiness_current,120.0,0,140.0
long,106,readiness_history,120.0,0,140.0
long,106,oracle,120.0,0,140.0
long,107,fixed_6,6.0,0,140.0
long,107,fixed_12,12.0,0,140.0
long,107,fixed_24,24.0,0,140.0
long,107,fixed_48,48.0,0,140.0
long,107,threshold_reset,120.0,0,140.0
long,107,readiness_current,120.0,0,140.0
long,107,readiness_history,120.0,0,140.0
long,107,oracle,120.0,0,140.0
long,108,fixed_6,6.0,0,140.0
long,108,fixed_12,12.0,0,140.0
long,108,fixed_24,24.0,0,140.0
long,108,fixed_48,48.0,0,140.0
long,108,threshold_reset,120.0,0,140.0
long,108,readiness_current,120.0,0,140.0
long,108,readiness_history,120.0,0,140.0
long,108,oracle,120.0,0,140.0
long,109,fixed_6,6.0,0,140.0
long,109,fixed_12,12.0,0,140.0
long,109,fixed_24,24.0,0,140.0
long,109,fixed_48,48.0,0,140.0
long,109,threshold_reset,120.0,0,140.0
long,109,readiness_current,120.0,0,140.0
long,109,readiness_history,120.0,0,140.0
long,109,oracle,120.0,0,140.0
long,110,fixed_6,6.0,0,140.0
long,110,fixed_12,12.0,0,140.0
long,110,fixed_24,24.0,0,140.0
long,110,fixed_48,48.0,0,140.0
long,110,threshold_reset,120.0,0,140.0
long,110,readiness_current,120.0,0,140.0
long,110,readiness_history,120.0,0,140.0
long,110,oracle,120.0,0,140.0
long,111,fixed_6,6.0,0,140.0
long,111,fixed_12,12.0,0,140.0
long,111,fixed_24,24.0,0,140.0
long,111,fixed_48,48.0,0,140.0
long,111,threshold_reset,120.0,0,140.0
long,111,readiness_current,120.0,0,140.0
long,111,readiness_history,120.0,0,140.0
long,111,oracle,120.0,0,140.0
long,112,fixed_6,6.0,0,140.0
long,112,fixed_12,12.0,0,140.0
long,112,fixed_24,24.0,0,140.0
long,112,fixed_48,48.0,0,140.0
long,112,threshold_reset,120.0,0,140.0
long,112,readiness_current,120.0,0,140.0
long,112,readiness_history,120.0,0,140.0
long,112,oracle,120.0,0,140.0
long,113,fixed_6,6.0,0,140.0
long,113,fixed_12,12.0,0,140.0
long,113,fixed_24,24.0,0,140.0
long,113,fixed_48,48.0,0,140.0
long,113,threshold_reset,120.0,0,140.0
long,113,readiness_current,120.0,0,140.0
long,113,readiness_history,120.0,0,140.0
long,113,oracle,120.0,0,140.0
long,114,fixed_6,6.0,0,140.0
long,114,fixed_12,12.0,0,140.0
long,114,fixed_24,24.0,0,140.0
long,114,fixed_48,48.0,0,140.0
long,114,threshold_reset,120.0,0,140.0
long,114,readiness_current,120.0,0,140.0
long,114,readiness_history,120.0,0,140.0
long,114,oracle,120.0,0,140.0
long,115,fixed_6,6.0,0,140.0
long,115,fixed_12,12.0,0,140.0
long,115,fixed_24,24.0,0,140.0
long,115,fixed_48,48.0,0,140.0
long,115,threshold_reset,120.0,0,140.0
long,115,readiness_current,120.0,0,140.0
long,115,readiness_history,120.0,0,140.0
long,115,oracle,120.0,0,140.0
long,116,fixed_6,6.0,0,140.0
long,116,fixed_12,12.0,0,140.0
long,116,fixed_24,24.0,0,140.0
long,116,fixed_48,48.0,0,140.0
long,116,threshold_reset,120.0,0,140.0
long,116,readiness_current,120.0,0,140.0
long,116,readiness_history,120.0,0,140.0
long,116,oracle,120.0,0,140.0
long,117,fixed_6,6.0,0,140.0
long,117,fixed_12,12.0,0,140.0
long,117,fixed_24,24.0,0,140.0
long,117,fixed_48,48.0,0,140.0
long,117,threshold_reset,120.0,0,140.0
long,117,readiness_current,120.0,0,140.0
long,117,readiness_history,120.0,0,140.0
long,117,oracle,120.0,0,140.0
long,118,fixed_6,6.0,0,140.0
long,118,fixed_12,12.0,0,140.0
long,118,fixed_24,24.0,0,140.0
long,118,fixed_48,48.0,0,140.0
long,118,threshold_reset,120.0,0,140.0
long,118,readiness_current,120.0,0,140.0
long,118,readiness_history,120.0,0,140.0
long,118,oracle,120.0,0,140.0
long,119,fixed_6,6.0,0,140.0
long,119,fixed_12,12.0,0,140.0
long,119,fixed_24,24.0,0,140.0
long,119,fixed_48,48.0,0,140.0
long,119,threshold_reset,120.0,0,140.0
long,119,readiness_current,120.0,0,140.0
long,119,readiness_history,120.0,0,140.0
long,119,oracle,120.0,0,140.0
long,120,fixed_6,6.0,0,140.0
long,120,fixed_12,12.0,0,140.0
long,120,fixed_24,24.0,0,140.0
long,120,fixed_48,48.0,0,140.0
long,120,threshold_reset,120.0,0,140.0
long,120,readiness_current,120.0,0,140.0
long,120,readiness_history,120.0,0,140.0
long,120,oracle,120.0,0,140.0
long,121,fixed_6,6.0,0,140.0
long,121,fixed_12,12.0,0,140.0
long,121,fixed_24,24.0,0,140.0
long,121,fixed_48,48.0,0,140.0
long,121,threshold_reset,120.0,0,140.0
long,121,readiness_current,120.0,0,140.0
long,121,readiness_history,120.0,0,140.0
long,121,oracle,120.0,0,140.0
long,122,fixed_6,6.0,0,140.0
long,122,fixed_12,12.0,0,140.0
long,122,fixed_24,24.0,0,140.0
long,122,fixed_48,48.0,0,140.0
long,122,threshold_reset,120.0,0,140.0
long,122,readiness_current,120.0,0,140.0
long,122,readiness_history,120.0,0,140.0
long,122,oracle,120.0,0,140.0
long,123,fixed_6,6.0,0,140.0
long,123,fixed_12,12.0,0,140.0
long,123,fixed_24,24.0,0,140.0
long,123,fixed_48,48.0,0,140.0
long,123,threshold_reset,120.0,0,140.0
long,123,readiness_current,120.0,0,140.0
long,123,readiness_history,120.0,0,140.0
long,123,oracle,120.0,0,140.0
long,124,fixed_6,6.0,0,140.0
long,124,fixed_12,12.0,0,140.0
long,124,fixed_24,24.0,0,140.0
long,124,fixed_48,48.0,0,140.0
long,124,threshold_reset,120.0,0,140.0
long,124,readiness_current,120.0,0,140.0
long,124,readiness_history,120.0,0,140.0
long,124,oracle,120.0,0,140.0
long,125,fixed_6,6.0,0,140.0
long,125,fixed_12,12.0,0,140.0
long,125,fixed_24,24.0,0,140.0
long,125,fixed_48,48.0,0,140.0
long,125,threshold_reset,120.0,0,140.0
long,125,readiness_current,120.0,0,140.0
long,125,readiness_history,120.0,0,140.0
long,125,oracle,120.0,0,140.0
long,126,fixed_6,6.0,0,140.0
long,126,fixed_12,12.0,0,140.0
long,126,fixed_24,24.0,0,140.0
long,126,fixed_48,48.0,0,140.0
long,126,threshold_reset,120.0,0,140.0
long,126,readiness_current,120.0,0,140.0
long,126,readiness_history,120.0,0,140.0
long,126,oracle,120.0,0,140.0
long,127,fixed_6,6.0,0,140.0
long,127,fixed_12,12.0,0,140.0
long,127,fixed_24,24.0,0,140.0
long,127,fixed_48,48.0,0,140.0
long,127,threshold_reset,120.0,0,140.0
long,127,readiness_current,120.0,0,140.0
long,127,readiness_history,120.0,0,140.0
long,127,oracle,120.0,0,140.0
long,128,fixed_6,6.0,0,140.0
long,128,fixed_12,12.0,0,140.0
long,128,fixed_24,24.0,0,140.0
long,128,fixed_48,48.0,0,140.0
long,128,threshold_reset,120.0,0,140.0
long,128,readiness_current,120.0,0,140.0
long,128,readiness_history,120.0,0,140.0
long,128,oracle,120.0,0,140.0
long,129,fixed_6,6.0,0,140.0
long,129,fixed_12,12.0,0,140.0
long,129,fixed_24,24.0,0,140.0
long,129,fixed_48,48.0,0,140.0
long,129,threshold_reset,120.0,0,140.0
long,129,readiness_current,120.0,0,140.0
long,129,readiness_history,120.0,0,140.0
long,129,oracle,120.0,0,140.0
long,130,fixed_6,6.0,0,140.0
long,130,fixed_12,12.0,0,140.0
long,130,fixed_24,24.0,0,140.0
long,130,fixed_48,48.0,0,140.0
long,130,threshold_reset,120.0,0,140.0
long,130,readiness_current,120.0,0,140.0
long,130,readiness_history,120.0,0,140.0
long,130,oracle,120.0,0,140.0
long,131,fixed_6,6.0,0,140.0
long,131,fixed_12,12.0,0,140.0
long,131,fixed_24,24.0,0,140.0
long,131,fixed_48,48.0,0,140.0
long,131,threshold_reset,120.0,0,140.0
long,131,readiness_current,120.0,0,140.0
long,131,readiness_history,120.0,0,140.0
long,131,oracle,120.0,0,140.0
long,132,fixed_6,6.0,0,140.0
long,132,fixed_12,12.0,0,140.0
long,132,fixed_24,24.0,0,140.0
long,132,fixed_48,48.0,0,140.0
long,132,threshold_reset,120.0,0,140.0
long,132,readiness_current,120.0,0,140.0
long,132,readiness_history,120.0,0,140.0
long,132,oracle,120.0,0,140.0
long,133,fixed_6,6.0,0,140.0
long,133,fixed_12,12.0,0,140.0
long,133,fixed_24,24.0,0,140.0
long,133,fixed_48,48.0,0,140.0
long,133,threshold_reset,120.0,0,140.0
long,133,readiness_current,120.0,0,140.0
long,133,readiness_history,120.0,0,140.0
long,133,oracle,120.0,0,140.0
long,134,fixed_6,6.0,0,140.0
long,134,fixed_12,12.0,0,140.0
long,134,fixed_24,24.0,0,140.0
long,134,fixed_48,48.0,0,140.0
long,134,threshold_reset,120.0,0,140.0
long,134,readiness_current,120.0,0,140.0
long,134,readiness_history,120.0,0,140.0
long,134,oracle,120.0,0,140.0
long,135,fixed_6,6.0,0,140.0
long,135,fixed_12,12.0,0,140.0
long,135,fixed_24,24.0,0,140.0
long,135,fixed_48,48.0,0,140.0
long,135,threshold_reset,120.0,0,140.0
long,135,readiness_current,120.0,0,140.0
long,135,readiness_history,120.0,0,140.0
long,135,oracle,120.0,0,140.0
long,136,fixed_6,6.0,0,140.0
long,136,fixed_12,12.0,0,140.0
long,136,fixed_24,24.0,0,140.0
long,136,fixed_48,48.0,0,140.0
long,136,threshold_reset,120.0,0,140.0
long,136,readiness_current,120.0,0,140.0
long,136,readiness_history,120.0,0,140.0
long,136,oracle,120.0,0,140.0
long,137,fixed_6,6.0,0,140.0
long,137,fixed_12,12.0,0,140.0
long,137,fixed_24,24.0,0,140.0
long,137,fixed_48,48.0,0,140.0
long,137,threshold_reset,120.0,0,140.0
long,137,readiness_current,120.0,0,140.0
long,137,readiness_history,120.0,0,140.0
long,137,oracle,120.0,0,140.0
long,138,fixed_6,6.0,0,140.0
long,138,fixed_12,12.0,0,140.0
long,138,fixed_24,24.0,0,140.0
long,138,fixed_48,48.0,0,140.0
long,138,threshold_reset,120.0,0,140.0
long,138,readiness_current,120.0,0,140.0
long,138,readiness_history,120.0,0,140.0
long,138,oracle,120.0,0,140.0
long,139,fixed_6,6.0,0,140.0
long,139,fixed_12,12.0,0,140.0
long,139,fixed_24,24.0,0,140.0
long,139,fixed_48,48.0,0,140.0
long,139,threshold_reset,120.0,0,140.0
long,139,readiness_current,120.0,0,140.0
long,139,readiness_history,120.0,0,140.0
long,139,oracle,120.0,0,140.0
long,140,fixed_6,6.0,0,140.0
long,140,fixed_12,12.0,0,140.0
long,140,fixed_24,24.0,0,140.0
long,140,fixed_48,48.0,0,140.0
long,140,threshold_reset,120.0,0,140.0
long,140,readiness_current,120.0,0,140.0
long,140,readiness_history,120.0,0,140.0
long,140,oracle,120.0,0,140.0
long,141,fixed_6,6.0,0,140.0
long,141,fixed_12,12.0,0,140.0
long,141,fixed_24,24.0,0,140.0
long,141,fixed_48,48.0,0,140.0
long,141,threshold_reset,120.0,0,140.0
long,141,readiness_current,120.0,0,140.0
long,141,readiness_history,120.0,0,140.0
long,141,oracle,120.0,0,140.0
long,142,fixed_6,6.0,0,140.0
long,142,fixed_12,12.0,0,140.0
long,142,fixed_24,24.0,0,140.0
long,142,fixed_48,48.0,0,140.0
long,142,threshold_reset,120.0,0,140.0
long,142,readiness_current,120.0,0,140.0
long,142,readiness_history,120.0,0,140.0
long,142,oracle,120.0,0,140.0
long,143,fixed_6,6.0,0,140.0
long,143,fixed_12,12.0,0,140.0
long,143,fixed_24,24.0,0,140.0
long,143,fixed_48,48.0,0,140.0
long,143,threshold_reset,120.0,0,140.0
long,143,readiness_current,120.0,0,140.0
long,143,readiness_history,120.0,0,140.0
long,143,oracle,120.0,0,140.0
long,144,fixed_6,6.0,0,140.0
long,144,fixed_12,12.0,0,140.0
long,144,fixed_24,24.0,0,140.0
long,144,fixed_48,48.0,0,140.0
long,144,threshold_reset,120.0,0,140.0
long,144,readiness_current,120.0,0,140.0
long,144,readiness_history,120.0,0,140.0
long,144,oracle,120.0,0,140.0
long,145,fixed_6,6.0,0,140.0
long,145,fixed_12,12.0,0,140.0
long,145,fixed_24,24.0,0,140.0
long,145,fixed_48,48.0,0,140.0
long,145,threshold_reset,120.0,0,140.0
long,145,readiness_current,120.0,0,140.0
long,145,readiness_history,120.0,0,140.0
long,145,oracle,120.0,0,140.0
long,146,fixed_6,6.0,0,140.0
long,146,fixed_12,12.0,0,140.0
long,146,fixed_24,24.0,0,140.0
long,146,fixed_48,48.0,0,140.0
long,146,threshold_reset,120.0,0,140.0
long,146,readiness_current,120.0,0,140.0
long,146,readiness_history,120.0,0,140.0
long,146,oracle,120.0,0,140.0
long,147,fixed_6,6.0,0,140.0
long,147,fixed_12,12.0,0,140.0
long,147,fixed_24,24.0,0,140.0
long,147,fixed_48,48.0,0,140.0
long,147,threshold_reset,120.0,0,140.0
long,147,readiness_current,120.0,0,140.0
long,147,readiness_history,120.0,0,140.0
long,147,oracle,120.0,0,140.0
long,148,fixed_6,6.0,0,140.0
long,148,fixed_12,12.0,0,140.0
long,148,fixed_24,24.0,0,140.0
long,148,fixed_48,48.0,0,140.0
long,148,threshold_reset,120.0,0,140.0
long,148,readiness_current,120.0,0,140.0
long,148,readiness_history,120.0,0,140.0
long,148,oracle,120.0,0,140.0
long,149,fixed_6,6.0,0,140.0
long,149,fixed_12,12.0,0,140.0
long,149,fixed_24,24.0,0,140.0
long,149,fixed_48,48.0,0,140.0
long,149,threshold_reset,120.0,0,140.0
long,149,readiness_current,120.0,0,140.0
long,149,readiness_history,120.0,0,140.0
long,149,oracle,120.0,0,140.0
long,150,fixed_6,6.0,0,140.0
long,150,fixed_12,12.0,0,140.0
long,150,fixed_24,24.0,0,140.0
long,150,fixed_48,48.0,0,140.0
long,150,threshold_reset,120.0,0,140.0
long,150,readiness_current,120.0,0,140.0
long,150,readiness_history,120.0,0,140.0
long,150,oracle,120.0,0,140.0
long,151,fixed_6,6.0,0,140.0
long,151,fixed_12,12.0,0,140.0
long,151,fixed_24,24.0,0,140.0
long,151,fixed_48,48.0,0,140.0
long,151,threshold_reset,120.0,0,140.0
long,151,readiness_current,120.0,0,140.0
long,151,readiness_history,120.0,0,140.0
long,151,oracle,120.0,0,140.0
long,152,fixed_6,6.0,0,140.0
long,152,fixed_12,12.0,0,140.0
long,152,fixed_24,24.0,0,140.0
long,152,fixed_48,48.0,0,140.0
long,152,threshold_reset,120.0,0,140.0
long,152,readiness_current,120.0,0,140.0
long,152,readiness_history,120.0,0,140.0
long,152,oracle,120.0,0,140.0
long,153,fixed_6,6.0,0,140.0
long,153,fixed_12,12.0,0,140.0
long,153,fixed_24,24.0,0,140.0
long,153,fixed_48,48.0,0,140.0
long,153,threshold_reset,120.0,0,140.0
long,153,readiness_current,120.0,0,140.0
long,153,readiness_history,120.0,0,140.0
long,153,oracle,120.0,0,140.0
long,154,fixed_6,6.0,0,140.0
long,154,fixed_12,12.0,0,140.0
long,154,fixed_24,24.0,0,140.0
long,154,fixed_48,48.0,0,140.0
long,154,threshold_reset,120.0,0,140.0
long,154,readiness_current,120.0,0,140.0
long,154,readiness_history,120.0,0,140.0
long,154,oracle,120.0,0,140.0
long,155,fixed_6,6.0,0,140.0
long,155,fixed_12,12.0,0,140.0
long,155,fixed_24,24.0,0,140.0
long,155,fixed_48,48.0,0,140.0
long,155,threshold_reset,120.0,0,140.0
long,155,readiness_current,120.0,0,140.0
long,155,readiness_history,120.0,0,140.0
long,155,oracle,120.0,0,140.0
long,156,fixed_6,6.0,0,140.0
long,156,fixed_12,12.0,0,140.0
long,156,fixed_24,24.0,0,140.0
long,156,fixed_48,48.0,0,140.0
long,156,threshold_reset,120.0,0,140.0
long,156,readiness_current,120.0,0,140.0
long,156,readiness_history,120.0,0,140.0
long,156,oracle,120.0,0,140.0
long,157,fixed_6,6.0,0,140.0
long,157,fixed_12,12.0,0,140.0
long,157,fixed_24,24.0,0,140.0
long,157,fixed_48,48.0,0,140.0
long,157,threshold_reset,120.0,0,140.0
long,157,readiness_current,120.0,0,140.0
long,157,readiness_history,120.0,0,140.0
long,157,oracle,120.0,0,140.0
long,158,fixed_6,6.0,0,140.0
long,158,fixed_12,12.0,0,140.0
long,158,fixed_24,24.0,0,140.0
long,158,fixed_48,48.0,0,140.0
long,158,threshold_reset,120.0,0,140.0
long,158,readiness_current,120.0,0,140.0
long,158,readiness_history,120.0,0,140.0
long,158,oracle,120.0,0,140.0
long,159,fixed_6,6.0,0,140.0
long,159,fixed_12,12.0,0,140.0
long,159,fixed_24,24.0,0,140.0
long,159,fixed_48,48.0,0,140.0
long,159,threshold_reset,120.0,0,140.0
long,159,readiness_current,120.0,0,140.0
long,159,readiness_history,120.0,0,140.0
long,159,oracle,120.0,0,140.0
long,160,fixed_6,6.0,0,140.0
long,160,fixed_12,12.0,0,140.0
long,160,fixed_24,24.0,0,140.0
long,160,fixed_48,48.0,0,140.0
long,160,threshold_reset,120.0,0,140.0
long,160,readiness_current,120.0,0,140.0
long,160,readiness_history,120.0,0,140.0
long,160,oracle,120.0,0,140.0
long,161,fixed_6,6.0,0,140.0
long,161,fixed_12,12.0,0,140.0
long,161,fixed_24,24.0,0,140.0
long,161,fixed_48,48.0,0,140.0
long,161,threshold_reset,120.0,0,140.0
long,161,readiness_current,120.0,0,140.0
long,161,readiness_history,120.0,0,140.0
long,161,oracle,120.0,0,140.0
long,162,fixed_6,6.0,0,140.0
long,162,fixed_12,12.0,0,140.0
long,162,fixed_24,24.0,0,140.0
long,162,fixed_48,48.0,0,140.0
long,162,threshold_reset,120.0,0,140.0
long,162,readiness_current,120.0,0,140.0
long,162,readiness_history,120.0,0,140.0
long,162,oracle,120.0,0,140.0
long,163,fixed_6,6.0,0,140.0
long,163,fixed_12,12.0,0,140.0
long,163,fixed_24,24.0,0,140.0
long,163,fixed_48,48.0,0,140.0
long,163,threshold_reset,120.0,0,140.0
long,163,readiness_current,120.0,0,140.0
long,163,readiness_history,120.0,0,140.0
long,163,oracle,120.0,0,140.0
long,164,fixed_6,6.0,0,140.0
long,164,fixed_12,12.0,0,140.0
long,164,fixed_24,24.0,0,140.0
long,164,fixed_48,48.0,0,140.0
long,164,threshold_reset,120.0,0,140.0
long,164,readiness_current,120.0,0,140.0
long,164,readiness_history,120.0,0,140.0
long,164,oracle,120.0,0,140.0
long,165,fixed_6,6.0,0,140.0
long,165,fixed_12,12.0,0,140.0
long,165,fixed_24,24.0,0,140.0
long,165,fixed_48,48.0,0,140.0
long,165,threshold_reset,120.0,0,140.0
long,165,readiness_current,120.0,0,140.0
long,165,readiness_history,120.0,0,140.0
long,165,oracle,120.0,0,140.0
long,166,fixed_6,6.0,0,140.0
long,166,fixed_12,12.0,0,140.0
long,166,fixed_24,24.0,0,140.0
long,166,fixed_48,48.0,0,140.0
long,166,threshold_reset,120.0,0,140.0
long,166,readiness_current,120.0,0,140.0
long,166,readiness_history,120.0,0,140.0
long,166,oracle,120.0,0,140.0
long,167,fixed_6,6.0,0,140.0
long,167,fixed_12,12.0,0,140.0
long,167,fixed_24,24.0,0,140.0
long,167,fixed_48,48.0,0,140.0
long,167,threshold_reset,120.0,0,140.0
long,167,readiness_current,120.0,0,140.0
long,167,readiness_history,120.0,0,140.0
long,167,oracle,120.0,0,140.0
long,168,fixed_6,6.0,0,140.0
long,168,fixed_12,12.0,0,140.0
long,168,fixed_24,24.0,0,140.0
long,168,fixed_48,48.0,0,140.0
long,168,threshold_reset,120.0,0,140.0
long,168,readiness_current,120.0,0,140.0
long,168,readiness_history,120.0,0,140.0
long,168,oracle,120.0,0,140.0
long,169,fixed_6,6.0,0,140.0
long,169,fixed_12,12.0,0,140.0
long,169,fixed_24,24.0,0,140.0
long,169,fixed_48,48.0,0,140.0
long,169,threshold_reset,120.0,0,140.0
long,169,readiness_current,120.0,0,140.0
long,169,readiness_history,120.0,0,140.0
long,169,oracle,120.0,0,140.0
long,170,fixed_6,6.0,0,140.0
long,170,fixed_12,12.0,0,140.0
long,170,fixed_24,24.0,0,140.0
long,170,fixed_48,48.0,0,140.0
long,170,threshold_reset,120.0,0,140.0
long,170,readiness_current,120.0,0,140.0
long,170,readiness_history,120.0,0,140.0
long,170,oracle,120.0,0,140.0
long,171,fixed_6,6.0,0,140.0
long,171,fixed_12,12.0,0,140.0
long,171,fixed_24,24.0,0,140.0
long,171,fixed_48,48.0,0,140.0
long,171,threshold_reset,120.0,0,140.0
long,171,readiness_current,120.0,0,140.0
long,171,readiness_history,120.0,0,140.0
long,171,oracle,120.0,0,140.0
long,172,fixed_6,6.0,0,140.0
long,172,fixed_12,12.0,0,140.0
long,172,fixed_24,24.0,0,140.0
long,172,fixed_48,48.0,0,140.0
long,172,threshold_reset,120.0,0,140.0
long,172,readiness_current,120.0,0,140.0
long,172,readiness_history,120.0,0,140.0
long,172,oracle,120.0,0,140.0
long,173,fixed_6,6.0,0,140.0
long,173,fixed_12,12.0,0,140.0
long,173,fixed_24,24.0,0,140.0
long,173,fixed_48,48.0,0,140.0
long,173,threshold_reset,120.0,0,140.0
long,173,readiness_current,120.0,0,140.0
long,173,readiness_history,120.0,0,140.0
long,173,oracle,120.0,0,140.0
long,174,fixed_6,6.0,0,140.0
long,174,fixed_12,12.0,0,140.0
long,174,fixed_24,24.0,0,140.0
long,174,fixed_48,48.0,0,140.0
long,174,threshold_reset,120.0,0,140.0
long,174,readiness_current,120.0,0,140.0
long,174,readiness_history,120.0,0,140.0
long,174,oracle,120.0,0,140.0
long,175,fixed_6,6.0,0,140.0
long,175,fixed_12,12.0,0,140.0
long,175,fixed_24,24.0,0,140.0
long,175,fixed_48,48.0,0,140.0
long,175,threshold_reset,120.0,0,140.0
long,175,readiness_current,120.0,0,140.0
long,175,readiness_history,120.0,0,140.0
long,175,oracle,120.0,0,140.0
long,176,fixed_6,6.0,0,140.0
long,176,fixed_12,12.0,0,140.0
long,176,fixed_24,24.0,0,140.0
long,176,fixed_48,48.0,0,140.0
long,176,threshold_reset,120.0,0,140.0
long,176,readiness_current,120.0,0,140.0
long,176,readiness_history,120.0,0,140.0
long,176,oracle,120.0,0,140.0
long,177,fixed_6,6.0,0,140.0
long,177,fixed_12,12.0,0,140.0
long,177,fixed_24,24.0,0,140.0
long,177,fixed_48,48.0,0,140.0
long,177,threshold_reset,120.0,0,140.0
long,177,readiness_current,120.0,0,140.0
long,177,readiness_history,120.0,0,140.0
long,177,oracle,120.0,0,140.0
long,178,fixed_6,6.0,0,140.0
long,178,fixed_12,12.0,0,140.0
long,178,fixed_24,24.0,0,140.0
long,178,fixed_48,48.0,0,140.0
long,178,threshold_reset,120.0,0,140.0
long,178,readiness_current,120.0,0,140.0
long,178,readiness_history,120.0,0,140.0
long,178,oracle,120.0,0,140.0
long,179,fixed_6,6.0,0,140.0
long,179,fixed_12,12.0,0,140.0
long,179,fixed_24,24.0,0,140.0
long,179,fixed_48,48.0,0,140.0
long,179,threshold_reset,120.0,0,140.0
long,179,readiness_current,120.0,0,140.0
long,179,readiness_history,120.0,0,140.0
long,179,oracle,120.0,0,140.0
long,180,fixed_6,6.0,0,140.0
long,180,fixed_12,12.0,0,140.0
long,180,fixed_24,24.0,0,140.0
long,180,fixed_48,48.0,0,140.0
long,180,threshold_reset,120.0,0,140.0
long,180,readiness_current,120.0,0,140.0
long,180,readiness_history,120.0,0,140.0
long,180,oracle,120.0,0,140.0
long,181,fixed_6,6.0,0,140.0
long,181,fixed_12,12.0,0,140.0
long,181,fixed_24,24.0,0,140.0
long,181,fixed_48,48.0,0,140.0
long,181,threshold_reset,120.0,0,140.0
long,181,readiness_current,120.0,0,140.0
long,181,readiness_history,120.0,0,140.0
long,181,oracle,120.0,0,140.0
long,182,fixed_6,6.0,0,140.0
long,182,fixed_12,12.0,0,140.0
long,182,fixed_24,24.0,0,140.0
long,182,fixed_48,48.0,0,140.0
long,182,threshold_reset,120.0,0,140.0
long,182,readiness_current,120.0,0,140.0
long,182,readiness_history,120.0,0,140.0
long,182,oracle,120.0,0,140.0
long,183,fixed_6,6.0,0,140.0
long,183,fixed_12,12.0,0,140.0
long,183,fixed_24,24.0,0,140.0
long,183,fixed_48,48.0,0,140.0
long,183,threshold_reset,120.0,0,140.0
long,183,readiness_current,120.0,0,140.0
long,183,readiness_history,120.0,0,140.0
long,183,oracle,120.0,0,140.0
long,184,fixed_6,6.0,0,140.0
long,184,fixed_12,12.0,0,140.0
long,184,fixed_24,24.0,0,140.0
long,184,fixed_48,48.0,0,140.0
long,184,threshold_reset,120.0,0,140.0
long,184,readiness_current,120.0,0,140.0
long,184,readiness_history,120.0,0,140.0
long,184,oracle,120.0,0,140.0
long,185,fixed_6,6.0,0,140.0
long,185,fixed_12,12.0,0,140.0
long,185,fixed_24,24.0,0,140.0
long,185,fixed_48,48.0,0,140.0
long,185,threshold_reset,120.0,0,140.0
long,185,readiness_current,120.0,0,140.0
long,185,readiness_history,120.0,0,140.0
long,185,oracle,120.0,0,140.0
long,186,fixed_6,6.0,0,140.0
long,186,fixed_12,12.0,0,140.0
long,186,fixed_24,24.0,0,140.0
long,186,fixed_48,48.0,0,140.0
long,186,threshold_reset,120.0,0,140.0
long,186,readiness_current,120.0,0,140.0
long,186,readiness_history,120.0,0,140.0
long,186,oracle,120.0,0,140.0
long,187,fixed_6,6.0,0,140.0
long,187,fixed_12,12.0,0,140.0
long,187,fixed_24,24.0,0,140.0
long,187,fixed_48,48.0,0,140.0
long,187,threshold_reset,120.0,0,140.0
long,187,readiness_current,120.0,0,140.0
long,187,readiness_history,120.0,0,140.0
long,187,oracle,120.0,0,140.0
long,188,fixed_6,6.0,0,140.0
long,188,fixed_12,12.0,0,140.0
long,188,fixed_24,24.0,0,140.0
long,188,fixed_48,48.0,0,140.0
long,188,threshold_reset,120.0,0,140.0
long,188,readiness_current,120.0,0,140.0
long,188,readiness_history,120.0,0,140.0
long,188,oracle,120.0,0,140.0
long,189,fixed_6,6.0,0,140.0
long,189,fixed_12,12.0,0,140.0
long,189,fixed_24,24.0,0,140.0
long,189,fixed_48,48.0,0,140.0
long,189,threshold_reset,120.0,0,140.0
long,189,readiness_current,120.0,0,140.0
long,189,readiness_history,120.0,0,140.0
long,189,oracle,120.0,0,140.0
long,190,fixed_6,6.0,0,140.0
long,190,fixed_12,12.0,0,140.0
long,190,fixed_24,24.0,0,140.0
long,190,fixed_48,48.0,0,140.0
long,190,threshold_reset,120.0,0,140.0
long,190,readiness_current,120.0,0,140.0
long,190,readiness_history,120.0,0,140.0
long,190,oracle,120.0,0,140.0
long,191,fixed_6,6.0,0,140.0
long,191,fixed_12,12.0,0,140.0
long,191,fixed_24,24.0,0,140.0
long,191,fixed_48,48.0,0,140.0
long,191,threshold_reset,120.0,0,140.0
long,191,readiness_current,120.0,0,140.0
long,191,readiness_history,120.0,0,140.0
long,191,oracle,120.0,0,140.0
long,192,fixed_6,6.0,0,140.0
long,192,fixed_12,12.0,0,140.0
long,192,fixed_24,24.0,0,140.0
long,192,fixed_48,48.0,0,140.0
long,192,threshold_reset,120.0,0,140.0
long,192,readiness_current,120.0,0,140.0
long,192,readiness_history,120.0,0,140.0
long,192,oracle,120.0,0,140.0
long,193,fixed_6,6.0,0,140.0
long,193,fixed_12,12.0,0,140.0
long,193,fixed_24,24.0,0,140.0
long,193,fixed_48,48.0,0,140.0
long,193,threshold_reset,120.0,0,140.0
long,193,readiness_current,120.0,0,140.0
long,193,readiness_history,120.0,0,140.0
long,193,oracle,120.0,0,140.0
long,194,fixed_6,6.0,0,140.0
long,194,fixed_12,12.0,0,140.0
long,194,fixed_24,24.0,0,140.0
long,194,fixed_48,48.0,0,140.0
long,194,threshold_reset,120.0,0,140.0
long,194,readiness_current,120.0,0,140.0
long,194,readiness_history,120.0,0,140.0
long,194,oracle,120.0,0,140.0
long,195,fixed_6,6.0,0,140.0
long,195,fixed_12,12.0,0,140.0
long,195,fixed_24,24.0,0,140.0
long,195,fixed_48,48.0,0,140.0
long,195,threshold_reset,120.0,0,140.0
long,195,readiness_current,120.0,0,140.0
long,195,readiness_history,120.0,0,140.0
long,195,oracle,120.0,0,140.0
long,196,fixed_6,6.0,0,140.0
long,196,fixed_12,12.0,0,140.0
long,196,fixed_24,24.0,0,140.0
long,196,fixed_48,48.0,0,140.0
long,196,threshold_reset,120.0,0,140.0
long,196,readiness_current,120.0,0,140.0
long,196,readiness_history,120.0,0,140.0
long,196,oracle,120.0,0,140.0
long,197,fixed_6,6.0,0,140.0
long,197,fixed_12,12.0,0,140.0
long,197,fixed_24,24.0,0,140.0
long,197,fixed_48,48.0,0,140.0
long,197,threshold_reset,120.0,0,140.0
long,197,readiness_current,120.0,0,140.0
long,197,readiness_history,120.0,0,140.0
long,197,oracle,120.0,0,140.0
long,198,fixed_6,6.0,0,140.0
long,198,fixed_12,12.0,0,140.0
long,198,fixed_24,24.0,0,140.0
long,198,fixed_48,48.0,0,140.0
long,198,threshold_reset,120.0,0,140.0
long,198,readiness_current,120.0,0,140.0
long,198,readiness_history,120.0,0,140.0
long,198,oracle,120.0,0,140.0
long,199,fixed_6,6.0,0,140.0
long,199,fixed_12,12.0,0,140.0
long,199,fixed_24,24.0,0,140.0
long,199,fixed_48,48.0,0,140.0
long,199,threshold_reset,120.0,0,140.0
long,199,readiness_current,120.0,0,140.0
long,199,readiness_history,120.0,0,140.0
long,199,oracle,120.0,0,140.0
long,200,fixed_6,6.0,0,140.0
long,200,fixed_12,12.0,0,140.0
long,200,fixed_24,24.0,0,140.0
long,200,fixed_48,48.0,0,140.0
long,200,threshold_reset,120.0,0,140.0
long,200,readiness_current,120.0,0,140.0
long,200,readiness_history,120.0,0,140.0
long,200,oracle,120.0,0,140.0
long,201,fixed_6,6.0,0,140.0
long,201,fixed_12,12.0,0,140.0
long,201,fixed_24,24.0,0,140.0
long,201,fixed_48,48.0,0,140.0
long,201,threshold_reset,120.0,0,140.0
long,201,readiness_current,120.0,0,140.0
long,201,readiness_history,120.0,0,140.0
long,201,oracle,120.0,0,140.0
long,202,fixed_6,6.0,0,140.0
long,202,fixed_12,12.0,0,140.0
long,202,fixed_24,24.0,0,140.0
long,202,fixed_48,48.0,0,140.0
long,202,threshold_reset,120.0,0,140.0
long,202,readiness_current,120.0,0,140.0
long,202,readiness_history,120.0,0,140.0
long,202,oracle,120.0,0,140.0
long,203,fixed_6,6.0,0,140.0
long,203,fixed_12,12.0,0,140.0
long,203,fixed_24,24.0,0,140.0
long,203,fixed_48,48.0,0,140.0
long,203,threshold_reset,120.0,0,140.0
long,203,readiness_current,120.0,0,140.0
long,203,readiness_history,120.0,0,140.0
long,203,oracle,120.0,0,140.0
long,204,fixed_6,6.0,0,140.0
long,204,fixed_12,12.0,0,140.0
long,204,fixed_24,24.0,0,140.0
long,204,fixed_48,48.0,0,140.0
long,204,threshold_reset,120.0,0,140.0
long,204,readiness_current,120.0,0,140.0
long,204,readiness_history,120.0,0,140.0
long,204,oracle,120.0,0,140.0
long,205,fixed_6,6.0,0,140.0
long,205,fixed_12,12.0,0,140.0
long,205,fixed_24,24.0,0,140.0
long,205,fixed_48,48.0,0,140.0
long,205,threshold_reset,120.0,0,140.0
long,205,readiness_current,120.0,0,140.0
long,205,readiness_history,120.0,0,140.0
long,205,oracle,120.0,0,140.0
long,206,fixed_6,6.0,0,140.0
long,206,fixed_12,12.0,0,140.0
long,206,fixed_24,24.0,0,140.0
long,206,fixed_48,48.0,0,140.0
long,206,threshold_reset,120.0,0,140.0
long,206,readiness_current,120.0,0,140.0
long,206,readiness_history,120.0,0,140.0
long,206,oracle,120.0,0,140.0
long,207,fixed_6,6.0,0,140.0
long,207,fixed_12,12.0,0,140.0
long,207,fixed_24,24.0,0,140.0
long,207,fixed_48,48.0,0,140.0
long,207,threshold_reset,120.0,0,140.0
long,207,readiness_current,120.0,0,140.0
long,207,readiness_history,120.0,0,140.0
long,207,oracle,120.0,0,140.0
long,208,fixed_6,6.0,0,140.0
long,208,fixed_12,12.0,0,140.0
long,208,fixed_24,24.0,0,140.0
long,208,fixed_48,48.0,0,140.0
long,208,threshold_reset,120.0,0,140.0
long,208,readiness_current,120.0,0,140.0
long,208,readiness_history,120.0,0,140.0
long,208,oracle,120.0,0,140.0
long,209,fixed_6,6.0,0,140.0
long,209,fixed_12,12.0,0,140.0
long,209,fixed_24,24.0,0,140.0
long,209,fixed_48,48.0,0,140.0
long,209,threshold_reset,120.0,0,140.0
long,209,readiness_current,120.0,0,140.0
long,209,readiness_history,120.0,0,140.0
long,209,oracle,120.0,0,140.0
long,210,fixed_6,6.0,0,140.0
long,210,fixed_12,12.0,0,140.0
long,210,fixed_24,24.0,0,140.0
long,210,fixed_48,48.0,0,140.0
long,210,threshold_reset,120.0,0,140.0
long,210,readiness_current,120.0,0,140.0
long,210,readiness_history,120.0,0,140.0
long,210,oracle,120.0,0,140.0
long,211,fixed_6,6.0,0,140.0
long,211,fixed_12,12.0,0,140.0
long,211,fixed_24,24.0,0,140.0
long,211,fixed_48,48.0,0,140.0
long,211,threshold_reset,120.0,0,140.0
long,211,readiness_current,120.0,0,140.0
long,211,readiness_history,120.0,0,140.0
long,211,oracle,120.0,0,140.0
long,212,fixed_6,6.0,0,140.0
long,212,fixed_12,12.0,0,140.0
long,212,fixed_24,24.0,0,140.0
long,212,fixed_48,48.0,0,140.0
long,212,threshold_reset,120.0,0,140.0
long,212,readiness_current,120.0,0,140.0
long,212,readiness_history,120.0,0,140.0
long,212,oracle,120.0,0,140.0
long,213,fixed_6,6.0,0,140.0
long,213,fixed_12,12.0,0,140.0
long,213,fixed_24,24.0,0,140.0
long,213,fixed_48,48.0,0,140.0
long,213,threshold_reset,120.0,0,140.0
long,213,readiness_current,120.0,0,140.0
long,213,readiness_history,120.0,0,140.0
long,213,oracle,120.0,0,140.0
long,214,fixed_6,6.0,0,140.0
long,214,fixed_12,12.0,0,140.0
long,214,fixed_24,24.0,0,140.0
long,214,fixed_48,48.0,0,140.0
long,214,threshold_reset,120.0,0,140.0
long,214,readiness_current,120.0,0,140.0
long,214,readiness_history,120.0,0,140.0
long,214,oracle,120.0,0,140.0
long,215,fixed_6,6.0,0,140.0
long,215,fixed_12,12.0,0,140.0
long,215,fixed_24,24.0,0,140.0
long,215,fixed_48,48.0,0,140.0
long,215,threshold_reset,120.0,0,140.0
long,215,readiness_current,120.0,0,140.0
long,215,readiness_history,120.0,0,140.0
long,215,oracle,120.0,0,140.0
long,216,fixed_6,6.0,0,140.0
long,216,fixed_12,12.0,0,140.0
long,216,fixed_24,24.0,0,140.0
long,216,fixed_48,48.0,0,140.0
long,216,threshold_reset,120.0,0,140.0
long,216,readiness_current,120.0,0,140.0
long,216,readiness_history,120.0,0,140.0
long,216,oracle,120.0,0,140.0
long,217,fixed_6,6.0,0,140.0
long,217,fixed_12,12.0,0,140.0
long,217,fixed_24,24.0,0,140.0
long,217,fixed_48,48.0,0,140.0
long,217,threshold_reset,120.0,0,140.0
long,217,readiness_current,120.0,0,140.0
long,217,readiness_history,120.0,0,140.0
long,217,oracle,120.0,0,140.0
long,218,fixed_6,6.0,0,140.0
long,218,fixed_12,12.0,0,140.0
long,218,fixed_24,24.0,0,140.0
long,218,fixed_48,48.0,0,140.0
long,218,threshold_reset,120.0,0,140.0
long,218,readiness_current,120.0,0,140.0
long,218,readiness_history,120.0,0,140.0
long,218,oracle,120.0,0,140.0
long,219,fixed_6,6.0,0,140.0
long,219,fixed_12,12.0,0,140.0
long,219,fixed_24,24.0,0,140.0
long,219,fixed_48,48.0,0,140.0
long,219,threshold_reset,120.0,0,140.0
long,219,readiness_current,120.0,0,140.0
long,219,readiness_history,120.0,0,140.0
long,219,oracle,120.0,0,140.0
long,220,fixed_6,6.0,0,140.0
long,220,fixed_12,12.0,0,140.0
long,220,fixed_24,24.0,0,140.0
long,220,fixed_48,48.0,0,140.0
long,220,threshold_reset,120.0,0,140.0
long,220,readiness_current,120.0,0,140.0
long,220,readiness_history,120.0,0,140.0
long,220,oracle,120.0,0,140.0
long,221,fixed_6,6.0,0,140.0
long,221,fixed_12,12.0,0,140.0
long,221,fixed_24,24.0,0,140.0
long,221,fixed_48,48.0,0,140.0
long,221,threshold_reset,120.0,0,140.0
long,221,readiness_current,120.0,0,140.0
long,221,readiness_history,120.0,0,140.0
long,221,oracle,120.0,0,140.0
long,222,fixed_6,6.0,0,140.0
long,222,fixed_12,12.0,0,140.0
long,222,fixed_24,24.0,0,140.0
long,222,fixed_48,48.0,0,140.0
long,222,threshold_reset,120.0,0,140.0
long,222,readiness_current,120.0,0,140.0
long,222,readiness_history,120.0,0,140.0
long,222,oracle,120.0,0,140.0
long,223,fixed_6,6.0,0,140.0
long,223,fixed_12,12.0,0,140.0
long,223,fixed_24,24.0,0,140.0
long,223,fixed_48,48.0,0,140.0
long,223,threshold_reset,120.0,0,140.0
long,223,readiness_current,120.0,0,140.0
long,223,readiness_history,120.0,0,140.0
long,223,oracle,120.0,0,140.0
long,224,fixed_6,6.0,0,140.0
long,224,fixed_12,12.0,0,140.0
long,224,fixed_24,24.0,0,140.0
long,224,fixed_48,48.0,0,140.0
long,224,threshold_reset,120.0,0,140.0
long,224,readiness_current,120.0,0,140.0
long,224,readiness_history,120.0,0,140.0
long,224,oracle,120.0,0,140.0
long,225,fixed_6,6.0,0,140.0
long,225,fixed_12,12.0,0,140.0
long,225,fixed_24,24.0,0,140.0
long,225,fixed_48,48.0,0,140.0
long,225,threshold_reset,120.0,0,140.0
long,225,readiness_current,120.0,0,140.0
long,225,readiness_history,120.0,0,140.0
long,225,oracle,120.0,0,140.0
long,226,fixed_6,6.0,0,140.0
long,226,fixed_12,12.0,0,140.0
long,226,fixed_24,24.0,0,140.0
long,226,fixed_48,48.0,0,140.0
long,226,threshold_reset,120.0,0,140.0
long,226,readiness_current,120.0,0,140.0
long,226,readiness_history,120.0,0,140.0
long,226,oracle,120.0,0,140.0
long,227,fixed_6,6.0,0,140.0
long,227,fixed_12,12.0,0,140.0
long,227,fixed_24,24.0,0,140.0
long,227,fixed_48,48.0,0,140.0
long,227,threshold_reset,120.0,0,140.0
long,227,readiness_current,120.0,0,140.0
long,227,readiness_history,120.0,0,140.0
long,227,oracle,120.0,0,140.0
long,228,fixed_6,6.0,0,140.0
long,228,fixed_12,12.0,0,140.0
long,228,fixed_24,24.0,0,140.0
long,228,fixed_48,48.0,0,140.0
long,228,threshold_reset,120.0,0,140.0
long,228,readiness_current,120.0,0,140.0
long,228,readiness_history,120.0,0,140.0
long,228,oracle,120.0,0,140.0
long,229,fixed_6,6.0,0,140.0
long,229,fixed_12,12.0,0,140.0
long,229,fixed_24,24.0,0,140.0
long,229,fixed_48,48.0,0,140.0
long,229,threshold_reset,120.0,0,140.0
long,229,readiness_current,120.0,0,140.0
long,229,readiness_history,120.0,0,140.0
long,229,oracle,120.0,0,140.0
long,230,fixed_6,6.0,0,140.0
long,230,fixed_12,12.0,0,140.0
long,230,fixed_24,24.0,0,140.0
long,230,fixed_48,48.0,0,140.0
long,230,threshold_reset,120.0,0,140.0
long,230,readiness_current,120.0,0,140.0
long,230,readiness_history,120.0,0,140.0
long,230,oracle,120.0,0,140.0
long,231,fixed_6,6.0,0,140.0
long,231,fixed_12,12.0,0,140.0
long,231,fixed_24,24.0,0,140.0
long,231,fixed_48,48.0,0,140.0
long,231,threshold_reset,120.0,0,140.0
long,231,readiness_current,120.0,0,140.0
long,231,readiness_history,120.0,0,140.0
long,231,oracle,120.0,0,140.0
long,232,fixed_6,6.0,0,140.0
long,232,fixed_12,12.0,0,140.0
long,232,fixed_24,24.0,0,140.0
long,232,fixed_48,48.0,0,140.0
long,232,threshold_reset,120.0,0,140.0
long,232,readiness_current,120.0,0,140.0
long,232,readiness_history,120.0,0,140.0
long,232,oracle,120.0,0,140.0
long,233,fixed_6,6.0,0,140.0
long,233,fixed_12,12.0,0,140.0
long,233,fixed_24,24.0,0,140.0
long,233,fixed_48,48.0,0,140.0
long,233,threshold_reset,120.0,0,140.0
long,233,readiness_current,120.0,0,140.0
long,233,readiness_history,120.0,0,140.0
long,233,oracle,120.0,0,140.0
long,234,fixed_6,6.0,0,140.0
long,234,fixed_12,12.0,0,140.0
long,234,fixed_24,24.0,0,140.0
long,234,fixed_48,48.0,0,140.0
long,234,threshold_reset,120.0,0,140.0
long,234,readiness_current,120.0,0,140.0
long,234,readiness_history,120.0,0,140.0
long,234,oracle,120.0,0,140.0
long,235,fixed_6,6.0,0,140.0
long,235,fixed_12,12.0,0,140.0
long,235,fixed_24,24.0,0,140.0
long,235,fixed_48,48.0,0,140.0
long,235,threshold_reset,120.0,0,140.0
long,235,readiness_current,120.0,0,140.0
long,235,readiness_history,120.0,0,140.0
long,235,oracle,120.0,0,140.0
long,236,fixed_6,6.0,0,140.0
long,236,fixed_12,12.0,0,140.0
long,236,fixed_24,24.0,0,140.0
long,236,fixed_48,48.0,0,140.0
long,236,threshold_reset,120.0,0,140.0
long,236,readiness_current,120.0,0,140.0
long,236,readiness_history,120.0,0,140.0
long,236,oracle,120.0,0,140.0
long,237,fixed_6,6.0,0,140.0
long,237,fixed_12,12.0,0,140.0
long,237,fixed_24,24.0,0,140.0
long,237,fixed_48,48.0,0,140.0
long,237,threshold_reset,120.0,0,140.0
long,237,readiness_current,120.0,0,140.0
long,237,readiness_history,120.0,0,140.0
long,237,oracle,120.0,0,140.0
long,238,fixed_6,6.0,0,140.0
long,238,fixed_12,12.0,0,140.0
long,238,fixed_24,24.0,0,140.0
long,238,fixed_48,48.0,0,140.0
long,238,threshold_reset,120.0,0,140.0
long,238,readiness_current,120.0,0,140.0
long,238,readiness_history,120.0,0,140.0
long,238,oracle,120.0,0,140.0
long,239,fixed_6,6.0,0,140.0
long,239,fixed_12,12.0,0,140.0
long,239,fixed_24,24.0,0,140.0
long,239,fixed_48,48.0,0,140.0
long,239,threshold_reset,120.0,0,140.0
long,239,readiness_current,120.0,0,140.0
long,239,readiness_history,120.0,0,140.0
long,239,oracle,120.0,0,140.0
long,240,fixed_6,6.0,0,140.0
long,240,fixed_12,12.0,0,140.0
long,240,fixed_24,24.0,0,140.0
long,240,fixed_48,48.0,0,140.0
long,240,threshold_reset,120.0,0,140.0
long,240,readiness_current,120.0,0,140.0
long,240,readiness_history,120.0,0,140.0
long,240,oracle,120.0,0,140.0
long,241,fixed_6,6.0,0,140.0
long,241,fixed_12,12.0,0,140.0
long,241,fixed_24,24.0,0,140.0
long,241,fixed_48,48.0,0,140.0
long,241,threshold_reset,120.0,0,140.0
long,241,readiness_current,120.0,0,140.0
long,241,readiness_history,120.0,0,140.0
long,241,oracle,120.0,0,140.0
long,242,fixed_6,6.0,0,140.0
long,242,fixed_12,12.0,0,140.0
long,242,fixed_24,24.0,0,140.0
long,242,fixed_48,48.0,0,140.0
long,242,threshold_reset,120.0,0,140.0
long,242,readiness_current,120.0,0,140.0
long,242,readiness_history,120.0,0,140.0
long,242,oracle,120.0,0,140.0
long,243,fixed_6,6.0,0,140.0
long,243,fixed_12,12.0,0,140.0
long,243,fixed_24,24.0,0,140.0
long,243,fixed_48,48.0,0,140.0
long,243,threshold_reset,120.0,0,140.0
long,243,readiness_current,120.0,0,140.0
long,243,readiness_history,120.0,0,140.0
long,243,oracle,120.0,0,140.0
long,244,fixed_6,6.0,0,140.0
long,244,fixed_12,12.0,0,140.0
long,244,fixed_24,24.0,0,140.0
long,244,fixed_48,48.0,0,140.0
long,244,threshold_reset,120.0,0,140.0
long,244,readiness_current,120.0,0,140.0
long,244,readiness_history,120.0,0,140.0
long,244,oracle,120.0,0,140.0
long,245,fixed_6,6.0,0,140.0
long,245,fixed_12,12.0,0,140.0
long,245,fixed_24,24.0,0,140.0
long,245,fixed_48,48.0,0,140.0
long,245,threshold_reset,120.0,0,140.0
long,245,readiness_current,120.0,0,140.0
long,245,readiness_history,120.0,0,140.0
long,245,oracle,120.0,0,140.0
long,246,fixed_6,6.0,0,140.0
long,246,fixed_12,12.0,0,140.0
long,246,fixed_24,24.0,0,140.0
long,246,fixed_48,48.0,0,140.0
long,246,threshold_reset,120.0,0,140.0
long,246,readiness_current,120.0,0,140.0
long,246,readiness_history,120.0,0,140.0
long,246,oracle,120.0,0,140.0
long,247,fixed_6,6.0,0,140.0
long,247,fixed_12,12.0,0,140.0
long,247,fixed_24,24.0,0,140.0
long,247,fixed_48,48.0,0,140.0
long,247,threshold_reset,120.0,0,140.0
long,247,readiness_current,120.0,0,140.0
long,247,readiness_history,120.0,0,140.0
long,247,oracle,120.0,0,140.0
long,248,fixed_6,6.0,0,140.0
long,248,fixed_12,12.0,0,140.0
long,248,fixed_24,24.0,0,140.0
long,248,fixed_48,48.0,0,140.0
long,248,threshold_reset,120.0,0,140.0
long,248,readiness_current,120.0,0,140.0
long,248,readiness_history,120.0,0,140.0
long,248,oracle,120.0,0,140.0
long,249,fixed_6,6.0,0,140.0
long,249,fixed_12,12.0,0,140.0
long,249,fixed_24,24.0,0,140.0
long,249,fixed_48,48.0,0,140.0
long,249,threshold_reset,120.0,0,140.0
long,249,readiness_current,120.0,0,140.0
long,249,readiness_history,120.0,0,140.0
long,249,oracle,120.0,0,140.0
long,250,fixed_6,6.0,0,140.0
long,250,fixed_12,12.0,0,140.0
long,250,fixed_24,24.0,0,140.0
long,250,fixed_48,48.0,0,140.0
long,250,threshold_reset,120.0,0,140.0
long,250,readiness_current,120.0,0,140.0
long,250,readiness_history,120.0,0,140.0
long,250,oracle,120.0,0,140.0
long,251,fixed_6,6.0,0,140.0
long,251,fixed_12,12.0,0,140.0
long,251,fixed_24,24.0,0,140.0
long,251,fixed_48,48.0,0,140.0
long,251,threshold_reset,120.0,0,140.0
long,251,readiness_current,120.0,0,140.0
long,251,readiness_history,120.0,0,140.0
long,251,oracle,120.0,0,140.0
long,252,fixed_6,6.0,0,140.0
long,252,fixed_12,12.0,0,140.0
long,252,fixed_24,24.0,0,140.0
long,252,fixed_48,48.0,0,140.0
long,252,threshold_reset,120.0,0,140.0
long,252,readiness_current,120.0,0,140.0
long,252,readiness_history,120.0,0,140.0
long,252,oracle,120.0,0,140.0
long,253,fixed_6,6.0,0,140.0
long,253,fixed_12,12.0,0,140.0
long,253,fixed_24,24.0,0,140.0
long,253,fixed_48,48.0,0,140.0
long,253,threshold_reset,120.0,0,140.0
long,253,readiness_current,120.0,0,140.0
long,253,readiness_history,120.0,0,140.0
long,253,oracle,120.0,0,140.0
long,254,fixed_6,6.0,0,140.0
long,254,fixed_12,12.0,0,140.0
long,254,fixed_24,24.0,0,140.0
long,254,fixed_48,48.0,0,140.0
long,254,threshold_reset,120.0,0,140.0
long,254,readiness_current,120.0,0,140.0
long,254,readiness_history,120.0,0,140.0
long,254,oracle,120.0,0,140.0
long,255,fixed_6,6.0,0,140.0
long,255,fixed_12,12.0,0,140.0
long,255,fixed_24,24.0,0,140.0
long,255,fixed_48,48.0,0,140.0
long,255,threshold_reset,120.0,0,140.0
long,255,readiness_current,120.0,0,140.0
long,255,readiness_history,120.0,0,140.0
long,255,oracle,120.0,0,140.0
long,256,fixed_6,6.0,0,140.0
long,256,fixed_12,12.0,0,140.0
long,256,fixed_24,24.0,0,140.0
long,256,fixed_48,48.0,0,140.0
long,256,threshold_reset,120.0,0,140.0
long,256,readiness_current,120.0,0,140.0
long,256,readiness_history,120.0,0,140.0
long,256,oracle,120.0,0,140.0
long,257,fixed_6,6.0,0,140.0
long,257,fixed_12,12.0,0,140.0
long,257,fixed_24,24.0,0,140.0
long,257,fixed_48,48.0,0,140.0
long,257,threshold_reset,120.0,0,140.0
long,257,readiness_current,120.0,0,140.0
long,257,readiness_history,120.0,0,140.0
long,257,oracle,120.0,0,140.0
long,258,fixed_6,6.0,0,140.0
long,258,fixed_12,12.0,0,140.0
long,258,fixed_24,24.0,0,140.0
long,258,fixed_48,48.0,0,140.0
long,258,threshold_reset,120.0,0,140.0
long,258,readiness_current,120.0,0,140.0
long,258,readiness_history,120.0,0,140.0
long,258,oracle,120.0,0,140.0
long,259,fixed_6,6.0,0,140.0
long,259,fixed_12,12.0,0,140.0
long,259,fixed_24,24.0,0,140.0
long,259,fixed_48,48.0,0,140.0
long,259,threshold_reset,120.0,0,140.0
long,259,readiness_current,120.0,0,140.0
long,259,readiness_history,120.0,0,140.0
long,259,oracle,120.0,0,140.0
long,260,fixed_6,6.0,0,140.0
long,260,fixed_12,12.0,0,140.0
long,260,fixed_24,24.0,0,140.0
long,260,fixed_48,48.0,0,140.0
long,260,threshold_reset,120.0,0,140.0
long,260,readiness_current,120.0,0,140.0
long,260,readiness_history,120.0,0,140.0
long,260,oracle,120.0,0,140.0
long,261,fixed_6,6.0,0,140.0
long,261,fixed_12,12.0,0,140.0
long,261,fixed_24,24.0,0,140.0
long,261,fixed_48,48.0,0,140.0
long,261,threshold_reset,120.0,0,140.0
long,261,readiness_current,120.0,0,140.0
long,261,readiness_history,120.0,0,140.0
long,261,oracle,120.0,0,140.0
long,262,fixed_6,6.0,0,140.0
long,262,fixed_12,12.0,0,140.0
long,262,fixed_24,24.0,0,140.0
long,262,fixed_48,48.0,0,140.0
long,262,threshold_reset,120.0,0,140.0
long,262,readiness_current,120.0,0,140.0
long,262,readiness_history,120.0,0,140.0
long,262,oracle,120.0,0,140.0
long,263,fixed_6,6.0,0,140.0
long,263,fixed_12,12.0,0,140.0
long,263,fixed_24,24.0,0,140.0
long,263,fixed_48,48.0,0,140.0
long,263,threshold_reset,120.0,0,140.0
long,263,readiness_current,120.0,0,140.0
long,263,readiness_history,120.0,0,140.0
long,263,oracle,120.0,0,140.0
long,264,fixed_6,6.0,0,140.0
long,264,fixed_12,12.0,0,140.0
long,264,fixed_24,24.0,0,140.0
long,264,fixed_48,48.0,0,140.0
long,264,threshold_reset,120.0,0,140.0
long,264,readiness_current,120.0,0,140.0
long,264,readiness_history,120.0,0,140.0
long,264,oracle,120.0,0,140.0
long,265,fixed_6,6.0,0,140.0
long,265,fixed_12,12.0,0,140.0
long,265,fixed_24,24.0,0,140.0
long,265,fixed_48,48.0,0,140.0
long,265,threshold_reset,120.0,0,140.0
long,265,readiness_current,120.0,0,140.0
long,265,readiness_history,120.0,0,140.0
long,265,oracle,120.0,0,140.0
long,266,fixed_6,6.0,0,140.0
long,266,fixed_12,12.0,0,140.0
long,266,fixed_24,24.0,0,140.0
long,266,fixed_48,48.0,0,140.0
long,266,threshold_reset,120.0,0,140.0
long,266,readiness_current,120.0,0,140.0
long,266,readiness_history,120.0,0,140.0
long,266,oracle,120.0,0,140.0
long,267,fixed_6,6.0,0,140.0
long,267,fixed_12,12.0,0,140.0
long,267,fixed_24,24.0,0,140.0
long,267,fixed_48,48.0,0,140.0
long,267,threshold_reset,120.0,0,140.0
long,267,readiness_current,120.0,0,140.0
long,267,readiness_history,120.0,0,140.0
long,267,oracle,120.0,0,140.0
long,268,fixed_6,6.0,0,140.0
long,268,fixed_12,12.0,0,140.0
long,268,fixed_24,24.0,0,140.0
long,268,fixed_48,48.0,0,140.0
long,268,threshold_reset,120.0,0,140.0
long,268,readiness_current,120.0,0,140.0
long,268,readiness_history,120.0,0,140.0
long,268,oracle,120.0,0,140.0
long,269,fixed_6,6.0,0,140.0
long,269,fixed_12,12.0,0,140.0
long,269,fixed_24,24.0,0,140.0
long,269,fixed_48,48.0,0,140.0
long,269,threshold_reset,120.0,0,140.0
long,269,readiness_current,120.0,0,140.0
long,269,readiness_history,120.0,0,140.0
long,269,oracle,120.0,0,140.0
long,270,fixed_6,6.0,0,140.0
long,270,fixed_12,12.0,0,140.0
long,270,fixed_24,24.0,0,140.0
long,270,fixed_48,48.0,0,140.0
long,270,threshold_reset,120.0,0,140.0
long,270,readiness_current,120.0,0,140.0
long,270,readiness_history,120.0,0,140.0
long,270,oracle,120.0,0,140.0
long,271,fixed_6,6.0,0,140.0
long,271,fixed_12,12.0,0,140.0
long,271,fixed_24,24.0,0,140.0
long,271,fixed_48,48.0,0,140.0
long,271,threshold_reset,120.0,0,140.0
long,271,readiness_current,120.0,0,140.0
long,271,readiness_history,120.0,0,140.0
long,271,oracle,120.0,0,140.0
long,272,fixed_6,6.0,0,140.0
long,272,fixed_12,12.0,0,140.0
long,272,fixed_24,24.0,0,140.0
long,272,fixed_48,48.0,0,140.0
long,272,threshold_reset,120.0,0,140.0
long,272,readiness_current,120.0,0,140.0
long,272,readiness_history,120.0,0,140.0
long,272,oracle,120.0,0,140.0
long,273,fixed_6,6.0,0,140.0
long,273,fixed_12,12.0,0,140.0
long,273,fixed_24,24.0,0,140.0
long,273,fixed_48,48.0,0,140.0
long,273,threshold_reset,120.0,0,140.0
long,273,readiness_current,120.0,0,140.0
long,273,readiness_history,120.0,0,140.0
long,273,oracle,120.0,0,140.0
long,274,fixed_6,6.0,0,140.0
long,274,fixed_12,12.0,0,140.0
long,274,fixed_24,24.0,0,140.0
long,274,fixed_48,48.0,0,140.0
long,274,threshold_reset,120.0,0,140.0
long,274,readiness_current,120.0,0,140.0
long,274,readiness_history,120.0,0,140.0
long,274,oracle,120.0,0,140.0
long,275,fixed_6,6.0,0,140.0
long,275,fixed_12,12.0,0,140.0
long,275,fixed_24,24.0,0,140.0
long,275,fixed_48,48.0,0,140.0
long,275,threshold_reset,120.0,0,140.0
long,275,readiness_current,120.0,0,140.0
long,275,readiness_history,120.0,0,140.0
long,275,oracle,120.0,0,140.0
long,276,fixed_6,6.0,0,140.0
long,276,fixed_12,12.0,0,140.0
long,276,fixed_24,24.0,0,140.0
long,276,fixed_48,48.0,0,140.0
long,276,threshold_reset,120.0,0,140.0
long,276,readiness_current,120.0,0,140.0
long,276,readiness_history,120.0,0,140.0
long,276,oracle,120.0,0,140.0
long,277,fixed_6,6.0,0,140.0
long,277,fixed_12,12.0,0,140.0
long,277,fixed_24,24.0,0,140.0
long,277,fixed_48,48.0,0,140.0
long,277,threshold_reset,120.0,0,140.0
long,277,readiness_current,120.0,0,140.0
long,277,readiness_history,120.0,0,140.0
long,277,oracle,120.0,0,140.0
long,278,fixed_6,6.0,0,140.0
long,278,fixed_12,12.0,0,140.0
long,278,fixed_24,24.0,0,140.0
long,278,fixed_48,48.0,0,140.0
long,278,threshold_reset,120.0,0,140.0
long,278,readiness_current,120.0,0,140.0
long,278,readiness_history,120.0,0,140.0
long,278,oracle,120.0,0,140.0
long,279,fixed_6,6.0,0,140.0
long,279,fixed_12,12.0,0,140.0
long,279,fixed_24,24.0,0,140.0
long,279,fixed_48,48.0,0,140.0
long,279,threshold_reset,120.0,0,140.0
long,279,readiness_current,120.0,0,140.0
long,279,readiness_history,120.0,0,140.0
long,279,oracle,120.0,0,140.0
long,280,fixed_6,6.0,0,140.0
long,280,fixed_12,12.0,0,140.0
long,280,fixed_24,24.0,0,140.0
long,280,fixed_48,48.0,0,140.0
long,280,threshold_reset,120.0,0,140.0
long,280,readiness_current,120.0,0,140.0
long,280,readiness_history,120.0,0,140.0
long,280,oracle,120.0,0,140.0
long,281,fixed_6,6.0,0,140.0
long,281,fixed_12,12.0,0,140.0
long,281,fixed_24,24.0,0,140.0
long,281,fixed_48,48.0,0,140.0
long,281,threshold_reset,120.0,0,140.0
long,281,readiness_current,120.0,0,140.0
long,281,readiness_history,120.0,0,140.0
long,281,oracle,120.0,0,140.0
long,282,fixed_6,6.0,0,140.0
long,282,fixed_12,12.0,0,140.0
long,282,fixed_24,24.0,0,140.0
long,282,fixed_48,48.0,0,140.0
long,282,threshold_reset,120.0,0,140.0
long,282,readiness_current,120.0,0,140.0
long,282,readiness_history,120.0,0,140.0
long,282,oracle,120.0,0,140.0
long,283,fixed_6,6.0,0,140.0
long,283,fixed_12,12.0,0,140.0
long,283,fixed_24,24.0,0,140.0
long,283,fixed_48,48.0,0,140.0
long,283,threshold_reset,120.0,0,140.0
long,283,readiness_current,120.0,0,140.0
long,283,readiness_history,120.0,0,140.0
long,283,oracle,120.0,0,140.0
long,284,fixed_6,6.0,0,140.0
long,284,fixed_12,12.0,0,140.0
long,284,fixed_24,24.0,0,140.0
long,284,fixed_48,48.0,0,140.0
long,284,threshold_reset,120.0,0,140.0
long,284,readiness_current,120.0,0,140.0
long,284,readiness_history,120.0,0,140.0
long,284,oracle,120.0,0,140.0
long,285,fixed_6,6.0,0,140.0
long,285,fixed_12,12.0,0,140.0
long,285,fixed_24,24.0,0,140.0
long,285,fixed_48,48.0,0,140.0
long,285,threshold_reset,120.0,0,140.0
long,285,readiness_current,120.0,0,140.0
long,285,readiness_history,120.0,0,140.0
long,285,oracle,120.0,0,140.0
long,286,fixed_6,6.0,0,140.0
long,286,fixed_12,12.0,0,140.0
long,286,fixed_24,24.0,0,140.0
long,286,fixed_48,48.0,0,140.0
long,286,threshold_reset,120.0,0,140.0
long,286,readiness_current,120.0,0,140.0
long,286,readiness_history,120.0,0,140.0
long,286,oracle,120.0,0,140.0
long,287,fixed_6,6.0,0,140.0
long,287,fixed_12,12.0,0,140.0
long,287,fixed_24,24.0,0,140.0
long,287,fixed_48,48.0,0,140.0
long,287,threshold_reset,120.0,0,140.0
long,287,readiness_current,120.0,0,140.0
long,287,readiness_history,120.0,0,140.0
long,287,oracle,120.0,0,140.0
long,288,fixed_6,6.0,0,140.0
long,288,fixed_12,12.0,0,140.0
long,288,fixed_24,24.0,0,140.0
long,288,fixed_48,48.0,0,140.0
long,288,threshold_reset,120.0,0,140.0
long,288,readiness_current,120.0,0,140.0
long,288,readiness_history,120.0,0,140.0
long,288,oracle,120.0,0,140.0
long,289,fixed_6,6.0,0,140.0
long,289,fixed_12,12.0,0,140.0
long,289,fixed_24,24.0,0,140.0
long,289,fixed_48,48.0,0,140.0
long,289,threshold_reset,120.0,0,140.0
long,289,readiness_current,120.0,0,140.0
long,289,readiness_history,120.0,0,140.0
long,289,oracle,120.0,0,140.0
long,290,fixed_6,6.0,0,140.0
long,290,fixed_12,12.0,0,140.0
long,290,fixed_24,24.0,0,140.0
long,290,fixed_48,48.0,0,140.0
long,290,threshold_reset,120.0,0,140.0
long,290,readiness_current,120.0,0,140.0
long,290,readiness_history,120.0,0,140.0
long,290,oracle,120.0,0,140.0
long,291,fixed_6,6.0,0,140.0
long,291,fixed_12,12.0,0,140.0
long,291,fixed_24,24.0,0,140.0
long,291,fixed_48,48.0,0,140.0
long,291,threshold_reset,120.0,0,140.0
long,291,readiness_current,120.0,0,140.0
long,291,readiness_history,120.0,0,140.0
long,291,oracle,120.0,0,140.0
long,292,fixed_6,6.0,0,140.0
long,292,fixed_12,12.0,0,140.0
long,292,fixed_24,24.0,0,140.0
long,292,fixed_48,48.0,0,140.0
long,292,threshold_reset,120.0,0,140.0
long,292,readiness_current,120.0,0,140.0
long,292,readiness_history,120.0,0,140.0
long,292,oracle,120.0,0,140.0
long,293,fixed_6,6.0,0,140.0
long,293,fixed_12,12.0,0,140.0
long,293,fixed_24,24.0,0,140.0
long,293,fixed_48,48.0,0,140.0
long,293,threshold_reset,120.0,0,140.0
long,293,readiness_current,120.0,0,140.0
long,293,readiness_history,120.0,0,140.0
long,293,oracle,120.0,0,140.0
long,294,fixed_6,6.0,0,140.0
long,294,fixed_12,12.0,0,140.0
long,294,fixed_24,24.0,0,140.0
long,294,fixed_48,48.0,0,140.0
long,294,threshold_reset,120.0,0,140.0
long,294,readiness_current,120.0,0,140.0
long,294,readiness_history,120.0,0,140.0
long,294,oracle,120.0,0,140.0
long,295,fixed_6,6.0,0,140.0
long,295,fixed_12,12.0,0,140.0
long,295,fixed_24,24.0,0,140.0
long,295,fixed_48,48.0,0,140.0
long,295,threshold_reset,120.0,0,140.0
long,295,readiness_current,120.0,0,140.0
long,295,readiness_history,120.0,0,140.0
long,295,oracle,120.0,0,140.0
long,296,fixed_6,6.0,0,140.0
long,296,fixed_12,12.0,0,140.0
long,296,fixed_24,24.0,0,140.0
long,296,fixed_48,48.0,0,140.0
long,296,threshold_reset,120.0,0,140.0
long,296,readiness_current,120.0,0,140.0
long,296,readiness_history,120.0,0,140.0
long,296,oracle,120.0,0,140.0
long,297,fixed_6,6.0,0,140.0
long,297,fixed_12,12.0,0,140.0
long,297,fixed_24,24.0,0,140.0
long,297,fixed_48,48.0,0,140.0
long,297,threshold_reset,120.0,0,140.0
long,297,readiness_current,120.0,0,140.0
long,297,readiness_history,120.0,0,140.0
long,297,oracle,120.0,0,140.0
long,298,fixed_6,6.0,0,140.0
long,298,fixed_12,12.0,0,140.0
long,298,fixed_24,24.0,0,140.0
long,298,fixed_48,48.0,0,140.0
long,298,threshold_reset,120.0,0,140.0
long,298,readiness_current,120.0,0,140.0
long,298,readiness_history,120.0,0,140.0
long,298,oracle,120.0,0,140.0
long,299,fixed_6,6.0,0,140.0
long,299,fixed_12,12.0,0,140.0
long,299,fixed_24,24.0,0,140.0
long,299,fixed_48,48.0,0,140.0
long,299,threshold_reset,120.0,0,140.0
long,299,readiness_current,120.0,0,140.0
long,299,readiness_history,120.0,0,140.0
long,299,oracle,120.0,0,140.0
long,300,fixed_6,6.0,0,140.0
long,300,fixed_12,12.0,0,140.0
long,300,fixed_24,24.0,0,140.0
long,300,fixed_48,48.0,0,140.0
long,300,threshold_reset,120.0,0,140.0
long,300,readiness_current,120.0,0,140.0
long,300,readiness_history,120.0,0,140.0
long,300,oracle,120.0,0,140.0
long,301,fixed_6,6.0,0,140.0
long,301,fixed_12,12.0,0,140.0
long,301,fixed_24,24.0,0,140.0
long,301,fixed_48,48.0,0,140.0
long,301,threshold_reset,120.0,0,140.0
long,301,readiness_current,120.0,0,140.0
long,301,readiness_history,120.0,0,140.0
long,301,oracle,120.0,0,140.0
long,302,fixed_6,6.0,0,140.0
long,302,fixed_12,12.0,0,140.0
long,302,fixed_24,24.0,0,140.0
long,302,fixed_48,48.0,0,140.0
long,302,threshold_reset,120.0,0,140.0
long,302,readiness_current,120.0,0,140.0
long,302,readiness_history,120.0,0,140.0
long,302,oracle,120.0,0,140.0
long,303,fixed_6,6.0,0,140.0
long,303,fixed_12,12.0,0,140.0
long,303,fixed_24,24.0,0,140.0
long,303,fixed_48,48.0,0,140.0
long,303,threshold_reset,120.0,0,140.0
long,303,readiness_current,120.0,0,140.0
long,303,readiness_history,120.0,0,140.0
long,303,oracle,120.0,0,140.0
long,304,fixed_6,6.0,0,140.0
long,304,fixed_12,12.0,0,140.0
long,304,fixed_24,24.0,0,140.0
long,304,fixed_48,48.0,0,140.0
long,304,threshold_reset,120.0,0,140.0
long,304,readiness_current,120.0,0,140.0
long,304,readiness_history,120.0,0,140.0
long,304,oracle,120.0,0,140.0
long,305,fixed_6,6.0,0,140.0
long,305,fixed_12,12.0,0,140.0
long,305,fixed_24,24.0,0,140.0
long,305,fixed_48,48.0,0,140.0
long,305,threshold_reset,120.0,0,140.0
long,305,readiness_current,120.0,0,140.0
long,305,readiness_history,120.0,0,140.0
long,305,oracle,120.0,0,140.0
long,306,fixed_6,6.0,0,140.0
long,306,fixed_12,12.0,0,140.0
long,306,fixed_24,24.0,0,140.0
long,306,fixed_48,48.0,0,140.0
long,306,threshold_reset,120.0,0,140.0
long,306,readiness_current,120.0,0,140.0
long,306,readiness_history,120.0,0,140.0
long,306,oracle,120.0,0,140.0
long,307,fixed_6,6.0,0,140.0
long,307,fixed_12,12.0,0,140.0
long,307,fixed_24,24.0,0,140.0
long,307,fixed_48,48.0,0,140.0
long,307,threshold_reset,120.0,0,140.0
long,307,readiness_current,120.0,0,140.0
long,307,readiness_history,120.0,0,140.0
long,307,oracle,120.0,0,140.0
long,308,fixed_6,6.0,0,140.0
long,308,fixed_12,12.0,0,140.0
long,308,fixed_24,24.0,0,140.0
long,308,fixed_48,48.0,0,140.0
long,308,threshold_reset,120.0,0,140.0
long,308,readiness_current,120.0,0,140.0
long,308,readiness_history,120.0,0,140.0
long,308,oracle,120.0,0,140.0
long,309,fixed_6,6.0,0,140.0
long,309,fixed_12,12.0,0,140.0
long,309,fixed_24,24.0,0,140.0
long,309,fixed_48,48.0,0,140.0
long,309,threshold_reset,120.0,0,140.0
long,309,readiness_current,120.0,0,140.0
long,309,readiness_history,120.0,0,140.0
long,309,oracle,120.0,0,140.0
long,310,fixed_6,6.0,0,140.0
long,310,fixed_12,12.0,0,140.0
long,310,fixed_24,24.0,0,140.0
long,310,fixed_48,48.0,0,140.0
long,310,threshold_reset,120.0,0,140.0
long,310,readiness_current,120.0,0,140.0
long,310,readiness_history,120.0,0,140.0
long,310,oracle,120.0,0,140.0
long,311,fixed_6,6.0,0,140.0
long,311,fixed_12,12.0,0,140.0
long,311,fixed_24,24.0,0,140.0
long,311,fixed_48,48.0,0,140.0
long,311,threshold_reset,120.0,0,140.0
long,311,readiness_current,120.0,0,140.0
long,311,readiness_history,120.0,0,140.0
long,311,oracle,120.0,0,140.0
long,312,fixed_6,6.0,0,140.0
long,312,fixed_12,12.0,0,140.0
long,312,fixed_24,24.0,0,140.0
long,312,fixed_48,48.0,0,140.0
long,312,threshold_reset,120.0,0,140.0
long,312,readiness_current,120.0,0,140.0
long,312,readiness_history,120.0,0,140.0
long,312,oracle,120.0,0,140.0
long,313,fixed_6,6.0,0,140.0
long,313,fixed_12,12.0,0,140.0
long,313,fixed_24,24.0,0,140.0
long,313,fixed_48,48.0,0,140.0
long,313,threshold_reset,120.0,0,140.0
long,313,readiness_current,120.0,0,140.0
long,313,readiness_history,120.0,0,140.0
long,313,oracle,120.0,0,140.0
long,314,fixed_6,6.0,0,140.0
long,314,fixed_12,12.0,0,140.0
long,314,fixed_24,24.0,0,140.0
long,314,fixed_48,48.0,0,140.0
long,314,threshold_reset,120.0,0,140.0
long,314,readiness_current,120.0,0,140.0
long,314,readiness_history,120.0,0,140.0
long,314,oracle,120.0,0,140.0
long,315,fixed_6,6.0,0,140.0
long,315,fixed_12,12.0,0,140.0
long,315,fixed_24,24.0,0,140.0
long,315,fixed_48,48.0,0,140.0
long,315,threshold_reset,120.0,0,140.0
long,315,readiness_current,120.0,0,140.0
long,315,readiness_history,120.0,0,140.0
long,315,oracle,120.0,0,140.0
long,316,fixed_6,6.0,0,140.0
long,316,fixed_12,12.0,0,140.0
long,316,fixed_24,24.0,0,140.0
long,316,fixed_48,48.0,0,140.0
long,316,threshold_reset,120.0,0,140.0
long,316,readiness_current,120.0,0,140.0
long,316,readiness_history,120.0,0,140.0
long,316,oracle,120.0,0,140.0
long,317,fixed_6,6.0,0,140.0
long,317,fixed_12,12.0,0,140.0
long,317,fixed_24,24.0,0,140.0
long,317,fixed_48,48.0,0,140.0
long,317,threshold_reset,120.0,0,140.0
long,317,readiness_current,120.0,0,140.0
long,317,readiness_history,120.0,0,140.0
long,317,oracle,120.0,0,140.0
long,318,fixed_6,6.0,0,140.0
long,318,fixed_12,12.0,0,140.0
long,318,fixed_24,24.0,0,140.0
long,318,fixed_48,48.0,0,140.0
long,318,threshold_reset,120.0,0,140.0
long,318,readiness_current,120.0,0,140.0
long,318,readiness_history,120.0,0,140.0
long,318,oracle,120.0,0,140.0
long,319,fixed_6,6.0,0,140.0
long,319,fixed_12,12.0,0,140.0
long,319,fixed_24,24.0,0,140.0
long,319,fixed_48,48.0,0,140.0
long,319,threshold_reset,120.0,0,140.0
long,319,readiness_current,120.0,0,140.0
long,319,readiness_history,120.0,0,140.0
long,319,oracle,120.0,0,140.0
long,320,fixed_6,6.0,0,140.0
long,320,fixed_12,12.0,0,140.0
long,320,fixed_24,24.0,0,140.0
long,320,fixed_48,48.0,0,140.0
long,320,threshold_reset,120.0,0,140.0
long,320,readiness_current,120.0,0,140.0
long,320,readiness_history,120.0,0,140.0
long,320,oracle,120.0,0,140.0
long,321,fixed_6,6.0,0,140.0
long,321,fixed_12,12.0,0,140.0
long,321,fixed_24,24.0,0,140.0
long,321,fixed_48,48.0,0,140.0
long,321,threshold_reset,120.0,0,140.0
long,321,readiness_current,120.0,0,140.0
long,321,readiness_history,120.0,0,140.0
long,321,oracle,120.0,0,140.0
long,322,fixed_6,6.0,0,140.0
long,322,fixed_12,12.0,0,140.0
long,322,fixed_24,24.0,0,140.0
long,322,fixed_48,48.0,0,140.0
long,322,threshold_reset,120.0,0,140.0
long,322,readiness_current,120.0,0,140.0
long,322,readiness_history,120.0,0,140.0
long,322,oracle,120.0,0,140.0
long,323,fixed_6,6.0,0,140.0
long,323,fixed_12,12.0,0,140.0
long,323,fixed_24,24.0,0,140.0
long,323,fixed_48,48.0,0,140.0
long,323,threshold_reset,120.0,0,140.0
long,323,readiness_current,120.0,0,140.0
long,323,readiness_history,120.0,0,140.0
long,323,oracle,120.0,0,140.0
long,324,fixed_6,6.0,0,140.0
long,324,fixed_12,12.0,0,140.0
long,324,fixed_24,24.0,0,140.0
long,324,fixed_48,48.0,0,140.0
long,324,threshold_reset,120.0,0,140.0
long,324,readiness_current,120.0,0,140.0
long,324,readiness_history,120.0,0,140.0
long,324,oracle,120.0,0,140.0
long,325,fixed_6,6.0,0,140.0
long,325,fixed_12,12.0,0,140.0
long,325,fixed_24,24.0,0,140.0
long,325,fixed_48,48.0,0,140.0
long,325,threshold_reset,120.0,0,140.0
long,325,readiness_current,120.0,0,140.0
long,325,readiness_history,120.0,0,140.0
long,325,oracle,120.0,0,140.0
long,326,fixed_6,6.0,0,140.0
long,326,fixed_12,12.0,0,140.0
long,326,fixed_24,24.0,0,140.0
long,326,fixed_48,48.0,0,140.0
long,326,threshold_reset,120.0,0,140.0
long,326,readiness_current,120.0,0,140.0
long,326,readiness_history,120.0,0,140.0
long,326,oracle,120.0,0,140.0
long,327,fixed_6,6.0,0,140.0
long,327,fixed_12,12.0,0,140.0
long,327,fixed_24,24.0,0,140.0
long,327,fixed_48,48.0,0,140.0
long,327,threshold_reset,120.0,0,140.0
long,327,readiness_current,120.0,0,140.0
long,327,readiness_history,120.0,0,140.0
long,327,oracle,120.0,0,140.0
long,328,fixed_6,6.0,0,140.0
long,328,fixed_12,12.0,0,140.0
long,328,fixed_24,24.0,0,140.0
long,328,fixed_48,48.0,0,140.0
long,328,threshold_reset,120.0,0,140.0
long,328,readiness_current,120.0,0,140.0
long,328,readiness_history,120.0,0,140.0
long,328,oracle,120.0,0,140.0
long,329,fixed_6,6.0,0,140.0
long,329,fixed_12,12.0,0,140.0
long,329,fixed_24,24.0,0,140.0
long,329,fixed_48,48.0,0,140.0
long,329,threshold_reset,120.0,0,140.0
long,329,readiness_current,120.0,0,140.0
long,329,readiness_history,120.0,0,140.0
long,329,oracle,120.0,0,140.0
long,330,fixed_6,6.0,0,140.0
long,330,fixed_12,12.0,0,140.0
long,330,fixed_24,24.0,0,140.0
long,330,fixed_48,48.0,0,140.0
long,330,threshold_reset,120.0,0,140.0
long,330,readiness_current,120.0,0,140.0
long,330,readiness_history,120.0,0,140.0
long,330,oracle,120.0,0,140.0
long,331,fixed_6,6.0,0,140.0
long,331,fixed_12,12.0,0,140.0
long,331,fixed_24,24.0,0,140.0
long,331,fixed_48,48.0,0,140.0
long,331,threshold_reset,120.0,0,140.0
long,331,readiness_current,120.0,0,140.0
long,331,readiness_history,120.0,0,140.0
long,331,oracle,120.0,0,140.0
long,332,fixed_6,6.0,0,140.0
long,332,fixed_12,12.0,0,140.0
long,332,fixed_24,24.0,0,140.0
long,332,fixed_48,48.0,0,140.0
long,332,threshold_reset,120.0,0,140.0
long,332,readiness_current,120.0,0,140.0
long,332,readiness_history,120.0,0,140.0
long,332,oracle,120.0,0,140.0
long,333,fixed_6,6.0,0,140.0
long,333,fixed_12,12.0,0,140.0
long,333,fixed_24,24.0,0,140.0
long,333,fixed_48,48.0,0,140.0
long,333,threshold_reset,120.0,0,140.0
long,333,readiness_current,120.0,0,140.0
long,333,readiness_history,120.0,0,140.0
long,333,oracle,120.0,0,140.0
long,334,fixed_6,6.0,0,140.0
long,334,fixed_12,12.0,0,140.0
long,334,fixed_24,24.0,0,140.0
long,334,fixed_48,48.0,0,140.0
long,334,threshold_reset,120.0,0,140.0
long,334,readiness_current,120.0,0,140.0
long,334,readiness_history,120.0,0,140.0
long,334,oracle,120.0,0,140.0
long,335,fixed_6,6.0,0,140.0
long,335,fixed_12,12.0,0,140.0
long,335,fixed_24,24.0,0,140.0
long,335,fixed_48,48.0,0,140.0
long,335,threshold_reset,120.0,0,140.0
long,335,readiness_current,120.0,0,140.0
long,335,readiness_history,120.0,0,140.0
long,335,oracle,120.0,0,140.0
long,336,fixed_6,6.0,0,140.0
long,336,fixed_12,12.0,0,140.0
long,336,fixed_24,24.0,0,140.0
long,336,fixed_48,48.0,0,140.0
long,336,threshold_reset,120.0,0,140.0
long,336,readiness_current,120.0,0,140.0
long,336,readiness_history,120.0,0,140.0
long,336,oracle,120.0,0,140.0
long,337,fixed_6,6.0,0,140.0
long,337,fixed_12,12.0,0,140.0
long,337,fixed_24,24.0,0,140.0
long,337,fixed_48,48.0,0,140.0
long,337,threshold_reset,120.0,0,140.0
long,337,readiness_current,120.0,0,140.0
long,337,readiness_history,120.0,0,140.0
long,337,oracle,120.0,0,140.0
long,338,fixed_6,6.0,0,140.0
long,338,fixed_12,12.0,0,140.0
long,338,fixed_24,24.0,0,140.0
long,338,fixed_48,48.0,0,140.0
long,338,threshold_reset,120.0,0,140.0
long,338,readiness_current,120.0,0,140.0
long,338,readiness_history,120.0,0,140.0
long,338,oracle,120.0,0,140.0
long,339,fixed_6,6.0,0,140.0
long,339,fixed_12,12.0,0,140.0
long,339,fixed_24,24.0,0,140.0
long,339,fixed_48,48.0,0,140.0
long,339,threshold_reset,120.0,0,140.0
long,339,readiness_current,120.0,0,140.0
long,339,readiness_history,120.0,0,140.0
long,339,oracle,120.0,0,140.0
long,340,fixed_6,6.0,0,140.0
long,340,fixed_12,12.0,0,140.0
long,340,fixed_24,24.0,0,140.0
long,340,fixed_48,48.0,0,140.0
long,340,threshold_reset,120.0,0,140.0
long,340,readiness_current,120.0,0,140.0
long,340,readiness_history,120.0,0,140.0
long,340,oracle,120.0,0,140.0
long,341,fixed_6,6.0,0,140.0
long,341,fixed_12,12.0,0,140.0
long,341,fixed_24,24.0,0,140.0
long,341,fixed_48,48.0,0,140.0
long,341,threshold_reset,120.0,0,140.0
long,341,readiness_current,120.0,0,140.0
long,341,readiness_history,120.0,0,140.0
long,341,oracle,120.0,0,140.0
long,342,fixed_6,6.0,0,140.0
long,342,fixed_12,12.0,0,140.0
long,342,fixed_24,24.0,0,140.0
long,342,fixed_48,48.0,0,140.0
long,342,threshold_reset,120.0,0,140.0
long,342,readiness_current,120.0,0,140.0
long,342,readiness_history,120.0,0,140.0
long,342,oracle,120.0,0,140.0
long,343,fixed_6,6.0,0,140.0
long,343,fixed_12,12.0,0,140.0
long,343,fixed_24,24.0,0,140.0
long,343,fixed_48,48.0,0,140.0
long,343,threshold_reset,120.0,0,140.0
long,343,readiness_current,120.0,0,140.0
long,343,readiness_history,120.0,0,140.0
long,343,oracle,120.0,0,140.0
long,344,fixed_6,6.0,0,140.0
long,344,fixed_12,12.0,0,140.0
long,344,fixed_24,24.0,0,140.0
long,344,fixed_48,48.0,0,140.0
long,344,threshold_reset,120.0,0,140.0
long,344,readiness_current,120.0,0,140.0
long,344,readiness_history,120.0,0,140.0
long,344,oracle,120.0,0,140.0
long,345,fixed_6,6.0,0,140.0
long,345,fixed_12,12.0,0,140.0
long,345,fixed_24,24.0,0,140.0
long,345,fixed_48,48.0,0,140.0
long,345,threshold_reset,120.0,0,140.0
long,345,readiness_current,120.0,0,140.0
long,345,readiness_history,120.0,0,140.0
long,345,oracle,120.0,0,140.0
long,346,fixed_6,6.0,0,140.0
long,346,fixed_12,12.0,0,140.0
long,346,fixed_24,24.0,0,140.0
long,346,fixed_48,48.0,0,140.0
long,346,threshold_reset,120.0,0,140.0
long,346,readiness_current,120.0,0,140.0
long,346,readiness_history,120.0,0,140.0
long,346,oracle,120.0,0,140.0
long,347,fixed_6,6.0,0,140.0
long,347,fixed_12,12.0,0,140.0
long,347,fixed_24,24.0,0,140.0
long,347,fixed_48,48.0,0,140.0
long,347,threshold_reset,120.0,0,140.0
long,347,readiness_current,120.0,0,140.0
long,347,readiness_history,120.0,0,140.0
long,347,oracle,120.0,0,140.0
long,348,fixed_6,6.0,0,140.0
long,348,fixed_12,12.0,0,140.0
long,348,fixed_24,24.0,0,140.0
long,348,fixed_48,48.0,0,140.0
long,348,threshold_reset,120.0,0,140.0
long,348,readiness_current,120.0,0,140.0
long,348,readiness_history,120.0,0,140.0
long,348,oracle,120.0,0,140.0
long,349,fixed_6,6.0,0,140.0
long,349,fixed_12,12.0,0,140.0
long,349,fixed_24,24.0,0,140.0
long,349,fixed_48,48.0,0,140.0
long,349,threshold_reset,120.0,0,140.0
long,349,readiness_current,120.0,0,140.0
long,349,readiness_history,120.0,0,140.0
long,349,oracle,120.0,0,140.0
long,350,fixed_6,6.0,0,140.0
long,350,fixed_12,12.0,0,140.0
long,350,fixed_24,24.0,0,140.0
long,350,fixed_48,48.0,0,140.0
long,350,threshold_reset,120.0,0,140.0
long,350,readiness_current,120.0,0,140.0
long,350,readiness_history,120.0,0,140.0
long,350,oracle,120.0,0,140.0
long,351,fixed_6,6.0,0,140.0
long,351,fixed_12,12.0,0,140.0
long,351,fixed_24,24.0,0,140.0
long,351,fixed_48,48.0,0,140.0
long,351,threshold_reset,120.0,0,140.0
long,351,readiness_current,120.0,0,140.0
long,351,readiness_history,120.0,0,140.0
long,351,oracle,120.0,0,140.0
long,352,fixed_6,6.0,0,140.0
long,352,fixed_12,12.0,0,140.0
long,352,fixed_24,24.0,0,140.0
long,352,fixed_48,48.0,0,140.0
long,352,threshold_reset,120.0,0,140.0
long,352,readiness_current,120.0,0,140.0
long,352,readiness_history,120.0,0,140.0
long,352,oracle,120.0,0,140.0
long,353,fixed_6,6.0,0,140.0
long,353,fixed_12,12.0,0,140.0
long,353,fixed_24,24.0,0,140.0
long,353,fixed_48,48.0,0,140.0
long,353,threshold_reset,120.0,0,140.0
long,353,readiness_current,120.0,0,140.0
long,353,readiness_history,120.0,0,140.0
long,353,oracle,120.0,0,140.0
long,354,fixed_6,6.0,0,140.0
long,354,fixed_12,12.0,0,140.0
long,354,fixed_24,24.0,0,140.0
long,354,fixed_48,48.0,0,140.0
long,354,threshold_reset,120.0,0,140.0
long,354,readiness_current,120.0,0,140.0
long,354,readiness_history,120.0,0,140.0
long,354,oracle,120.0,0,140.0
long,355,fixed_6,6.0,0,140.0
long,355,fixed_12,12.0,0,140.0
long,355,fixed_24,24.0,0,140.0
long,355,fixed_48,48.0,0,140.0
long,355,threshold_reset,120.0,0,140.0
long,355,readiness_current,120.0,0,140.0
long,355,readiness_history,120.0,0,140.0
long,355,oracle,120.0,0,140.0
long,356,fixed_6,6.0,0,140.0
long,356,fixed_12,12.0,0,140.0
long,356,fixed_24,24.0,0,140.0
long,356,fixed_48,48.0,0,140.0
long,356,threshold_reset,120.0,0,140.0
long,356,readiness_current,120.0,0,140.0
long,356,readiness_history,120.0,0,140.0
long,356,oracle,120.0,0,140.0
long,357,fixed_6,6.0,0,140.0
long,357,fixed_12,12.0,0,140.0
long,357,fixed_24,24.0,0,140.0
long,357,fixed_48,48.0,0,140.0
long,357,threshold_reset,120.0,0,140.0
long,357,readiness_current,120.0,0,140.0
long,357,readiness_history,120.0,0,140.0
long,357,oracle,120.0,0,140.0
long,358,fixed_6,6.0,0,140.0
long,358,fixed_12,12.0,0,140.0
long,358,fixed_24,24.0,0,140.0
long,358,fixed_48,48.0,0,140.0
long,358,threshold_reset,120.0,0,140.0
long,358,readiness_current,120.0,0,140.0
long,358,readiness_history,120.0,0,140.0
long,358,oracle,120.0,0,140.0
long,359,fixed_6,6.0,0,140.0
long,359,fixed_12,12.0,0,140.0
long,359,fixed_24,24.0,0,140.0
long,359,fixed_48,48.0,0,140.0
long,359,threshold_reset,120.0,0,140.0
long,359,readiness_current,120.0,0,140.0
long,359,readiness_history,120.0,0,140.0
long,359,oracle,120.0,0,140.0
long,360,fixed_6,6.0,0,140.0
long,360,fixed_12,12.0,0,140.0
long,360,fixed_24,24.0,0,140.0
long,360,fixed_48,48.0,0,140.0
long,360,threshold_reset,120.0,0,140.0
long,360,readiness_current,120.0,0,140.0
long,360,readiness_history,120.0,0,140.0
long,360,oracle,120.0,0,140.0
long,361,fixed_6,6.0,0,140.0
long,361,fixed_12,12.0,0,140.0
long,361,fixed_24,24.0,0,140.0
long,361,fixed_48,48.0,0,140.0
long,361,threshold_reset,120.0,0,140.0
long,361,readiness_current,120.0,0,140.0
long,361,readiness_history,120.0,0,140.0
long,361,oracle,120.0,0,140.0
long,362,fixed_6,6.0,0,140.0
long,362,fixed_12,12.0,0,140.0
long,362,fixed_24,24.0,0,140.0
long,362,fixed_48,48.0,0,140.0
long,362,threshold_reset,120.0,0,140.0
long,362,readiness_current,120.0,0,140.0
long,362,readiness_history,120.0,0,140.0
long,362,oracle,120.0,0,140.0
long,363,fixed_6,6.0,0,140.0
long,363,fixed_12,12.0,0,140.0
long,363,fixed_24,24.0,0,140.0
long,363,fixed_48,48.0,0,140.0
long,363,threshold_reset,120.0,0,140.0
long,363,readiness_current,120.0,0,140.0
long,363,readiness_history,120.0,0,140.0
long,363,oracle,120.0,0,140.0
long,364,fixed_6,6.0,0,140.0
long,364,fixed_12,12.0,0,140.0
long,364,fixed_24,24.0,0,140.0
long,364,fixed_48,48.0,0,140.0
long,364,threshold_reset,120.0,0,140.0
long,364,readiness_current,120.0,0,140.0
long,364,readiness_history,120.0,0,140.0
long,364,oracle,120.0,0,140.0
long,365,fixed_6,6.0,0,140.0
long,365,fixed_12,12.0,0,140.0
long,365,fixed_24,24.0,0,140.0
long,365,fixed_48,48.0,0,140.0
long,365,threshold_reset,120.0,0,140.0
long,365,readiness_current,120.0,0,140.0
long,365,readiness_history,120.0,0,140.0
long,365,oracle,120.0,0,140.0
long,366,fixed_6,6.0,0,140.0
long,366,fixed_12,12.0,0,140.0
long,366,fixed_24,24.0,0,140.0
long,366,fixed_48,48.0,0,140.0
long,366,threshold_reset,120.0,0,140.0
long,366,readiness_current,120.0,0,140.0
long,366,readiness_history,120.0,0,140.0
long,366,oracle,120.0,0,140.0
long,367,fixed_6,6.0,0,140.0
long,367,fixed_12,12.0,0,140.0
long,367,fixed_24,24.0,0,140.0
long,367,fixed_48,48.0,0,140.0
long,367,threshold_reset,120.0,0,140.0
long,367,readiness_current,120.0,0,140.0
long,367,readiness_history,120.0,0,140.0
long,367,oracle,120.0,0,140.0
long,368,fixed_6,6.0,0,140.0
long,368,fixed_12,12.0,0,140.0
long,368,fixed_24,24.0,0,140.0
long,368,fixed_48,48.0,0,140.0
long,368,threshold_reset,120.0,0,140.0
long,368,readiness_current,120.0,0,140.0
long,368,readiness_history,120.0,0,140.0
long,368,oracle,120.0,0,140.0
long,369,fixed_6,6.0,0,140.0
long,369,fixed_12,12.0,0,140.0
long,369,fixed_24,24.0,0,140.0
long,369,fixed_48,48.0,0,140.0
long,369,threshold_reset,120.0,0,140.0
long,369,readiness_current,120.0,0,140.0
long,369,readiness_history,120.0,0,140.0
long,369,oracle,120.0,0,140.0
long,370,fixed_6,6.0,0,140.0
long,370,fixed_12,12.0,0,140.0
long,370,fixed_24,24.0,0,140.0
long,370,fixed_48,48.0,0,140.0
long,370,threshold_reset,120.0,0,140.0
long,370,readiness_current,120.0,0,140.0
long,370,readiness_history,120.0,0,140.0
long,370,oracle,120.0,0,140.0
long,371,fixed_6,6.0,0,140.0
long,371,fixed_12,12.0,0,140.0
long,371,fixed_24,24.0,0,140.0
long,371,fixed_48,48.0,0,140.0
long,371,threshold_reset,120.0,0,140.0
long,371,readiness_current,120.0,0,140.0
long,371,readiness_history,120.0,0,140.0
long,371,oracle,120.0,0,140.0
long,372,fixed_6,6.0,0,140.0
long,372,fixed_12,12.0,0,140.0
long,372,fixed_24,24.0,0,140.0
long,372,fixed_48,48.0,0,140.0
long,372,threshold_reset,120.0,0,140.0
long,372,readiness_current,120.0,0,140.0
long,372,readiness_history,120.0,0,140.0
long,372,oracle,120.0,0,140.0
long,373,fixed_6,6.0,0,140.0
long,373,fixed_12,12.0,0,140.0
long,373,fixed_24,24.0,0,140.0
long,373,fixed_48,48.0,0,140.0
long,373,threshold_reset,120.0,0,140.0
long,373,readiness_current,120.0,0,140.0
long,373,readiness_history,120.0,0,140.0
long,373,oracle,120.0,0,140.0
long,374,fixed_6,6.0,0,140.0
long,374,fixed_12,12.0,0,140.0
long,374,fixed_24,24.0,0,140.0
long,374,fixed_48,48.0,0,140.0
long,374,threshold_reset,120.0,0,140.0
long,374,readiness_current,120.0,0,140.0
long,374,readiness_history,120.0,0,140.0
long,374,oracle,120.0,0,140.0
long,375,fixed_6,6.0,0,140.0
long,375,fixed_12,12.0,0,140.0
long,375,fixed_24,24.0,0,140.0
long,375,fixed_48,48.0,0,140.0
long,375,threshold_reset,120.0,0,140.0
long,375,readiness_current,120.0,0,140.0
long,375,readiness_history,120.0,0,140.0
long,375,oracle,120.0,0,140.0
long,376,fixed_6,6.0,0,140.0
long,376,fixed_12,12.0,0,140.0
long,376,fixed_24,24.0,0,140.0
long,376,fixed_48,48.0,0,140.0
long,376,threshold_reset,120.0,0,140.0
long,376,readiness_current,120.0,0,140.0
long,376,readiness_history,120.0,0,140.0
long,376,oracle,120.0,0,140.0
long,377,fixed_6,6.0,0,140.0
long,377,fixed_12,12.0,0,140.0
long,377,fixed_24,24.0,0,140.0
long,377,fixed_48,48.0,0,140.0
long,377,threshold_reset,120.0,0,140.0
long,377,readiness_current,120.0,0,140.0
long,377,readiness_history,120.0,0,140.0
long,377,oracle,120.0,0,140.0
long,378,fixed_6,6.0,0,140.0
long,378,fixed_12,12.0,0,140.0
long,378,fixed_24,24.0,0,140.0
long,378,fixed_48,48.0,0,140.0
long,378,threshold_reset,120.0,0,140.0
long,378,readiness_current,120.0,0,140.0
long,378,readiness_history,120.0,0,140.0
long,378,oracle,120.0,0,140.0
long,379,fixed_6,6.0,0,140.0
long,379,fixed_12,12.0,0,140.0
long,379,fixed_24,24.0,0,140.0
long,379,fixed_48,48.0,0,140.0
long,379,threshold_reset,120.0,0,140.0
long,379,readiness_current,120.0,0,140.0
long,379,readiness_history,120.0,0,140.0
long,379,oracle,120.0,0,140.0
long,380,fixed_6,6.0,0,140.0
long,380,fixed_12,12.0,0,140.0
long,380,fixed_24,24.0,0,140.0
long,380,fixed_48,48.0,0,140.0
long,380,threshold_reset,120.0,0,140.0
long,380,readiness_current,120.0,0,140.0
long,380,readiness_history,120.0,0,140.0
long,380,oracle,120.0,0,140.0
long,381,fixed_6,6.0,0,140.0
long,381,fixed_12,12.0,0,140.0
long,381,fixed_24,24.0,0,140.0
long,381,fixed_48,48.0,0,140.0
long,381,threshold_reset,120.0,0,140.0
long,381,readiness_current,120.0,0,140.0
long,381,readiness_history,120.0,0,140.0
long,381,oracle,120.0,0,140.0
long,382,fixed_6,6.0,0,140.0
long,382,fixed_12,12.0,0,140.0
long,382,fixed_24,24.0,0,140.0
long,382,fixed_48,48.0,0,140.0
long,382,threshold_reset,120.0,0,140.0
long,382,readiness_current,120.0,0,140.0
long,382,readiness_history,120.0,0,140.0
long,382,oracle,120.0,0,140.0
long,383,fixed_6,6.0,0,140.0
long,383,fixed_12,12.0,0,140.0
long,383,fixed_24,24.0,0,140.0
long,383,fixed_48,48.0,0,140.0
long,383,threshold_reset,120.0,0,140.0
long,383,readiness_current,120.0,0,140.0
long,383,readiness_history,120.0,0,140.0
long,383,oracle,120.0,0,140.0
long,384,fixed_6,6.0,0,140.0
long,384,fixed_12,12.0,0,140.0
long,384,fixed_24,24.0,0,140.0
long,384,fixed_48,48.0,0,140.0
long,384,threshold_reset,120.0,0,140.0
long,384,readiness_current,120.0,0,140.0
long,384,readiness_history,120.0,0,140.0
long,384,oracle,120.0,0,140.0
long,385,fixed_6,6.0,0,140.0
long,385,fixed_12,12.0,0,140.0
long,385,fixed_24,24.0,0,140.0
long,385,fixed_48,48.0,0,140.0
long,385,threshold_reset,120.0,0,140.0
long,385,readiness_current,120.0,0,140.0
long,385,readiness_history,120.0,0,140.0
long,385,oracle,120.0,0,140.0
long,386,fixed_6,6.0,0,140.0
long,386,fixed_12,12.0,0,140.0
long,386,fixed_24,24.0,0,140.0
long,386,fixed_48,48.0,0,140.0
long,386,threshold_reset,120.0,0,140.0
long,386,readiness_current,120.0,0,140.0
long,386,readiness_history,120.0,0,140.0
long,386,oracle,120.0,0,140.0
long,387,fixed_6,6.0,0,140.0
long,387,fixed_12,12.0,0,140.0
long,387,fixed_24,24.0,0,140.0
long,387,fixed_48,48.0,0,140.0
long,387,threshold_reset,120.0,0,140.0
long,387,readiness_current,120.0,0,140.0
long,387,readiness_history,120.0,0,140.0
long,387,oracle,120.0,0,140.0
long,388,fixed_6,6.0,0,140.0
long,388,fixed_12,12.0,0,140.0
long,388,fixed_24,24.0,0,140.0
long,388,fixed_48,48.0,0,140.0
long,388,threshold_reset,120.0,0,140.0
long,388,readiness_current,120.0,0,140.0
long,388,readiness_history,120.0,0,140.0
long,388,oracle,120.0,0,140.0
long,389,fixed_6,6.0,0,140.0
long,389,fixed_12,12.0,0,140.0
long,389,fixed_24,24.0,0,140.0
long,389,fixed_48,48.0,0,140.0
long,389,threshold_reset,120.0,0,140.0
long,389,readiness_current,120.0,0,140.0
long,389,readiness_history,120.0,0,140.0
long,389,oracle,120.0,0,140.0
long,390,fixed_6,6.0,0,140.0
long,390,fixed_12,12.0,0,140.0
long,390,fixed_24,24.0,0,140.0
long,390,fixed_48,48.0,0,140.0
long,390,threshold_reset,120.0,0,140.0
long,390,readiness_current,120.0,0,140.0
long,390,readiness_history,120.0,0,140.0
long,390,oracle,120.0,0,140.0
long,391,fixed_6,6.0,0,140.0
long,391,fixed_12,12.0,0,140.0
long,391,fixed_24,24.0,0,140.0
long,391,fixed_48,48.0,0,140.0
long,391,threshold_reset,120.0,0,140.0
long,391,readiness_current,120.0,0,140.0
long,391,readiness_history,120.0,0,140.0
long,391,oracle,120.0,0,140.0
long,392,fixed_6,6.0,0,140.0
long,392,fixed_12,12.0,0,140.0
long,392,fixed_24,24.0,0,140.0
long,392,fixed_48,48.0,0,140.0
long,392,threshold_reset,120.0,0,140.0
long,392,readiness_current,120.0,0,140.0
long,392,readiness_history,120.0,0,140.0
long,392,oracle,120.0,0,140.0
long,393,fixed_6,6.0,0,140.0
long,393,fixed_12,12.0,0,140.0
long,393,fixed_24,24.0,0,140.0
long,393,fixed_48,48.0,0,140.0
long,393,threshold_reset,120.0,0,140.0
long,393,readiness_current,120.0,0,140.0
long,393,readiness_history,120.0,0,140.0
long,393,oracle,120.0,0,140.0
long,394,fixed_6,6.0,0,140.0
long,394,fixed_12,12.0,0,140.0
long,394,fixed_24,24.0,0,140.0
long,394,fixed_48,48.0,0,140.0
long,394,threshold_reset,120.0,0,140.0
long,394,readiness_current,120.0,0,140.0
long,394,readiness_history,120.0,0,140.0
long,394,oracle,120.0,0,140.0
long,395,fixed_6,6.0,0,140.0
long,395,fixed_12,12.0,0,140.0
long,395,fixed_24,24.0,0,140.0
long,395,fixed_48,48.0,0,140.0
long,395,threshold_reset,120.0,0,140.0
long,395,readiness_current,120.0,0,140.0
long,395,readiness_history,120.0,0,140.0
long,395,oracle,120.0,0,140.0
long,396,fixed_6,6.0,0,140.0
long,396,fixed_12,12.0,0,140.0
long,396,fixed_24,24.0,0,140.0
long,396,fixed_48,48.0,0,140.0
long,396,threshold_reset,120.0,0,140.0
long,396,readiness_current,120.0,0,140.0
long,396,readiness_history,120.0,0,140.0
long,396,oracle,120.0,0,140.0
long,397,fixed_6,6.0,0,140.0
long,397,fixed_12,12.0,0,140.0
long,397,fixed_24,24.0,0,140.0
long,397,fixed_48,48.0,0,140.0
long,397,threshold_reset,120.0,0,140.0
long,397,readiness_current,120.0,0,140.0
long,397,readiness_history,120.0,0,140.0
long,397,oracle,120.0,0,140.0
long,398,fixed_6,6.0,0,140.0
long,398,fixed_12,12.0,0,140.0
long,398,fixed_24,24.0,0,140.0
long,398,fixed_48,48.0,0,140.0
long,398,threshold_reset,120.0,0,140.0
long,398,readiness_current,120.0,0,140.0
long,398,readiness_history,120.0,0,140.0
long,398,oracle,120.0,0,140.0
long,399,fixed_6,6.0,0,140.0
long,399,fixed_12,12.0,0,140.0
long,399,fixed_24,24.0,0,140.0
long,399,fixed_48,48.0,0,140.0
long,399,threshold_reset,120.0,0,140.0
long,399,readiness_current,120.0,0,140.0
long,399,readiness_history,120.0,0,140.0
long,399,oracle,120.0,0,140.0
long,400,fixed_6,6.0,0,140.0
long,400,fixed_12,12.0,0,140.0
long,400,fixed_24,24.0,0,140.0
long,400,fixed_48,48.0,0,140.0
long,400,threshold_reset,120.0,0,140.0
long,400,readiness_current,120.0,0,140.0
long,400,readiness_history,120.0,0,140.0
long,400,oracle,120.0,0,140.0
long,401,fixed_6,6.0,0,140.0
long,401,fixed_12,12.0,0,140.0
long,401,fixed_24,24.0,0,140.0
long,401,fixed_48,48.0,0,140.0
long,401,threshold_reset,120.0,0,140.0
long,401,readiness_current,120.0,0,140.0
long,401,readiness_history,120.0,0,140.0
long,401,oracle,120.0,0,140.0
long,402,fixed_6,6.0,0,140.0
long,402,fixed_12,12.0,0,140.0
long,402,fixed_24,24.0,0,140.0
long,402,fixed_48,48.0,0,140.0
long,402,threshold_reset,120.0,0,140.0
long,402,readiness_current,120.0,0,140.0
long,402,readiness_history,120.0,0,140.0
long,402,oracle,120.0,0,140.0
long,403,fixed_6,6.0,0,140.0
long,403,fixed_12,12.0,0,140.0
long,403,fixed_24,24.0,0,140.0
long,403,fixed_48,48.0,0,140.0
long,403,threshold_reset,120.0,0,140.0
long,403,readiness_current,120.0,0,140.0
long,403,readiness_history,120.0,0,140.0
long,403,oracle,120.0,0,140.0
long,404,fixed_6,6.0,0,140.0
long,404,fixed_12,12.0,0,140.0
long,404,fixed_24,24.0,0,140.0
long,404,fixed_48,48.0,0,140.0
long,404,threshold_reset,120.0,0,140.0
long,404,readiness_current,120.0,0,140.0
long,404,readiness_history,120.0,0,140.0
long,404,oracle,120.0,0,140.0
long,405,fixed_6,6.0,0,140.0
long,405,fixed_12,12.0,0,140.0
long,405,fixed_24,24.0,0,140.0
long,405,fixed_48,48.0,0,140.0
long,405,threshold_reset,120.0,0,140.0
long,405,readiness_current,120.0,0,140.0
long,405,readiness_history,120.0,0,140.0
long,405,oracle,120.0,0,140.0
long,406,fixed_6,6.0,0,140.0
long,406,fixed_12,12.0,0,140.0
long,406,fixed_24,24.0,0,140.0
long,406,fixed_48,48.0,0,140.0
long,406,threshold_reset,120.0,0,140.0
long,406,readiness_current,120.0,0,140.0
long,406,readiness_history,120.0,0,140.0
long,406,oracle,120.0,0,140.0
long,407,fixed_6,6.0,0,140.0
long,407,fixed_12,12.0,0,140.0
long,407,fixed_24,24.0,0,140.0
long,407,fixed_48,48.0,0,140.0
long,407,threshold_reset,120.0,0,140.0
long,407,readiness_current,120.0,0,140.0
long,407,readiness_history,120.0,0,140.0
long,407,oracle,120.0,0,140.0
long,408,fixed_6,6.0,0,140.0
long,408,fixed_12,12.0,0,140.0
long,408,fixed_24,24.0,0,140.0
long,408,fixed_48,48.0,0,140.0
long,408,threshold_reset,120.0,0,140.0
long,408,readiness_current,120.0,0,140.0
long,408,readiness_history,120.0,0,140.0
long,408,oracle,120.0,0,140.0
long,409,fixed_6,6.0,0,140.0
long,409,fixed_12,12.0,0,140.0
long,409,fixed_24,24.0,0,140.0
long,409,fixed_48,48.0,0,140.0
long,409,threshold_reset,120.0,0,140.0
long,409,readiness_current,120.0,0,140.0
long,409,readiness_history,120.0,0,140.0
long,409,oracle,120.0,0,140.0
long,410,fixed_6,6.0,0,140.0
long,410,fixed_12,12.0,0,140.0
long,410,fixed_24,24.0,0,140.0
long,410,fixed_48,48.0,0,140.0
long,410,threshold_reset,120.0,0,140.0
long,410,readiness_current,120.0,0,140.0
long,410,readiness_history,120.0,0,140.0
long,410,oracle,120.0,0,140.0
long,411,fixed_6,6.0,0,140.0
long,411,fixed_12,12.0,0,140.0
long,411,fixed_24,24.0,0,140.0
long,411,fixed_48,48.0,0,140.0
long,411,threshold_reset,120.0,0,140.0
long,411,readiness_current,120.0,0,140.0
long,411,readiness_history,120.0,0,140.0
long,411,oracle,120.0,0,140.0
long,412,fixed_6,6.0,0,140.0
long,412,fixed_12,12.0,0,140.0
long,412,fixed_24,24.0,0,140.0
long,412,fixed_48,48.0,0,140.0
long,412,threshold_reset,120.0,0,140.0
long,412,readiness_current,120.0,0,140.0
long,412,readiness_history,120.0,0,140.0
long,412,oracle,120.0,0,140.0
long,413,fixed_6,6.0,0,140.0
long,413,fixed_12,12.0,0,140.0
long,413,fixed_24,24.0,0,140.0
long,413,fixed_48,48.0,0,140.0
long,413,threshold_reset,120.0,0,140.0
long,413,readiness_current,120.0,0,140.0
long,413,readiness_history,120.0,0,140.0
long,413,oracle,120.0,0,140.0
long,414,fixed_6,6.0,0,140.0
long,414,fixed_12,12.0,0,140.0
long,414,fixed_24,24.0,0,140.0
long,414,fixed_48,48.0,0,140.0
long,414,threshold_reset,120.0,0,140.0
long,414,readiness_current,120.0,0,140.0
long,414,readiness_history,120.0,0,140.0
long,414,oracle,120.0,0,140.0
long,415,fixed_6,6.0,0,140.0
long,415,fixed_12,12.0,0,140.0
long,415,fixed_24,24.0,0,140.0
long,415,fixed_48,48.0,0,140.0
long,415,threshold_reset,120.0,0,140.0
long,415,readiness_current,120.0,0,140.0
long,415,readiness_history,120.0,0,140.0
long,415,oracle,120.0,0,140.0
long,416,fixed_6,6.0,0,140.0
long,416,fixed_12,12.0,0,140.0
long,416,fixed_24,24.0,0,140.0
long,416,fixed_48,48.0,0,140.0
long,416,threshold_reset,120.0,0,140.0
long,416,readiness_current,120.0,0,140.0
long,416,readiness_history,120.0,0,140.0
long,416,oracle,120.0,0,140.0
long,417,fixed_6,6.0,0,140.0
long,417,fixed_12,12.0,0,140.0
long,417,fixed_24,24.0,0,140.0
long,417,fixed_48,48.0,0,140.0
long,417,threshold_reset,120.0,0,140.0
long,417,readiness_current,120.0,0,140.0
long,417,readiness_history,120.0,0,140.0
long,417,oracle,120.0,0,140.0
long,418,fixed_6,6.0,0,140.0
long,418,fixed_12,12.0,0,140.0
long,418,fixed_24,24.0,0,140.0
long,418,fixed_48,48.0,0,140.0
long,418,threshold_reset,120.0,0,140.0
long,418,readiness_current,120.0,0,140.0
long,418,readiness_history,120.0,0,140.0
long,418,oracle,120.0,0,140.0
long,419,fixed_6,6.0,0,140.0
long,419,fixed_12,12.0,0,140.0
long,419,fixed_24,24.0,0,140.0
long,419,fixed_48,48.0,0,140.0
long,419,threshold_reset,120.0,0,140.0
long,419,readiness_current,120.0,0,140.0
long,419,readiness_history,120.0,0,140.0
long,419,oracle,120.0,0,140.0
long,420,fixed_6,6.0,0,140.0
long,420,fixed_12,12.0,0,140.0
long,420,fixed_24,24.0,0,140.0
long,420,fixed_48,48.0,0,140.0
long,420,threshold_reset,120.0,0,140.0
long,420,readiness_current,120.0,0,140.0
long,420,readiness_history,120.0,0,140.0
long,420,oracle,120.0,0,140.0
long,421,fixed_6,6.0,0,140.0
long,421,fixed_12,12.0,0,140.0
long,421,fixed_24,24.0,0,140.0
long,421,fixed_48,48.0,0,140.0
long,421,threshold_reset,120.0,0,140.0
long,421,readiness_current,120.0,0,140.0
long,421,readiness_history,120.0,0,140.0
long,421,oracle,120.0,0,140.0
long,422,fixed_6,6.0,0,140.0
long,422,fixed_12,12.0,0,140.0
long,422,fixed_24,24.0,0,140.0
long,422,fixed_48,48.0,0,140.0
long,422,threshold_reset,120.0,0,140.0
long,422,readiness_current,120.0,0,140.0
long,422,readiness_history,120.0,0,140.0
long,422,oracle,120.0,0,140.0
long,423,fixed_6,6.0,0,140.0
long,423,fixed_12,12.0,0,140.0
long,423,fixed_24,24.0,0,140.0
long,423,fixed_48,48.0,0,140.0
long,423,threshold_reset,120.0,0,140.0
long,423,readiness_current,120.0,0,140.0
long,423,readiness_history,120.0,0,140.0
long,423,oracle,120.0,0,140.0
long,424,fixed_6,6.0,0,140.0
long,424,fixed_12,12.0,0,140.0
long,424,fixed_24,24.0,0,140.0
long,424,fixed_48,48.0,0,140.0
long,424,threshold_reset,120.0,0,140.0
long,424,readiness_current,120.0,0,140.0
long,424,readiness_history,120.0,0,140.0
long,424,oracle,120.0,0,140.0
long,425,fixed_6,6.0,0,140.0
long,425,fixed_12,12.0,0,140.0
long,425,fixed_24,24.0,0,140.0
long,425,fixed_48,48.0,0,140.0
long,425,threshold_reset,120.0,0,140.0
long,425,readiness_current,120.0,0,140.0
long,425,readiness_history,120.0,0,140.0
long,425,oracle,120.0,0,140.0
long,426,fixed_6,6.0,0,140.0
long,426,fixed_12,12.0,0,140.0
long,426,fixed_24,24.0,0,140.0
long,426,fixed_48,48.0,0,140.0
long,426,threshold_reset,120.0,0,140.0
long,426,readiness_current,120.0,0,140.0
long,426,readiness_history,120.0,0,140.0
long,426,oracle,120.0,0,140.0
long,427,fixed_6,6.0,0,140.0
long,427,fixed_12,12.0,0,140.0
long,427,fixed_24,24.0,0,140.0
long,427,fixed_48,48.0,0,140.0
long,427,threshold_reset,120.0,0,140.0
long,427,readiness_current,120.0,0,140.0
long,427,readiness_history,120.0,0,140.0
long,427,oracle,120.0,0,140.0
long,428,fixed_6,6.0,0,140.0
long,428,fixed_12,12.0,0,140.0
long,428,fixed_24,24.0,0,140.0
long,428,fixed_48,48.0,0,140.0
long,428,threshold_reset,120.0,0,140.0
long,428,readiness_current,120.0,0,140.0
long,428,readiness_history,120.0,0,140.0
long,428,oracle,120.0,0,140.0
long,429,fixed_6,6.0,0,140.0
long,429,fixed_12,12.0,0,140.0
long,429,fixed_24,24.0,0,140.0
long,429,fixed_48,48.0,0,140.0
long,429,threshold_reset,120.0,0,140.0
long,429,readiness_current,120.0,0,140.0
long,429,readiness_history,120.0,0,140.0
long,429,oracle,120.0,0,140.0
long,430,fixed_6,6.0,0,140.0
long,430,fixed_12,12.0,0,140.0
long,430,fixed_24,24.0,0,140.0
long,430,fixed_48,48.0,0,140.0
long,430,threshold_reset,120.0,0,140.0
long,430,readiness_current,120.0,0,140.0
long,430,readiness_history,120.0,0,140.0
long,430,oracle,120.0,0,140.0
long,431,fixed_6,6.0,0,140.0
long,431,fixed_12,12.0,0,140.0
long,431,fixed_24,24.0,0,140.0
long,431,fixed_48,48.0,0,140.0
long,431,threshold_reset,120.0,0,140.0
long,431,readiness_current,120.0,0,140.0
long,431,readiness_history,120.0,0,140.0
long,431,oracle,120.0,0,140.0
long,432,fixed_6,6.0,0,140.0
long,432,fixed_12,12.0,0,140.0
long,432,fixed_24,24.0,0,140.0
long,432,fixed_48,48.0,0,140.0
long,432,threshold_reset,120.0,0,140.0
long,432,readiness_current,120.0,0,140.0
long,432,readiness_history,120.0,0,140.0
long,432,oracle,120.0,0,140.0
long,433,fixed_6,6.0,0,140.0
long,433,fixed_12,12.0,0,140.0
long,433,fixed_24,24.0,0,140.0
long,433,fixed_48,48.0,0,140.0
long,433,threshold_reset,120.0,0,140.0
long,433,readiness_current,120.0,0,140.0
long,433,readiness_history,120.0,0,140.0
long,433,oracle,120.0,0,140.0
long,434,fixed_6,6.0,0,140.0
long,434,fixed_12,12.0,0,140.0
long,434,fixed_24,24.0,0,140.0
long,434,fixed_48,48.0,0,140.0
long,434,threshold_reset,120.0,0,140.0
long,434,readiness_current,120.0,0,140.0
long,434,readiness_history,120.0,0,140.0
long,434,oracle,120.0,0,140.0
long,435,fixed_6,6.0,0,140.0
long,435,fixed_12,12.0,0,140.0
long,435,fixed_24,24.0,0,140.0
long,435,fixed_48,48.0,0,140.0
long,435,threshold_reset,120.0,0,140.0
long,435,readiness_current,120.0,0,140.0
long,435,readiness_history,120.0,0,140.0
long,435,oracle,120.0,0,140.0
long,436,fixed_6,6.0,0,140.0
long,436,fixed_12,12.0,0,140.0
long,436,fixed_24,24.0,0,140.0
long,436,fixed_48,48.0,0,140.0
long,436,threshold_reset,120.0,0,140.0
long,436,readiness_current,120.0,0,140.0
long,436,readiness_history,120.0,0,140.0
long,436,oracle,120.0,0,140.0
long,437,fixed_6,6.0,0,140.0
long,437,fixed_12,12.0,0,140.0
long,437,fixed_24,24.0,0,140.0
long,437,fixed_48,48.0,0,140.0
long,437,threshold_reset,120.0,0,140.0
long,437,readiness_current,120.0,0,140.0
long,437,readiness_history,120.0,0,140.0
long,437,oracle,120.0,0,140.0
long,438,fixed_6,6.0,0,140.0
long,438,fixed_12,12.0,0,140.0
long,438,fixed_24,24.0,0,140.0
long,438,fixed_48,48.0,0,140.0
long,438,threshold_reset,120.0,0,140.0
long,438,readiness_current,120.0,0,140.0
long,438,readiness_history,120.0,0,140.0
long,438,oracle,120.0,0,140.0
long,439,fixed_6,6.0,0,140.0
long,439,fixed_12,12.0,0,140.0
long,439,fixed_24,24.0,0,140.0
long,439,fixed_48,48.0,0,140.0
long,439,threshold_reset,120.0,0,140.0
long,439,readiness_current,120.0,0,140.0
long,439,readiness_history,120.0,0,140.0
long,439,oracle,120.0,0,140.0
long,440,fixed_6,6.0,0,140.0
long,440,fixed_12,12.0,0,140.0
long,440,fixed_24,24.0,0,140.0
long,440,fixed_48,48.0,0,140.0
long,440,threshold_reset,120.0,0,140.0
long,440,readiness_current,120.0,0,140.0
long,440,readiness_history,120.0,0,140.0
long,440,oracle,120.0,0,140.0
long,441,fixed_6,6.0,0,140.0
long,441,fixed_12,12.0,0,140.0
long,441,fixed_24,24.0,0,140.0
long,441,fixed_48,48.0,0,140.0
long,441,threshold_reset,120.0,0,140.0
long,441,readiness_current,120.0,0,140.0
long,441,readiness_history,120.0,0,140.0
long,441,oracle,120.0,0,140.0
long,442,fixed_6,6.0,0,140.0
long,442,fixed_12,12.0,0,140.0
long,442,fixed_24,24.0,0,140.0
long,442,fixed_48,48.0,0,140.0
long,442,threshold_reset,120.0,0,140.0
long,442,readiness_current,120.0,0,140.0
long,442,readiness_history,120.0,0,140.0
long,442,oracle,120.0,0,140.0
long,443,fixed_6,6.0,0,140.0
long,443,fixed_12,12.0,0,140.0
long,443,fixed_24,24.0,0,140.0
long,443,fixed_48,48.0,0,140.0
long,443,threshold_reset,120.0,0,140.0
long,443,readiness_current,120.0,0,140.0
long,443,readiness_history,120.0,0,140.0
long,443,oracle,120.0,0,140.0
long,444,fixed_6,6.0,0,140.0
long,444,fixed_12,12.0,0,140.0
long,444,fixed_24,24.0,0,140.0
long,444,fixed_48,48.0,0,140.0
long,444,threshold_reset,120.0,0,140.0
long,444,readiness_current,120.0,0,140.0
long,444,readiness_history,120.0,0,140.0
long,444,oracle,120.0,0,140.0
long,445,fixed_6,6.0,0,140.0
long,445,fixed_12,12.0,0,140.0
long,445,fixed_24,24.0,0,140.0
long,445,fixed_48,48.0,0,140.0
long,445,threshold_reset,120.0,0,140.0
long,445,readiness_current,120.0,0,140.0
long,445,readiness_history,120.0,0,140.0
long,445,oracle,120.0,0,140.0
long,446,fixed_6,6.0,0,140.0
long,446,fixed_12,12.0,0,140.0
long,446,fixed_24,24.0,0,140.0
long,446,fixed_48,48.0,0,140.0
long,446,threshold_reset,120.0,0,140.0
long,446,readiness_current,120.0,0,140.0
long,446,readiness_history,120.0,0,140.0
long,446,oracle,120.0,0,140.0
long,447,fixed_6,6.0,0,140.0
long,447,fixed_12,12.0,0,140.0
long,447,fixed_24,24.0,0,140.0
long,447,fixed_48,48.0,0,140.0
long,447,threshold_reset,120.0,0,140.0
long,447,readiness_current,120.0,0,140.0
long,447,readiness_history,120.0,0,140.0
long,447,oracle,120.0,0,140.0
long,448,fixed_6,6.0,0,140.0
long,448,fixed_12,12.0,0,140.0
long,448,fixed_24,24.0,0,140.0
long,448,fixed_48,48.0,0,140.0
long,448,threshold_reset,120.0,0,140.0
long,448,readiness_current,120.0,0,140.0
long,448,readiness_history,120.0,0,140.0
long,448,oracle,120.0,0,140.0
long,449,fixed_6,6.0,0,140.0
long,449,fixed_12,12.0,0,140.0
long,449,fixed_24,24.0,0,140.0
long,449,fixed_48,48.0,0,140.0
long,449,threshold_reset,120.0,0,140.0
long,449,readiness_current,120.0,0,140.0
long,449,readiness_history,120.0,0,140.0
long,449,oracle,120.0,0,140.0
long,450,fixed_6,6.0,0,140.0
long,450,fixed_12,12.0,0,140.0
long,450,fixed_24,24.0,0,140.0
long,450,fixed_48,48.0,0,140.0
long,450,threshold_reset,120.0,0,140.0
long,450,readiness_current,120.0,0,140.0
long,450,readiness_history,120.0,0,140.0
long,450,oracle,120.0,0,140.0
long,451,fixed_6,6.0,0,140.0
long,451,fixed_12,12.0,0,140.0
long,451,fixed_24,24.0,0,140.0
long,451,fixed_48,48.0,0,140.0
long,451,threshold_reset,120.0,0,140.0
long,451,readiness_current,120.0,0,140.0
long,451,readiness_history,120.0,0,140.0
long,451,oracle,120.0,0,140.0
long,452,fixed_6,6.0,0,140.0
long,452,fixed_12,12.0,0,140.0
long,452,fixed_24,24.0,0,140.0
long,452,fixed_48,48.0,0,140.0
long,452,threshold_reset,120.0,0,140.0
long,452,readiness_current,120.0,0,140.0
long,452,readiness_history,120.0,0,140.0
long,452,oracle,120.0,0,140.0
long,453,fixed_6,6.0,0,140.0
long,453,fixed_12,12.0,0,140.0
long,453,fixed_24,24.0,0,140.0
long,453,fixed_48,48.0,0,140.0
long,453,threshold_reset,120.0,0,140.0
long,453,readiness_current,120.0,0,140.0
long,453,readiness_history,120.0,0,140.0
long,453,oracle,120.0,0,140.0
long,454,fixed_6,6.0,0,140.0
long,454,fixed_12,12.0,0,140.0
long,454,fixed_24,24.0,0,140.0
long,454,fixed_48,48.0,0,140.0
long,454,threshold_reset,120.0,0,140.0
long,454,readiness_current,120.0,0,140.0
long,454,readiness_history,120.0,0,140.0
long,454,oracle,120.0,0,140.0
long,455,fixed_6,6.0,0,140.0
long,455,fixed_12,12.0,0,140.0
long,455,fixed_24,24.0,0,140.0
long,455,fixed_48,48.0,0,140.0
long,455,threshold_reset,120.0,0,140.0
long,455,readiness_current,120.0,0,140.0
long,455,readiness_history,120.0,0,140.0
long,455,oracle,120.0,0,140.0
long,456,fixed_6,6.0,0,140.0
long,456,fixed_12,12.0,0,140.0
long,456,fixed_24,24.0,0,140.0
long,456,fixed_48,48.0,0,140.0
long,456,threshold_reset,120.0,0,140.0
long,456,readiness_current,120.0,0,140.0
long,456,readiness_history,120.0,0,140.0
long,456,oracle,120.0,0,140.0
long,457,fixed_6,6.0,0,140.0
long,457,fixed_12,12.0,0,140.0
long,457,fixed_24,24.0,0,140.0
long,457,fixed_48,48.0,0,140.0
long,457,threshold_reset,120.0,0,140.0
long,457,readiness_current,120.0,0,140.0
long,457,readiness_history,120.0,0,140.0
long,457,oracle,120.0,0,140.0
long,458,fixed_6,6.0,0,140.0
long,458,fixed_12,12.0,0,140.0
long,458,fixed_24,24.0,0,140.0
long,458,fixed_48,48.0,0,140.0
long,458,threshold_reset,120.0,0,140.0
long,458,readiness_current,120.0,0,140.0
long,458,readiness_history,120.0,0,140.0
long,458,oracle,120.0,0,140.0
long,459,fixed_6,6.0,0,140.0
long,459,fixed_12,12.0,0,140.0
long,459,fixed_24,24.0,0,140.0
long,459,fixed_48,48.0,0,140.0
long,459,threshold_reset,120.0,0,140.0
long,459,readiness_current,120.0,0,140.0
long,459,readiness_history,120.0,0,140.0
long,459,oracle,120.0,0,140.0
long,460,fixed_6,6.0,0,140.0
long,460,fixed_12,12.0,0,140.0
long,460,fixed_24,24.0,0,140.0
long,460,fixed_48,48.0,0,140.0
long,460,threshold_reset,120.0,0,140.0
long,460,readiness_current,120.0,0,140.0
long,460,readiness_history,120.0,0,140.0
long,460,oracle,120.0,0,140.0
long,461,fixed_6,6.0,0,140.0
long,461,fixed_12,12.0,0,140.0
long,461,fixed_24,24.0,0,140.0
long,461,fixed_48,48.0,0,140.0
long,461,threshold_reset,120.0,0,140.0
long,461,readiness_current,120.0,0,140.0
long,461,readiness_history,120.0,0,140.0
long,461,oracle,120.0,0,140.0
long,462,fixed_6,6.0,0,140.0
long,462,fixed_12,12.0,0,140.0
long,462,fixed_24,24.0,0,140.0
long,462,fixed_48,48.0,0,140.0
long,462,threshold_reset,120.0,0,140.0
long,462,readiness_current,120.0,0,140.0
long,462,readiness_history,120.0,0,140.0
long,462,oracle,120.0,0,140.0
long,463,fixed_6,6.0,0,140.0
long,463,fixed_12,12.0,0,140.0
long,463,fixed_24,24.0,0,140.0
long,463,fixed_48,48.0,0,140.0
long,463,threshold_reset,120.0,0,140.0
long,463,readiness_current,120.0,0,140.0
long,463,readiness_history,120.0,0,140.0
long,463,oracle,120.0,0,140.0
long,464,fixed_6,6.0,0,140.0
long,464,fixed_12,12.0,0,140.0
long,464,fixed_24,24.0,0,140.0
long,464,fixed_48,48.0,0,140.0
long,464,threshold_reset,120.0,0,140.0
long,464,readiness_current,120.0,0,140.0
long,464,readiness_history,120.0,0,140.0
long,464,oracle,120.0,0,140.0
long,465,fixed_6,6.0,0,140.0
long,465,fixed_12,12.0,0,140.0
long,465,fixed_24,24.0,0,140.0
long,465,fixed_48,48.0,0,140.0
long,465,threshold_reset,120.0,0,140.0
long,465,readiness_current,120.0,0,140.0
long,465,readiness_history,120.0,0,140.0
long,465,oracle,120.0,0,140.0
long,466,fixed_6,6.0,0,140.0
long,466,fixed_12,12.0,0,140.0
long,466,fixed_24,24.0,0,140.0
long,466,fixed_48,48.0,0,140.0
long,466,threshold_reset,120.0,0,140.0
long,466,readiness_current,120.0,0,140.0
long,466,readiness_history,120.0,0,140.0
long,466,oracle,120.0,0,140.0
long,467,fixed_6,6.0,0,140.0
long,467,fixed_12,12.0,0,140.0
long,467,fixed_24,24.0,0,140.0
long,467,fixed_48,48.0,0,140.0
long,467,threshold_reset,120.0,0,140.0
long,467,readiness_current,120.0,0,140.0
long,467,readiness_history,120.0,0,140.0
long,467,oracle,120.0,0,140.0
long,468,fixed_6,6.0,0,140.0
long,468,fixed_12,12.0,0,140.0
long,468,fixed_24,24.0,0,140.0
long,468,fixed_48,48.0,0,140.0
long,468,threshold_reset,120.0,0,140.0
long,468,readiness_current,120.0,0,140.0
long,468,readiness_history,120.0,0,140.0
long,468,oracle,120.0,0,140.0
long,469,fixed_6,6.0,0,140.0
long,469,fixed_12,12.0,0,140.0
long,469,fixed_24,24.0,0,140.0
long,469,fixed_48,48.0,0,140.0
long,469,threshold_reset,120.0,0,140.0
long,469,readiness_current,120.0,0,140.0
long,469,readiness_history,120.0,0,140.0
long,469,oracle,120.0,0,140.0
long,470,fixed_6,6.0,0,140.0
long,470,fixed_12,12.0,0,140.0
long,470,fixed_24,24.0,0,140.0
long,470,fixed_48,48.0,0,140.0
long,470,threshold_reset,120.0,0,140.0
long,470,readiness_current,120.0,0,140.0
long,470,readiness_history,120.0,0,140.0
long,470,oracle,120.0,0,140.0
long,471,fixed_6,6.0,0,140.0
long,471,fixed_12,12.0,0,140.0
long,471,fixed_24,24.0,0,140.0
long,471,fixed_48,48.0,0,140.0
long,471,threshold_reset,120.0,0,140.0
long,471,readiness_current,120.0,0,140.0
long,471,readiness_history,120.0,0,140.0
long,471,oracle,120.0,0,140.0
long,472,fixed_6,6.0,0,140.0
long,472,fixed_12,12.0,0,140.0
long,472,fixed_24,24.0,0,140.0
long,472,fixed_48,48.0,0,140.0
long,472,threshold_reset,120.0,0,140.0
long,472,readiness_current,120.0,0,140.0
long,472,readiness_history,120.0,0,140.0
long,472,oracle,120.0,0,140.0
long,473,fixed_6,6.0,0,140.0
long,473,fixed_12,12.0,0,140.0
long,473,fixed_24,24.0,0,140.0
long,473,fixed_48,48.0,0,140.0
long,473,threshold_reset,120.0,0,140.0
long,473,readiness_current,120.0,0,140.0
long,473,readiness_history,120.0,0,140.0
long,473,oracle,120.0,0,140.0
long,474,fixed_6,6.0,0,140.0
long,474,fixed_12,12.0,0,140.0
long,474,fixed_24,24.0,0,140.0
long,474,fixed_48,48.0,0,140.0
long,474,threshold_reset,120.0,0,140.0
long,474,readiness_current,120.0,0,140.0
long,474,readiness_history,120.0,0,140.0
long,474,oracle,120.0,0,140.0
long,475,fixed_6,6.0,0,140.0
long,475,fixed_12,12.0,0,140.0
long,475,fixed_24,24.0,0,140.0
long,475,fixed_48,48.0,0,140.0
long,475,threshold_reset,120.0,0,140.0
long,475,readiness_current,120.0,0,140.0
long,475,readiness_history,120.0,0,140.0
long,475,oracle,120.0,0,140.0
long,476,fixed_6,6.0,0,140.0
long,476,fixed_12,12.0,0,140.0
long,476,fixed_24,24.0,0,140.0
long,476,fixed_48,48.0,0,140.0
long,476,threshold_reset,120.0,0,140.0
long,476,readiness_current,120.0,0,140.0
long,476,readiness_history,120.0,0,140.0
long,476,oracle,120.0,0,140.0
long,477,fixed_6,6.0,0,140.0
long,477,fixed_12,12.0,0,140.0
long,477,fixed_24,24.0,0,140.0
long,477,fixed_48,48.0,0,140.0
long,477,threshold_reset,120.0,0,140.0
long,477,readiness_current,120.0,0,140.0
long,477,readiness_history,120.0,0,140.0
long,477,oracle,120.0,0,140.0
long,478,fixed_6,6.0,0,140.0
long,478,fixed_12,12.0,0,140.0
long,478,fixed_24,24.0,0,140.0
long,478,fixed_48,48.0,0,140.0
long,478,threshold_reset,120.0,0,140.0
long,478,readiness_current,120.0,0,140.0
long,478,readiness_history,120.0,0,140.0
long,478,oracle,120.0,0,140.0
long,479,fixed_6,6.0,0,140.0
long,479,fixed_12,12.0,0,140.0
long,479,fixed_24,24.0,0,140.0
long,479,fixed_48,48.0,0,140.0
long,479,threshold_reset,120.0,0,140.0
long,479,readiness_current,120.0,0,140.0
long,479,readiness_history,120.0,0,140.0
long,479,oracle,120.0,0,140.0
long,480,fixed_6,6.0,0,140.0
long,480,fixed_12,12.0,0,140.0
long,480,fixed_24,24.0,0,140.0
long,480,fixed_48,48.0,0,140.0
long,480,threshold_reset,120.0,0,140.0
long,480,readiness_current,120.0,0,140.0
long,480,readiness_history,120.0,0,140.0
long,480,oracle,120.0,0,140.0
long,481,fixed_6,6.0,0,140.0
long,481,fixed_12,12.0,0,140.0
long,481,fixed_24,24.0,0,140.0
long,481,fixed_48,48.0,0,140.0
long,481,threshold_reset,120.0,0,140.0
long,481,readiness_current,120.0,0,140.0
long,481,readiness_history,120.0,0,140.0
long,481,oracle,120.0,0,140.0
long,482,fixed_6,6.0,0,140.0
long,482,fixed_12,12.0,0,140.0
long,482,fixed_24,24.0,0,140.0
long,482,fixed_48,48.0,0,140.0
long,482,threshold_reset,120.0,0,140.0
long,482,readiness_current,120.0,0,140.0
long,482,readiness_history,120.0,0,140.0
long,482,oracle,120.0,0,140.0
long,483,fixed_6,6.0,0,140.0
long,483,fixed_12,12.0,0,140.0
long,483,fixed_24,24.0,0,140.0
long,483,fixed_48,48.0,0,140.0
long,483,threshold_reset,120.0,0,140.0
long,483,readiness_current,120.0,0,140.0
long,483,readiness_history,120.0,0,140.0
long,483,oracle,120.0,0,140.0
long,484,fixed_6,6.0,0,140.0
long,484,fixed_12,12.0,0,140.0
long,484,fixed_24,24.0,0,140.0
long,484,fixed_48,48.0,0,140.0
long,484,threshold_reset,120.0,0,140.0
long,484,readiness_current,120.0,0,140.0
long,484,readiness_history,120.0,0,140.0
long,484,oracle,120.0,0,140.0
long,485,fixed_6,6.0,0,140.0
long,485,fixed_12,12.0,0,140.0
long,485,fixed_24,24.0,0,140.0
long,485,fixed_48,48.0,0,140.0
long,485,threshold_reset,120.0,0,140.0
long,485,readiness_current,120.0,0,140.0
long,485,readiness_history,120.0,0,140.0
long,485,oracle,120.0,0,140.0
long,486,fixed_6,6.0,0,140.0
long,486,fixed_12,12.0,0,140.0
long,486,fixed_24,24.0,0,140.0
long,486,fixed_48,48.0,0,140.0
long,486,threshold_reset,120.0,0,140.0
long,486,readiness_current,120.0,0,140.0
long,486,readiness_history,120.0,0,140.0
long,486,oracle,120.0,0,140.0
long,487,fixed_6,6.0,0,140.0
long,487,fixed_12,12.0,0,140.0
long,487,fixed_24,24.0,0,140.0
long,487,fixed_48,48.0,0,140.0
long,487,threshold_reset,120.0,0,140.0
long,487,readiness_current,120.0,0,140.0
long,487,readiness_history,120.0,0,140.0
long,487,oracle,120.0,0,140.0
long,488,fixed_6,6.0,0,140.0
long,488,fixed_12,12.0,0,140.0
long,488,fixed_24,24.0,0,140.0
long,488,fixed_48,48.0,0,140.0
long,488,threshold_reset,120.0,0,140.0
long,488,readiness_current,120.0,0,140.0
long,488,readiness_history,120.0,0,140.0
long,488,oracle,120.0,0,140.0
long,489,fixed_6,6.0,0,140.0
long,489,fixed_12,12.0,0,140.0
long,489,fixed_24,24.0,0,140.0
long,489,fixed_48,48.0,0,140.0
long,489,threshold_reset,120.0,0,140.0
long,489,readiness_current,120.0,0,140.0
long,489,readiness_history,120.0,0,140.0
long,489,oracle,120.0,0,140.0
long,490,fixed_6,6.0,0,140.0
long,490,fixed_12,12.0,0,140.0
long,490,fixed_24,24.0,0,140.0
long,490,fixed_48,48.0,0,140.0
long,490,threshold_reset,120.0,0,140.0
long,490,readiness_current,120.0,0,140.0
long,490,readiness_history,120.0,0,140.0
long,490,oracle,120.0,0,140.0
long,491,fixed_6,6.0,0,140.0
long,491,fixed_12,12.0,0,140.0
long,491,fixed_24,24.0,0,140.0
long,491,fixed_48,48.0,0,140.0
long,491,threshold_reset,120.0,0,140.0
long,491,readiness_current,120.0,0,140.0
long,491,readiness_history,120.0,0,140.0
long,491,oracle,120.0,0,140.0
long,492,fixed_6,6.0,0,140.0
long,492,fixed_12,12.0,0,140.0
long,492,fixed_24,24.0,0,140.0
long,492,fixed_48,48.0,0,140.0
long,492,threshold_reset,120.0,0,140.0
long,492,readiness_current,120.0,0,140.0
long,492,readiness_history,120.0,0,140.0
long,492,oracle,120.0,0,140.0
long,493,fixed_6,6.0,0,140.0
long,493,fixed_12,12.0,0,140.0
long,493,fixed_24,24.0,0,140.0
long,493,fixed_48,48.0,0,140.0
long,493,threshold_reset,120.0,0,140.0
long,493,readiness_current,120.0,0,140.0
long,493,readiness_history,120.0,0,140.0
long,493,oracle,120.0,0,140.0
long,494,fixed_6,6.0,0,140.0
long,494,fixed_12,12.0,0,140.0
long,494,fixed_24,24.0,0,140.0
long,494,fixed_48,48.0,0,140.0
long,494,threshold_reset,120.0,0,140.0
long,494,readiness_current,120.0,0,140.0
long,494,readiness_history,120.0,0,140.0
long,494,oracle,120.0,0,140.0
long,495,fixed_6,6.0,0,140.0
long,495,fixed_12,12.0,0,140.0
long,495,fixed_24,24.0,0,140.0
long,495,fixed_48,48.0,0,140.0
long,495,threshold_reset,120.0,0,140.0
long,495,readiness_current,120.0,0,140.0
long,495,readiness_history,120.0,0,140.0
long,495,oracle,120.0,0,140.0
long,496,fixed_6,6.0,0,140.0
long,496,fixed_12,12.0,0,140.0
long,496,fixed_24,24.0,0,140.0
long,496,fixed_48,48.0,0,140.0
long,496,threshold_reset,120.0,0,140.0
long,496,readiness_current,120.0,0,140.0
long,496,readiness_history,120.0,0,140.0
long,496,oracle,120.0,0,140.0
long,497,fixed_6,6.0,0,140.0
long,497,fixed_12,12.0,0,140.0
long,497,fixed_24,24.0,0,140.0
long,497,fixed_48,48.0,0,140.0
long,497,threshold_reset,120.0,0,140.0
long,497,readiness_current,120.0,0,140.0
long,497,readiness_history,120.0,0,140.0
long,497,oracle,120.0,0,140.0
long,498,fixed_6,6.0,0,140.0
long,498,fixed_12,12.0,0,140.0
long,498,fixed_24,24.0,0,140.0
long,498,fixed_48,48.0,0,140.0
long,498,threshold_reset,120.0,0,140.0
long,498,readiness_current,120.0,0,140.0
long,498,readiness_history,120.0,0,140.0
long,498,oracle,120.0,0,140.0
long,499,fixed_6,6.0,0,140.0
long,499,fixed_12,12.0,0,140.0
long,499,fixed_24,24.0,0,140.0
long,499,fixed_48,48.0,0,140.0
long,499,threshold_reset,120.0,0,140.0
long,499,readiness_current,120.0,0,140.0
long,499,readiness_history,120.0,0,140.0
long,499,oracle,120.0,0,140.0
long,500,fixed_6,6.0,0,140.0
long,500,fixed_12,12.0,0,140.0
long,500,fixed_24,24.0,0,140.0
long,500,fixed_48,48.0,0,140.0
long,500,threshold_reset,120.0,0,140.0
long,500,readiness_current,120.0,0,140.0
long,500,readiness_history,120.0,0,140.0
long,500,oracle,120.0,0,140.0
long,501,fixed_6,6.0,0,140.0
long,501,fixed_12,12.0,0,140.0
long,501,fixed_24,24.0,0,140.0
long,501,fixed_48,48.0,0,140.0
long,501,threshold_reset,120.0,0,140.0
long,501,readiness_current,120.0,0,140.0
long,501,readiness_history,120.0,0,140.0
long,501,oracle,120.0,0,140.0
long,502,fixed_6,6.0,0,140.0
long,502,fixed_12,12.0,0,140.0
long,502,fixed_24,24.0,0,140.0
long,502,fixed_48,48.0,0,140.0
long,502,threshold_reset,120.0,0,140.0
long,502,readiness_current,120.0,0,140.0
long,502,readiness_history,120.0,0,140.0
long,502,oracle,120.0,0,140.0
long,503,fixed_6,6.0,0,140.0
long,503,fixed_12,12.0,0,140.0
long,503,fixed_24,24.0,0,140.0
long,503,fixed_48,48.0,0,140.0
long,503,threshold_reset,120.0,0,140.0
long,503,readiness_current,120.0,0,140.0
long,503,readiness_history,120.0,0,140.0
long,503,oracle,120.0,0,140.0
long,504,fixed_6,6.0,0,140.0
long,504,fixed_12,12.0,0,140.0
long,504,fixed_24,24.0,0,140.0
long,504,fixed_48,48.0,0,140.0
long,504,threshold_reset,120.0,0,140.0
long,504,readiness_current,120.0,0,140.0
long,504,readiness_history,120.0,0,140.0
long,504,oracle,120.0,0,140.0
long,505,fixed_6,6.0,0,140.0
long,505,fixed_12,12.0,0,140.0
long,505,fixed_24,24.0,0,140.0
long,505,fixed_48,48.0,0,140.0
long,505,threshold_reset,120.0,0,140.0
long,505,readiness_current,120.0,0,140.0
long,505,readiness_history,120.0,0,140.0
long,505,oracle,120.0,0,140.0
long,506,fixed_6,6.0,0,140.0
long,506,fixed_12,12.0,0,140.0
long,506,fixed_24,24.0,0,140.0
long,506,fixed_48,48.0,0,140.0
long,506,threshold_reset,120.0,0,140.0
long,506,readiness_current,120.0,0,140.0
long,506,readiness_history,120.0,0,140.0
long,506,oracle,120.0,0,140.0
long,507,fixed_6,6.0,0,140.0
long,507,fixed_12,12.0,0,140.0
long,507,fixed_24,24.0,0,140.0
long,507,fixed_48,48.0,0,140.0
long,507,threshold_reset,120.0,0,140.0
long,507,readiness_current,120.0,0,140.0
long,507,readiness_history,120.0,0,140.0
long,507,oracle,120.0,0,140.0
long,508,fixed_6,6.0,0,140.0
long,508,fixed_12,12.0,0,140.0
long,508,fixed_24,24.0,0,140.0
long,508,fixed_48,48.0,0,140.0
long,508,threshold_reset,120.0,0,140.0
long,508,readiness_current,120.0,0,140.0
long,508,readiness_history,120.0,0,140.0
long,508,oracle,120.0,0,140.0
long,509,fixed_6,6.0,0,140.0
long,509,fixed_12,12.0,0,140.0
long,509,fixed_24,24.0,0,140.0
long,509,fixed_48,48.0,0,140.0
long,509,threshold_reset,120.0,0,140.0
long,509,readiness_current,120.0,0,140.0
long,509,readiness_history,120.0,0,140.0
long,509,oracle,120.0,0,140.0
long,510,fixed_6,6.0,0,140.0
long,510,fixed_12,12.0,0,140.0
long,510,fixed_24,24.0,0,140.0
long,510,fixed_48,48.0,0,140.0
long,510,threshold_reset,120.0,0,140.0
long,510,readiness_current,120.0,0,140.0
long,510,readiness_history,120.0,0,140.0
long,510,oracle,120.0,0,140.0
long,511,fixed_6,6.0,0,140.0
long,511,fixed_12,12.0,0,140.0
long,511,fixed_24,24.0,0,140.0
long,511,fixed_48,48.0,0,140.0
long,511,threshold_reset,120.0,0,140.0
long,511,readiness_current,120.0,0,140.0
long,511,readiness_history,120.0,0,140.0
long,511,oracle,120.0,0,140.0
long,512,fixed_6,6.0,0,140.0
long,512,fixed_12,12.0,0,140.0
long,512,fixed_24,24.0,0,140.0
long,512,fixed_48,48.0,0,140.0
long,512,threshold_reset,120.0,0,140.0
long,512,readiness_current,120.0,0,140.0
long,512,readiness_history,120.0,0,140.0
long,512,oracle,120.0,0,140.0
long,513,fixed_6,6.0,0,140.0
long,513,fixed_12,12.0,0,140.0
long,513,fixed_24,24.0,0,140.0
long,513,fixed_48,48.0,0,140.0
long,513,threshold_reset,120.0,0,140.0
long,513,readiness_current,120.0,0,140.0
long,513,readiness_history,120.0,0,140.0
long,513,oracle,120.0,0,140.0
long,514,fixed_6,6.0,0,140.0
long,514,fixed_12,12.0,0,140.0
long,514,fixed_24,24.0,0,140.0
long,514,fixed_48,48.0,0,140.0
long,514,threshold_reset,120.0,0,140.0
long,514,readiness_current,120.0,0,140.0
long,514,readiness_history,120.0,0,140.0
long,514,oracle,120.0,0,140.0
long,515,fixed_6,6.0,0,140.0
long,515,fixed_12,12.0,0,140.0
long,515,fixed_24,24.0,0,140.0
long,515,fixed_48,48.0,0,140.0
long,515,threshold_reset,120.0,0,140.0
long,515,readiness_current,120.0,0,140.0
long,515,readiness_history,120.0,0,140.0
long,515,oracle,120.0,0,140.0
long,516,fixed_6,6.0,0,140.0
long,516,fixed_12,12.0,0,140.0
long,516,fixed_24,24.0,0,140.0
long,516,fixed_48,48.0,0,140.0
long,516,threshold_reset,120.0,0,140.0
long,516,readiness_current,120.0,0,140.0
long,516,readiness_history,120.0,0,140.0
long,516,oracle,120.0,0,140.0
long,517,fixed_6,6.0,0,140.0
long,517,fixed_12,12.0,0,140.0
long,517,fixed_24,24.0,0,140.0
long,517,fixed_48,48.0,0,140.0
long,517,threshold_reset,120.0,0,140.0
long,517,readiness_current,120.0,0,140.0
long,517,readiness_history,120.0,0,140.0
long,517,oracle,120.0,0,140.0
long,518,fixed_6,6.0,0,140.0
long,518,fixed_12,12.0,0,140.0
long,518,fixed_24,24.0,0,140.0
long,518,fixed_48,48.0,0,140.0
long,518,threshold_reset,120.0,0,140.0
long,518,readiness_current,120.0,0,140.0
long,518,readiness_history,120.0,0,140.0
long,518,oracle,120.0,0,140.0
long,519,fixed_6,6.0,0,140.0
long,519,fixed_12,12.0,0,140.0
long,519,fixed_24,24.0,0,140.0
long,519,fixed_48,48.0,0,140.0
long,519,threshold_reset,120.0,0,140.0
long,519,readiness_current,120.0,0,140.0
long,519,readiness_history,120.0,0,140.0
long,519,oracle,120.0,0,140.0
long,520,fixed_6,6.0,0,140.0
long,520,fixed_12,12.0,0,140.0
long,520,fixed_24,24.0,0,140.0
long,520,fixed_48,48.0,0,140.0
long,520,threshold_reset,120.0,0,140.0
long,520,readiness_current,120.0,0,140.0
long,520,readiness_history,120.0,0,140.0
long,520,oracle,120.0,0,140.0
long,521,fixed_6,6.0,0,140.0
long,521,fixed_12,12.0,0,140.0
long,521,fixed_24,24.0,0,140.0
long,521,fixed_48,48.0,0,140.0
long,521,threshold_reset,120.0,0,140.0
long,521,readiness_current,120.0,0,140.0
long,521,readiness_history,120.0,0,140.0
long,521,oracle,120.0,0,140.0
long,522,fixed_6,6.0,0,140.0
long,522,fixed_12,12.0,0,140.0
long,522,fixed_24,24.0,0,140.0
long,522,fixed_48,48.0,0,140.0
long,522,threshold_reset,120.0,0,140.0
long,522,readiness_current,120.0,0,140.0
long,522,readiness_history,120.0,0,140.0
long,522,oracle,120.0,0,140.0
long,523,fixed_6,6.0,0,140.0
long,523,fixed_12,12.0,0,140.0
long,523,fixed_24,24.0,0,140.0
long,523,fixed_48,48.0,0,140.0
long,523,threshold_reset,120.0,0,140.0
long,523,readiness_current,120.0,0,140.0
long,523,readiness_history,120.0,0,140.0
long,523,oracle,120.0,0,140.0
long,524,fixed_6,6.0,0,140.0
long,524,fixed_12,12.0,0,140.0
long,524,fixed_24,24.0,0,140.0
long,524,fixed_48,48.0,0,140.0
long,524,threshold_reset,120.0,0,140.0
long,524,readiness_current,120.0,0,140.0
long,524,readiness_history,120.0,0,140.0
long,524,oracle,120.0,0,140.0
long,525,fixed_6,6.0,0,140.0
long,525,fixed_12,12.0,0,140.0
long,525,fixed_24,24.0,0,140.0
long,525,fixed_48,48.0,0,140.0
long,525,threshold_reset,120.0,0,140.0
long,525,readiness_current,120.0,0,140.0
long,525,readiness_history,120.0,0,140.0
long,525,oracle,120.0,0,140.0
long,526,fixed_6,6.0,0,140.0
long,526,fixed_12,12.0,0,140.0
long,526,fixed_24,24.0,0,140.0
long,526,fixed_48,48.0,0,140.0
long,526,threshold_reset,120.0,0,140.0
long,526,readiness_current,120.0,0,140.0
long,526,readiness_history,120.0,0,140.0
long,526,oracle,120.0,0,140.0
long,527,fixed_6,6.0,0,140.0
long,527,fixed_12,12.0,0,140.0
long,527,fixed_24,24.0,0,140.0
long,527,fixed_48,48.0,0,140.0
long,527,threshold_reset,120.0,0,140.0
long,527,readiness_current,120.0,0,140.0
long,527,readiness_history,120.0,0,140.0
long,527,oracle,120.0,0,140.0
long,528,fixed_6,6.0,0,140.0
long,528,fixed_12,12.0,0,140.0
long,528,fixed_24,24.0,0,140.0
long,528,fixed_48,48.0,0,140.0
long,528,threshold_reset,120.0,0,140.0
long,528,readiness_current,120.0,0,140.0
long,528,readiness_history,120.0,0,140.0
long,528,oracle,120.0,0,140.0
long,529,fixed_6,6.0,0,140.0
long,529,fixed_12,12.0,0,140.0
long,529,fixed_24,24.0,0,140.0
long,529,fixed_48,48.0,0,140.0
long,529,threshold_reset,120.0,0,140.0
long,529,readiness_current,120.0,0,140.0
long,529,readiness_history,120.0,0,140.0
long,529,oracle,120.0,0,140.0
long,530,fixed_6,6.0,0,140.0
long,530,fixed_12,12.0,0,140.0
long,530,fixed_24,24.0,0,140.0
long,530,fixed_48,48.0,0,140.0
long,530,threshold_reset,120.0,0,140.0
long,530,readiness_current,120.0,0,140.0
long,530,readiness_history,120.0,0,140.0
long,530,oracle,120.0,0,140.0
long,531,fixed_6,6.0,0,140.0
long,531,fixed_12,12.0,0,140.0
long,531,fixed_24,24.0,0,140.0
long,531,fixed_48,48.0,0,140.0
long,531,threshold_reset,120.0,0,140.0
long,531,readiness_current,120.0,0,140.0
long,531,readiness_history,120.0,0,140.0
long,531,oracle,120.0,0,140.0
long,532,fixed_6,6.0,0,140.0
long,532,fixed_12,12.0,0,140.0
long,532,fixed_24,24.0,0,140.0
long,532,fixed_48,48.0,0,140.0
long,532,threshold_reset,120.0,0,140.0
long,532,readiness_current,120.0,0,140.0
long,532,readiness_history,120.0,0,140.0
long,532,oracle,120.0,0,140.0
long,533,fixed_6,6.0,0,140.0
long,533,fixed_12,12.0,0,140.0
long,533,fixed_24,24.0,0,140.0
long,533,fixed_48,48.0,0,140.0
long,533,threshold_reset,120.0,0,140.0
long,533,readiness_current,120.0,0,140.0
long,533,readiness_history,120.0,0,140.0
long,533,oracle,120.0,0,140.0
long,534,fixed_6,6.0,0,140.0
long,534,fixed_12,12.0,0,140.0
long,534,fixed_24,24.0,0,140.0
long,534,fixed_48,48.0,0,140.0
long,534,threshold_reset,120.0,0,140.0
long,534,readiness_current,120.0,0,140.0
long,534,readiness_history,120.0,0,140.0
long,534,oracle,120.0,0,140.0
long,535,fixed_6,6.0,0,140.0
long,535,fixed_12,12.0,0,140.0
long,535,fixed_24,24.0,0,140.0
long,535,fixed_48,48.0,0,140.0
long,535,threshold_reset,120.0,0,140.0
long,535,readiness_current,120.0,0,140.0
long,535,readiness_history,120.0,0,140.0
long,535,oracle,120.0,0,140.0
long,536,fixed_6,6.0,0,140.0
long,536,fixed_12,12.0,0,140.0
long,536,fixed_24,24.0,0,140.0
long,536,fixed_48,48.0,0,140.0
long,536,threshold_reset,120.0,0,140.0
long,536,readiness_current,120.0,0,140.0
long,536,readiness_history,120.0,0,140.0
long,536,oracle,120.0,0,140.0
long,537,fixed_6,6.0,0,140.0
long,537,fixed_12,12.0,0,140.0
long,537,fixed_24,24.0,0,140.0
long,537,fixed_48,48.0,0,140.0
long,537,threshold_reset,120.0,0,140.0
long,537,readiness_current,120.0,0,140.0
long,537,readiness_history,120.0,0,140.0
long,537,oracle,120.0,0,140.0
long,538,fixed_6,6.0,0,140.0
long,538,fixed_12,12.0,0,140.0
long,538,fixed_24,24.0,0,140.0
long,538,fixed_48,48.0,0,140.0
long,538,threshold_reset,120.0,0,140.0
long,538,readiness_current,120.0,0,140.0
long,538,readiness_history,120.0,0,140.0
long,538,oracle,120.0,0,140.0
long,539,fixed_6,6.0,0,140.0
long,539,fixed_12,12.0,0,140.0
long,539,fixed_24,24.0,0,140.0
long,539,fixed_48,48.0,0,140.0
long,539,threshold_reset,120.0,0,140.0
long,539,readiness_current,120.0,0,140.0
long,539,readiness_history,120.0,0,140.0
long,539,oracle,120.0,0,140.0
long,540,fixed_6,6.0,0,140.0
long,540,fixed_12,12.0,0,140.0
long,540,fixed_24,24.0,0,140.0
long,540,fixed_48,48.0,0,140.0
long,540,threshold_reset,120.0,0,140.0
long,540,readiness_current,120.0,0,140.0
long,540,readiness_history,120.0,0,140.0
long,540,oracle,120.0,0,140.0
long,541,fixed_6,6.0,0,140.0
long,541,fixed_12,12.0,0,140.0
long,541,fixed_24,24.0,0,140.0
long,541,fixed_48,48.0,0,140.0
long,541,threshold_reset,120.0,0,140.0
long,541,readiness_current,120.0,0,140.0
long,541,readiness_history,120.0,0,140.0
long,541,oracle,120.0,0,140.0
long,542,fixed_6,6.0,0,140.0
long,542,fixed_12,12.0,0,140.0
long,542,fixed_24,24.0,0,140.0
long,542,fixed_48,48.0,0,140.0
long,542,threshold_reset,120.0,0,140.0
long,542,readiness_current,120.0,0,140.0
long,542,readiness_history,120.0,0,140.0
long,542,oracle,120.0,0,140.0
long,543,fixed_6,6.0,0,140.0
long,543,fixed_12,12.0,0,140.0
long,543,fixed_24,24.0,0,140.0
long,543,fixed_48,48.0,0,140.0
long,543,threshold_reset,120.0,0,140.0
long,543,readiness_current,120.0,0,140.0
long,543,readiness_history,120.0,0,140.0
long,543,oracle,120.0,0,140.0
long,544,fixed_6,6.0,0,140.0
long,544,fixed_12,12.0,0,140.0
long,544,fixed_24,24.0,0,140.0
long,544,fixed_48,48.0,0,140.0
long,544,threshold_reset,120.0,0,140.0
long,544,readiness_current,120.0,0,140.0
long,544,readiness_history,120.0,0,140.0
long,544,oracle,120.0,0,140.0
long,545,fixed_6,6.0,0,140.0
long,545,fixed_12,12.0,0,140.0
long,545,fixed_24,24.0,0,140.0
long,545,fixed_48,48.0,0,140.0
long,545,threshold_reset,120.0,0,140.0
long,545,readiness_current,120.0,0,140.0
long,545,readiness_history,120.0,0,140.0
long,545,oracle,120.0,0,140.0
long,546,fixed_6,6.0,0,140.0
long,546,fixed_12,12.0,0,140.0
long,546,fixed_24,24.0,0,140.0
long,546,fixed_48,48.0,0,140.0
long,546,threshold_reset,120.0,0,140.0
long,546,readiness_current,120.0,0,140.0
long,546,readiness_history,120.0,0,140.0
long,546,oracle,120.0,0,140.0
long,547,fixed_6,6.0,0,140.0
long,547,fixed_12,12.0,0,140.0
long,547,fixed_24,24.0,0,140.0
long,547,fixed_48,48.0,0,140.0
long,547,threshold_reset,120.0,0,140.0
long,547,readiness_current,120.0,0,140.0
long,547,readiness_history,120.0,0,140.0
long,547,oracle,120.0,0,140.0
long,548,fixed_6,6.0,0,140.0
long,548,fixed_12,12.0,0,140.0
long,548,fixed_24,24.0,0,140.0
long,548,fixed_48,48.0,0,140.0
long,548,threshold_reset,120.0,0,140.0
long,548,readiness_current,120.0,0,140.0
long,548,readiness_history,120.0,0,140.0
long,548,oracle,120.0,0,140.0
long,549,fixed_6,6.0,0,140.0
long,549,fixed_12,12.0,0,140.0
long,549,fixed_24,24.0,0,140.0
long,549,fixed_48,48.0,0,140.0
long,549,threshold_reset,120.0,0,140.0
long,549,readiness_current,120.0,0,140.0
long,549,readiness_history,120.0,0,140.0
long,549,oracle,120.0,0,140.0
long,550,fixed_6,6.0,0,140.0
long,550,fixed_12,12.0,0,140.0
long,550,fixed_24,24.0,0,140.0
long,550,fixed_48,48.0,0,140.0
long,550,threshold_reset,120.0,0,140.0
long,550,readiness_current,120.0,0,140.0
long,550,readiness_history,120.0,0,140.0
long,550,oracle,120.0,0,140.0
long,551,fixed_6,6.0,0,140.0
long,551,fixed_12,12.0,0,140.0
long,551,fixed_24,24.0,0,140.0
long,551,fixed_48,48.0,0,140.0
long,551,threshold_reset,120.0,0,140.0
long,551,readiness_current,120.0,0,140.0
long,551,readiness_history,120.0,0,140.0
long,551,oracle,120.0,0,140.0
long,552,fixed_6,6.0,0,140.0
long,552,fixed_12,12.0,0,140.0
long,552,fixed_24,24.0,0,140.0
long,552,fixed_48,48.0,0,140.0
long,552,threshold_reset,120.0,0,140.0
long,552,readiness_current,120.0,0,140.0
long,552,readiness_history,120.0,0,140.0
long,552,oracle,120.0,0,140.0
long,553,fixed_6,6.0,0,140.0
long,553,fixed_12,12.0,0,140.0
long,553,fixed_24,24.0,0,140.0
long,553,fixed_48,48.0,0,140.0
long,553,threshold_reset,120.0,0,140.0
long,553,readiness_current,120.0,0,140.0
long,553,readiness_history,120.0,0,140.0
long,553,oracle,120.0,0,140.0
long,554,fixed_6,6.0,0,140.0
long,554,fixed_12,12.0,0,140.0
long,554,fixed_24,24.0,0,140.0
long,554,fixed_48,48.0,0,140.0
long,554,threshold_reset,120.0,0,140.0
long,554,readiness_current,120.0,0,140.0
long,554,readiness_history,120.0,0,140.0
long,554,oracle,120.0,0,140.0
long,555,fixed_6,6.0,0,140.0
long,555,fixed_12,12.0,0,140.0
long,555,fixed_24,24.0,0,140.0
long,555,fixed_48,48.0,0,140.0
long,555,threshold_reset,120.0,0,140.0
long,555,readiness_current,120.0,0,140.0
long,555,readiness_history,120.0,0,140.0
long,555,oracle,120.0,0,140.0
long,556,fixed_6,6.0,0,140.0
long,556,fixed_12,12.0,0,140.0
long,556,fixed_24,24.0,0,140.0
long,556,fixed_48,48.0,0,140.0
long,556,threshold_reset,120.0,0,140.0
long,556,readiness_current,120.0,0,140.0
long,556,readiness_history,120.0,0,140.0
long,556,oracle,120.0,0,140.0
long,557,fixed_6,6.0,0,140.0
long,557,fixed_12,12.0,0,140.0
long,557,fixed_24,24.0,0,140.0
long,557,fixed_48,48.0,0,140.0
long,557,threshold_reset,120.0,0,140.0
long,557,readiness_current,120.0,0,140.0
long,557,readiness_history,120.0,0,140.0
long,557,oracle,120.0,0,140.0
long,558,fixed_6,6.0,0,140.0
long,558,fixed_12,12.0,0,140.0
long,558,fixed_24,24.0,0,140.0
long,558,fixed_48,48.0,0,140.0
long,558,threshold_reset,120.0,0,140.0
long,558,readiness_current,120.0,0,140.0
long,558,readiness_history,120.0,0,140.0
long,558,oracle,120.0,0,140.0
long,559,fixed_6,6.0,0,140.0
long,559,fixed_12,12.0,0,140.0
long,559,fixed_24,24.0,0,140.0
long,559,fixed_48,48.0,0,140.0
long,559,threshold_reset,120.0,0,140.0
long,559,readiness_current,120.0,0,140.0
long,559,readiness_history,120.0,0,140.0
long,559,oracle,120.0,0,140.0
long,560,fixed_6,6.0,0,140.0
long,560,fixed_12,12.0,0,140.0
long,560,fixed_24,24.0,0,140.0
long,560,fixed_48,48.0,0,140.0
long,560,threshold_reset,120.0,0,140.0
long,560,readiness_current,120.0,0,140.0
long,560,readiness_history,120.0,0,140.0
long,560,oracle,120.0,0,140.0
long,561,fixed_6,6.0,0,140.0
long,561,fixed_12,12.0,0,140.0
long,561,fixed_24,24.0,0,140.0
long,561,fixed_48,48.0,0,140.0
long,561,threshold_reset,120.0,0,140.0
long,561,readiness_current,120.0,0,140.0
long,561,readiness_history,120.0,0,140.0
long,561,oracle,120.0,0,140.0
long,562,fixed_6,6.0,0,140.0
long,562,fixed_12,12.0,0,140.0
long,562,fixed_24,24.0,0,140.0
long,562,fixed_48,48.0,0,140.0
long,562,threshold_reset,120.0,0,140.0
long,562,readiness_current,120.0,0,140.0
long,562,readiness_history,120.0,0,140.0
long,562,oracle,120.0,0,140.0
long,563,fixed_6,6.0,0,140.0
long,563,fixed_12,12.0,0,140.0
long,563,fixed_24,24.0,0,140.0
long,563,fixed_48,48.0,0,140.0
long,563,threshold_reset,120.0,0,140.0
long,563,readiness_current,120.0,0,140.0
long,563,readiness_history,120.0,0,140.0
long,563,oracle,120.0,0,140.0
long,564,fixed_6,6.0,0,140.0
long,564,fixed_12,12.0,0,140.0
long,564,fixed_24,24.0,0,140.0
long,564,fixed_48,48.0,0,140.0
long,564,threshold_reset,120.0,0,140.0
long,564,readiness_current,120.0,0,140.0
long,564,readiness_history,120.0,0,140.0
long,564,oracle,120.0,0,140.0
long,565,fixed_6,6.0,0,140.0
long,565,fixed_12,12.0,0,140.0
long,565,fixed_24,24.0,0,140.0
long,565,fixed_48,48.0,0,140.0
long,565,threshold_reset,120.0,0,140.0
long,565,readiness_current,120.0,0,140.0
long,565,readiness_history,120.0,0,140.0
long,565,oracle,120.0,0,140.0
long,566,fixed_6,6.0,0,140.0
long,566,fixed_12,12.0,0,140.0
long,566,fixed_24,24.0,0,140.0
long,566,fixed_48,48.0,0,140.0
long,566,threshold_reset,120.0,0,140.0
long,566,readiness_current,120.0,0,140.0
long,566,readiness_history,120.0,0,140.0
long,566,oracle,120.0,0,140.0
long,567,fixed_6,6.0,0,140.0
long,567,fixed_12,12.0,0,140.0
long,567,fixed_24,24.0,0,140.0
long,567,fixed_48,48.0,0,140.0
long,567,threshold_reset,120.0,0,140.0
long,567,readiness_current,120.0,0,140.0
long,567,readiness_history,120.0,0,140.0
long,567,oracle,120.0,0,140.0
long,568,fixed_6,6.0,0,140.0
long,568,fixed_12,12.0,0,140.0
long,568,fixed_24,24.0,0,140.0
long,568,fixed_48,48.0,0,140.0
long,568,threshold_reset,120.0,0,140.0
long,568,readiness_current,120.0,0,140.0
long,568,readiness_history,120.0,0,140.0
long,568,oracle,120.0,0,140.0
long,569,fixed_6,6.0,0,140.0
long,569,fixed_12,12.0,0,140.0
long,569,fixed_24,24.0,0,140.0
long,569,fixed_48,48.0,0,140.0
long,569,threshold_reset,120.0,0,140.0
long,569,readiness_current,120.0,0,140.0
long,569,readiness_history,120.0,0,140.0
long,569,oracle,120.0,0,140.0
long,570,fixed_6,6.0,0,140.0
long,570,fixed_12,12.0,0,140.0
long,570,fixed_24,24.0,0,140.0
long,570,fixed_48,48.0,0,140.0
long,570,threshold_reset,120.0,0,140.0
long,570,readiness_current,120.0,0,140.0
long,570,readiness_history,120.0,0,140.0
long,570,oracle,120.0,0,140.0
long,571,fixed_6,6.0,0,140.0
long,571,fixed_12,12.0,0,140.0
long,571,fixed_24,24.0,0,140.0
long,571,fixed_48,48.0,0,140.0
long,571,threshold_reset,120.0,0,140.0
long,571,readiness_current,120.0,0,140.0
long,571,readiness_history,120.0,0,140.0
long,571,oracle,120.0,0,140.0
long,572,fixed_6,6.0,0,140.0
long,572,fixed_12,12.0,0,140.0
long,572,fixed_24,24.0,0,140.0
long,572,fixed_48,48.0,0,140.0
long,572,threshold_reset,120.0,0,140.0
long,572,readiness_current,120.0,0,140.0
long,572,readiness_history,120.0,0,140.0
long,572,oracle,120.0,0,140.0
long,573,fixed_6,6.0,0,140.0
long,573,fixed_12,12.0,0,140.0
long,573,fixed_24,24.0,0,140.0
long,573,fixed_48,48.0,0,140.0
long,573,threshold_reset,120.0,0,140.0
long,573,readiness_current,120.0,0,140.0
long,573,readiness_history,120.0,0,140.0
long,573,oracle,120.0,0,140.0
long,574,fixed_6,6.0,0,140.0
long,574,fixed_12,12.0,0,140.0
long,574,fixed_24,24.0,0,140.0
long,574,fixed_48,48.0,0,140.0
long,574,threshold_reset,120.0,0,140.0
long,574,readiness_current,120.0,0,140.0
long,574,readiness_history,120.0,0,140.0
long,574,oracle,120.0,0,140.0
long,575,fixed_6,6.0,0,140.0
long,575,fixed_12,12.0,0,140.0
long,575,fixed_24,24.0,0,140.0
long,575,fixed_48,48.0,0,140.0
long,575,threshold_reset,120.0,0,140.0
long,575,readiness_current,120.0,0,140.0
long,575,readiness_history,120.0,0,140.0
long,575,oracle,120.0,0,140.0
long,576,fixed_6,6.0,0,140.0
long,576,fixed_12,12.0,0,140.0
long,576,fixed_24,24.0,0,140.0
long,576,fixed_48,48.0,0,140.0
long,576,threshold_reset,120.0,0,140.0
long,576,readiness_current,120.0,0,140.0
long,576,readiness_history,120.0,0,140.0
long,576,oracle,120.0,0,140.0
long,577,fixed_6,6.0,0,140.0
long,577,fixed_12,12.0,0,140.0
long,577,fixed_24,24.0,0,140.0
long,577,fixed_48,48.0,0,140.0
long,577,threshold_reset,120.0,0,140.0
long,577,readiness_current,120.0,0,140.0
long,577,readiness_history,120.0,0,140.0
long,577,oracle,120.0,0,140.0
long,578,fixed_6,6.0,0,140.0
long,578,fixed_12,12.0,0,140.0
long,578,fixed_24,24.0,0,140.0
long,578,fixed_48,48.0,0,140.0
long,578,threshold_reset,120.0,0,140.0
long,578,readiness_current,120.0,0,140.0
long,578,readiness_history,120.0,0,140.0
long,578,oracle,120.0,0,140.0
long,579,fixed_6,6.0,0,140.0
long,579,fixed_12,12.0,0,140.0
long,579,fixed_24,24.0,0,140.0
long,579,fixed_48,48.0,0,140.0
long,579,threshold_reset,120.0,0,140.0
long,579,readiness_current,120.0,0,140.0
long,579,readiness_history,120.0,0,140.0
long,579,oracle,120.0,0,140.0
long,580,fixed_6,6.0,0,140.0
long,580,fixed_12,12.0,0,140.0
long,580,fixed_24,24.0,0,140.0
long,580,fixed_48,48.0,0,140.0
long,580,threshold_reset,120.0,0,140.0
long,580,readiness_current,120.0,0,140.0
long,580,readiness_history,120.0,0,140.0
long,580,oracle,120.0,0,140.0
long,581,fixed_6,6.0,0,140.0
long,581,fixed_12,12.0,0,140.0
long,581,fixed_24,24.0,0,140.0
long,581,fixed_48,48.0,0,140.0
long,581,threshold_reset,120.0,0,140.0
long,581,readiness_current,120.0,0,140.0
long,581,readiness_history,120.0,0,140.0
long,581,oracle,120.0,0,140.0
long,582,fixed_6,6.0,0,140.0
long,582,fixed_12,12.0,0,140.0
long,582,fixed_24,24.0,0,140.0
long,582,fixed_48,48.0,0,140.0
long,582,threshold_reset,120.0,0,140.0
long,582,readiness_current,120.0,0,140.0
long,582,readiness_history,120.0,0,140.0
long,582,oracle,120.0,0,140.0
long,583,fixed_6,6.0,0,140.0
long,583,fixed_12,12.0,0,140.0
long,583,fixed_24,24.0,0,140.0
long,583,fixed_48,48.0,0,140.0
long,583,threshold_reset,120.0,0,140.0
long,583,readiness_current,120.0,0,140.0
long,583,readiness_history,120.0,0,140.0
long,583,oracle,120.0,0,140.0
long,584,fixed_6,6.0,0,140.0
long,584,fixed_12,12.0,0,140.0
long,584,fixed_24,24.0,0,140.0
long,584,fixed_48,48.0,0,140.0
long,584,threshold_reset,120.0,0,140.0
long,584,readiness_current,120.0,0,140.0
long,584,readiness_history,120.0,0,140.0
long,584,oracle,120.0,0,140.0
long,585,fixed_6,6.0,0,140.0
long,585,fixed_12,12.0,0,140.0
long,585,fixed_24,24.0,0,140.0
long,585,fixed_48,48.0,0,140.0
long,585,threshold_reset,120.0,0,140.0
long,585,readiness_current,120.0,0,140.0
long,585,readiness_history,120.0,0,140.0
long,585,oracle,120.0,0,140.0
long,586,fixed_6,6.0,0,140.0
long,586,fixed_12,12.0,0,140.0
long,586,fixed_24,24.0,0,140.0
long,586,fixed_48,48.0,0,140.0
long,586,threshold_reset,120.0,0,140.0
long,586,readiness_current,120.0,0,140.0
long,586,readiness_history,120.0,0,140.0
long,586,oracle,120.0,0,140.0
long,587,fixed_6,6.0,0,140.0
long,587,fixed_12,12.0,0,140.0
long,587,fixed_24,24.0,0,140.0
long,587,fixed_48,48.0,0,140.0
long,587,threshold_reset,120.0,0,140.0
long,587,readiness_current,120.0,0,140.0
long,587,readiness_history,120.0,0,140.0
long,587,oracle,120.0,0,140.0
long,588,fixed_6,6.0,0,140.0
long,588,fixed_12,12.0,0,140.0
long,588,fixed_24,24.0,0,140.0
long,588,fixed_48,48.0,0,140.0
long,588,threshold_reset,120.0,0,140.0
long,588,readiness_current,120.0,0,140.0
long,588,readiness_history,120.0,0,140.0
long,588,oracle,120.0,0,140.0
long,589,fixed_6,6.0,0,140.0
long,589,fixed_12,12.0,0,140.0
long,589,fixed_24,24.0,0,140.0
long,589,fixed_48,48.0,0,140.0
long,589,threshold_reset,120.0,0,140.0
long,589,readiness_current,120.0,0,140.0
long,589,readiness_history,120.0,0,140.0
long,589,oracle,120.0,0,140.0
long,590,fixed_6,6.0,0,140.0
long,590,fixed_12,12.0,0,140.0
long,590,fixed_24,24.0,0,140.0
long,590,fixed_48,48.0,0,140.0
long,590,threshold_reset,120.0,0,140.0
long,590,readiness_current,120.0,0,140.0
long,590,readiness_history,120.0,0,140.0
long,590,oracle,120.0,0,140.0
long,591,fixed_6,6.0,0,140.0
long,591,fixed_12,12.0,0,140.0
long,591,fixed_24,24.0,0,140.0
long,591,fixed_48,48.0,0,140.0
long,591,threshold_reset,120.0,0,140.0
long,591,readiness_current,120.0,0,140.0
long,591,readiness_history,120.0,0,140.0
long,591,oracle,120.0,0,140.0
long,592,fixed_6,6.0,0,140.0
long,592,fixed_12,12.0,0,140.0
long,592,fixed_24,24.0,0,140.0
long,592,fixed_48,48.0,0,140.0
long,592,threshold_reset,120.0,0,140.0
long,592,readiness_current,120.0,0,140.0
long,592,readiness_history,120.0,0,140.0
long,592,oracle,120.0,0,140.0
long,593,fixed_6,6.0,0,140.0
long,593,fixed_12,12.0,0,140.0
long,593,fixed_24,24.0,0,140.0
long,593,fixed_48,48.0,0,140.0
long,593,threshold_reset,120.0,0,140.0
long,593,readiness_current,120.0,0,140.0
long,593,readiness_history,120.0,0,140.0
long,593,oracle,120.0,0,140.0
long,594,fixed_6,6.0,0,140.0
long,594,fixed_12,12.0,0,140.0
long,594,fixed_24,24.0,0,140.0
long,594,fixed_48,48.0,0,140.0
long,594,threshold_reset,120.0,0,140.0
long,594,readiness_current,120.0,0,140.0
long,594,readiness_history,120.0,0,140.0
long,594,oracle,120.0,0,140.0
long,595,fixed_6,6.0,0,140.0
long,595,fixed_12,12.0,0,140.0
long,595,fixed_24,24.0,0,140.0
long,595,fixed_48,48.0,0,140.0
long,595,threshold_reset,120.0,0,140.0
long,595,readiness_current,120.0,0,140.0
long,595,readiness_history,120.0,0,140.0
long,595,oracle,120.0,0,140.0
long,596,fixed_6,6.0,0,140.0
long,596,fixed_12,12.0,0,140.0
long,596,fixed_24,24.0,0,140.0
long,596,fixed_48,48.0,0,140.0
long,596,threshold_reset,120.0,0,140.0
long,596,readiness_current,120.0,0,140.0
long,596,readiness_history,120.0,0,140.0
long,596,oracle,120.0,0,140.0
long,597,fixed_6,6.0,0,140.0
long,597,fixed_12,12.0,0,140.0
long,597,fixed_24,24.0,0,140.0
long,597,fixed_48,48.0,0,140.0
long,597,threshold_reset,120.0,0,140.0
long,597,readiness_current,120.0,0,140.0
long,597,readiness_history,120.0,0,140.0
long,597,oracle,120.0,0,140.0
long,598,fixed_6,6.0,0,140.0
long,598,fixed_12,12.0,0,140.0
long,598,fixed_24,24.0,0,140.0
long,598,fixed_48,48.0,0,140.0
long,598,threshold_reset,120.0,0,140.0
long,598,readiness_current,120.0,0,140.0
long,598,readiness_history,120.0,0,140.0
long,598,oracle,120.0,0,140.0
long,599,fixed_6,6.0,0,140.0
long,599,fixed_12,12.0,0,140.0
long,599,fixed_24,24.0,0,140.0
long,599,fixed_48,48.0,0,140.0
long,599,threshold_reset,120.0,0,140.0
long,599,readiness_current,120.0,0,140.0
long,599,readiness_history,120.0,0,140.0
long,599,oracle,120.0,0,140.0
long,600,fixed_6,6.0,0,140.0
long,600,fixed_12,12.0,0,140.0
long,600,fixed_24,24.0,0,140.0
long,600,fixed_48,48.0,0,140.0
long,600,threshold_reset,120.0,0,140.0
long,600,readiness_current,120.0,0,140.0
long,600,readiness_history,120.0,0,140.0
long,600,oracle,120.0,0,140.0
long,601,fixed_6,6.0,0,140.0
long,601,fixed_12,12.0,0,140.0
long,601,fixed_24,24.0,0,140.0
long,601,fixed_48,48.0,0,140.0
long,601,threshold_reset,120.0,0,140.0
long,601,readiness_current,120.0,0,140.0
long,601,readiness_history,120.0,0,140.0
long,601,oracle,120.0,0,140.0
long,602,fixed_6,6.0,0,140.0
long,602,fixed_12,12.0,0,140.0
long,602,fixed_24,24.0,0,140.0
long,602,fixed_48,48.0,0,140.0
long,602,threshold_reset,120.0,0,140.0
long,602,readiness_current,120.0,0,140.0
long,602,readiness_history,120.0,0,140.0
long,602,oracle,120.0,0,140.0
long,603,fixed_6,6.0,0,140.0
long,603,fixed_12,12.0,0,140.0
long,603,fixed_24,24.0,0,140.0
long,603,fixed_48,48.0,0,140.0
long,603,threshold_reset,120.0,0,140.0
long,603,readiness_current,120.0,0,140.0
long,603,readiness_history,120.0,0,140.0
long,603,oracle,120.0,0,140.0
long,604,fixed_6,6.0,0,140.0
long,604,fixed_12,12.0,0,140.0
long,604,fixed_24,24.0,0,140.0
long,604,fixed_48,48.0,0,140.0
long,604,threshold_reset,120.0,0,140.0
long,604,readiness_current,120.0,0,140.0
long,604,readiness_history,120.0,0,140.0
long,604,oracle,120.0,0,140.0
long,605,fixed_6,6.0,0,140.0
long,605,fixed_12,12.0,0,140.0
long,605,fixed_24,24.0,0,140.0
long,605,fixed_48,48.0,0,140.0
long,605,threshold_reset,120.0,0,140.0
long,605,readiness_current,120.0,0,140.0
long,605,readiness_history,120.0,0,140.0
long,605,oracle,120.0,0,140.0
long,606,fixed_6,6.0,0,140.0
long,606,fixed_12,12.0,0,140.0
long,606,fixed_24,24.0,0,140.0
long,606,fixed_48,48.0,0,140.0
long,606,threshold_reset,120.0,0,140.0
long,606,readiness_current,120.0,0,140.0
long,606,readiness_history,120.0,0,140.0
long,606,oracle,120.0,0,140.0
long,607,fixed_6,6.0,0,140.0
long,607,fixed_12,12.0,0,140.0
long,607,fixed_24,24.0,0,140.0
long,607,fixed_48,48.0,0,140.0
long,607,threshold_reset,120.0,0,140.0
long,607,readiness_current,120.0,0,140.0
long,607,readiness_history,120.0,0,140.0
long,607,oracle,120.0,0,140.0
long,608,fixed_6,6.0,0,140.0
long,608,fixed_12,12.0,0,140.0
long,608,fixed_24,24.0,0,140.0
long,608,fixed_48,48.0,0,140.0
long,608,threshold_reset,120.0,0,140.0
long,608,readiness_current,120.0,0,140.0
long,608,readiness_history,120.0,0,140.0
long,608,oracle,120.0,0,140.0
long,609,fixed_6,6.0,0,140.0
long,609,fixed_12,12.0,0,140.0
long,609,fixed_24,24.0,0,140.0
long,609,fixed_48,48.0,0,140.0
long,609,threshold_reset,120.0,0,140.0
long,609,readiness_current,120.0,0,140.0
long,609,readiness_history,120.0,0,140.0
long,609,oracle,120.0,0,140.0
long,610,fixed_6,6.0,0,140.0
long,610,fixed_12,12.0,0,140.0
long,610,fixed_24,24.0,0,140.0
long,610,fixed_48,48.0,0,140.0
long,610,threshold_reset,120.0,0,140.0
long,610,readiness_current,120.0,0,140.0
long,610,readiness_history,120.0,0,140.0
long,610,oracle,120.0,0,140.0
long,611,fixed_6,6.0,0,140.0
long,611,fixed_12,12.0,0,140.0
long,611,fixed_24,24.0,0,140.0
long,611,fixed_48,48.0,0,140.0
long,611,threshold_reset,120.0,0,140.0
long,611,readiness_current,120.0,0,140.0
long,611,readiness_history,120.0,0,140.0
long,611,oracle,120.0,0,140.0
long,612,fixed_6,6.0,0,140.0
long,612,fixed_12,12.0,0,140.0
long,612,fixed_24,24.0,0,140.0
long,612,fixed_48,48.0,0,140.0
long,612,threshold_reset,120.0,0,140.0
long,612,readiness_current,120.0,0,140.0
long,612,readiness_history,120.0,0,140.0
long,612,oracle,120.0,0,140.0
long,613,fixed_6,6.0,0,140.0
long,613,fixed_12,12.0,0,140.0
long,613,fixed_24,24.0,0,140.0
long,613,fixed_48,48.0,0,140.0
long,613,threshold_reset,120.0,0,140.0
long,613,readiness_current,120.0,0,140.0
long,613,readiness_history,120.0,0,140.0
long,613,oracle,120.0,0,140.0
long,614,fixed_6,6.0,0,140.0
long,614,fixed_12,12.0,0,140.0
long,614,fixed_24,24.0,0,140.0
long,614,fixed_48,48.0,0,140.0
long,614,threshold_reset,120.0,0,140.0
long,614,readiness_current,120.0,0,140.0
long,614,readiness_history,120.0,0,140.0
long,614,oracle,120.0,0,140.0
long,615,fixed_6,6.0,0,140.0
long,615,fixed_12,12.0,0,140.0
long,615,fixed_24,24.0,0,140.0
long,615,fixed_48,48.0,0,140.0
long,615,threshold_reset,120.0,0,140.0
long,615,readiness_current,120.0,0,140.0
long,615,readiness_history,120.0,0,140.0
long,615,oracle,120.0,0,140.0
long,616,fixed_6,6.0,0,140.0
long,616,fixed_12,12.0,0,140.0
long,616,fixed_24,24.0,0,140.0
long,616,fixed_48,48.0,0,140.0
long,616,threshold_reset,120.0,0,140.0
long,616,readiness_current,120.0,0,140.0
long,616,readiness_history,120.0,0,140.0
long,616,oracle,120.0,0,140.0
long,617,fixed_6,6.0,0,140.0
long,617,fixed_12,12.0,0,140.0
long,617,fixed_24,24.0,0,140.0
long,617,fixed_48,48.0,0,140.0
long,617,threshold_reset,120.0,0,140.0
long,617,readiness_current,120.0,0,140.0
long,617,readiness_history,120.0,0,140.0
long,617,oracle,120.0,0,140.0
long,618,fixed_6,6.0,0,140.0
long,618,fixed_12,12.0,0,140.0
long,618,fixed_24,24.0,0,140.0
long,618,fixed_48,48.0,0,140.0
long,618,threshold_reset,120.0,0,140.0
long,618,readiness_current,120.0,0,140.0
long,618,readiness_history,120.0,0,140.0
long,618,oracle,120.0,0,140.0
long,619,fixed_6,6.0,0,140.0
long,619,fixed_12,12.0,0,140.0
long,619,fixed_24,24.0,0,140.0
long,619,fixed_48,48.0,0,140.0
long,619,threshold_reset,120.0,0,140.0
long,619,readiness_current,120.0,0,140.0
long,619,readiness_history,120.0,0,140.0
long,619,oracle,120.0,0,140.0
long,620,fixed_6,6.0,0,140.0
long,620,fixed_12,12.0,0,140.0
long,620,fixed_24,24.0,0,140.0
long,620,fixed_48,48.0,0,140.0
long,620,threshold_reset,120.0,0,140.0
long,620,readiness_current,120.0,0,140.0
long,620,readiness_history,120.0,0,140.0
long,620,oracle,120.0,0,140.0
long,621,fixed_6,6.0,0,140.0
long,621,fixed_12,12.0,0,140.0
long,621,fixed_24,24.0,0,140.0
long,621,fixed_48,48.0,0,140.0
long,621,threshold_reset,120.0,0,140.0
long,621,readiness_current,120.0,0,140.0
long,621,readiness_history,120.0,0,140.0
long,621,oracle,120.0,0,140.0
long,622,fixed_6,6.0,0,140.0
long,622,fixed_12,12.0,0,140.0
long,622,fixed_24,24.0,0,140.0
long,622,fixed_48,48.0,0,140.0
long,622,threshold_reset,120.0,0,140.0
long,622,readiness_current,120.0,0,140.0
long,622,readiness_history,120.0,0,140.0
long,622,oracle,120.0,0,140.0
long,623,fixed_6,6.0,0,140.0
long,623,fixed_12,12.0,0,140.0
long,623,fixed_24,24.0,0,140.0
long,623,fixed_48,48.0,0,140.0
long,623,threshold_reset,120.0,0,140.0
long,623,readiness_current,120.0,0,140.0
long,623,readiness_history,120.0,0,140.0
long,623,oracle,120.0,0,140.0
long,624,fixed_6,6.0,0,140.0
long,624,fixed_12,12.0,0,140.0
long,624,fixed_24,24.0,0,140.0
long,624,fixed_48,48.0,0,140.0
long,624,threshold_reset,120.0,0,140.0
long,624,readiness_current,120.0,0,140.0
long,624,readiness_history,120.0,0,140.0
long,624,oracle,120.0,0,140.0
long,625,fixed_6,6.0,0,140.0
long,625,fixed_12,12.0,0,140.0
long,625,fixed_24,24.0,0,140.0
long,625,fixed_48,48.0,0,140.0
long,625,threshold_reset,120.0,0,140.0
long,625,readiness_current,120.0,0,140.0
long,625,readiness_history,120.0,0,140.0
long,625,oracle,120.0,0,140.0
long,626,fixed_6,6.0,0,140.0
long,626,fixed_12,12.0,0,140.0
long,626,fixed_24,24.0,0,140.0
long,626,fixed_48,48.0,0,140.0
long,626,threshold_reset,120.0,0,140.0
long,626,readiness_current,120.0,0,140.0
long,626,readiness_history,120.0,0,140.0
long,626,oracle,120.0,0,140.0
long,627,fixed_6,6.0,0,140.0
long,627,fixed_12,12.0,0,140.0
long,627,fixed_24,24.0,0,140.0
long,627,fixed_48,48.0,0,140.0
long,627,threshold_reset,120.0,0,140.0
long,627,readiness_current,120.0,0,140.0
long,627,readiness_history,120.0,0,140.0
long,627,oracle,120.0,0,140.0
long,628,fixed_6,6.0,0,140.0
long,628,fixed_12,12.0,0,140.0
long,628,fixed_24,24.0,0,140.0
long,628,fixed_48,48.0,0,140.0
long,628,threshold_reset,120.0,0,140.0
long,628,readiness_current,120.0,0,140.0
long,628,readiness_history,120.0,0,140.0
long,628,oracle,120.0,0,140.0
long,629,fixed_6,6.0,0,140.0
long,629,fixed_12,12.0,0,140.0
long,629,fixed_24,24.0,0,140.0
long,629,fixed_48,48.0,0,140.0
long,629,threshold_reset,120.0,0,140.0
long,629,readiness_current,120.0,0,140.0
long,629,readiness_history,120.0,0,140.0
long,629,oracle,120.0,0,140.0
long,630,fixed_6,6.0,0,140.0
long,630,fixed_12,12.0,0,140.0
long,630,fixed_24,24.0,0,140.0
long,630,fixed_48,48.0,0,140.0
long,630,threshold_reset,120.0,0,140.0
long,630,readiness_current,120.0,0,140.0
long,630,readiness_history,120.0,0,140.0
long,630,oracle,120.0,0,140.0
long,631,fixed_6,6.0,0,140.0
long,631,fixed_12,12.0,0,140.0
long,631,fixed_24,24.0,0,140.0
long,631,fixed_48,48.0,0,140.0
long,631,threshold_reset,120.0,0,140.0
long,631,readiness_current,120.0,0,140.0
long,631,readiness_history,120.0,0,140.0
long,631,oracle,120.0,0,140.0
long,632,fixed_6,6.0,0,140.0
long,632,fixed_12,12.0,0,140.0
long,632,fixed_24,24.0,0,140.0
long,632,fixed_48,48.0,0,140.0
long,632,threshold_reset,120.0,0,140.0
long,632,readiness_current,120.0,0,140.0
long,632,readiness_history,120.0,0,140.0
long,632,oracle,120.0,0,140.0
long,633,fixed_6,6.0,0,140.0
long,633,fixed_12,12.0,0,140.0
long,633,fixed_24,24.0,0,140.0
long,633,fixed_48,48.0,0,140.0
long,633,threshold_reset,120.0,0,140.0
long,633,readiness_current,120.0,0,140.0
long,633,readiness_history,120.0,0,140.0
long,633,oracle,120.0,0,140.0
long,634,fixed_6,6.0,0,140.0
long,634,fixed_12,12.0,0,140.0
long,634,fixed_24,24.0,0,140.0
long,634,fixed_48,48.0,0,140.0
long,634,threshold_reset,120.0,0,140.0
long,634,readiness_current,120.0,0,140.0
long,634,readiness_history,120.0,0,140.0
long,634,oracle,120.0,0,140.0
long,635,fixed_6,6.0,0,140.0
long,635,fixed_12,12.0,0,140.0
long,635,fixed_24,24.0,0,140.0
long,635,fixed_48,48.0,0,140.0
long,635,threshold_reset,120.0,0,140.0
long,635,readiness_current,120.0,0,140.0
long,635,readiness_history,120.0,0,140.0
long,635,oracle,120.0,0,140.0
long,636,fixed_6,6.0,0,140.0
long,636,fixed_12,12.0,0,140.0
long,636,fixed_24,24.0,0,140.0
long,636,fixed_48,48.0,0,140.0
long,636,threshold_reset,120.0,0,140.0
long,636,readiness_current,120.0,0,140.0
long,636,readiness_history,120.0,0,140.0
long,636,oracle,120.0,0,140.0
long,637,fixed_6,6.0,0,140.0
long,637,fixed_12,12.0,0,140.0
long,637,fixed_24,24.0,0,140.0
long,637,fixed_48,48.0,0,140.0
long,637,threshold_reset,120.0,0,140.0
long,637,readiness_current,120.0,0,140.0
long,637,readiness_history,120.0,0,140.0
long,637,oracle,120.0,0,140.0
long,638,fixed_6,6.0,0,140.0
long,638,fixed_12,12.0,0,140.0
long,638,fixed_24,24.0,0,140.0
long,638,fixed_48,48.0,0,140.0
long,638,threshold_reset,120.0,0,140.0
long,638,readiness_current,120.0,0,140.0
long,638,readiness_history,120.0,0,140.0
long,638,oracle,120.0,0,140.0
long,639,fixed_6,6.0,0,140.0
long,639,fixed_12,12.0,0,140.0
long,639,fixed_24,24.0,0,140.0
long,639,fixed_48,48.0,0,140.0
long,639,threshold_reset,120.0,0,140.0
long,639,readiness_current,120.0,0,140.0
long,639,readiness_history,120.0,0,140.0
long,639,oracle,120.0,0,140.0
long,640,fixed_6,6.0,0,140.0
long,640,fixed_12,12.0,0,140.0
long,640,fixed_24,24.0,0,140.0
long,640,fixed_48,48.0,0,140.0
long,640,threshold_reset,120.0,0,140.0
long,640,readiness_current,120.0,0,140.0
long,640,readiness_history,120.0,0,140.0
long,640,oracle,120.0,0,140.0
long,641,fixed_6,6.0,0,140.0
long,641,fixed_12,12.0,0,140.0
long,641,fixed_24,24.0,0,140.0
long,641,fixed_48,48.0,0,140.0
long,641,threshold_reset,120.0,0,140.0
long,641,readiness_current,120.0,0,140.0
long,641,readiness_history,120.0,0,140.0
long,641,oracle,120.0,0,140.0
long,642,fixed_6,6.0,0,140.0
long,642,fixed_12,12.0,0,140.0
long,642,fixed_24,24.0,0,140.0
long,642,fixed_48,48.0,0,140.0
long,642,threshold_reset,120.0,0,140.0
long,642,readiness_current,120.0,0,140.0
long,642,readiness_history,120.0,0,140.0
long,642,oracle,120.0,0,140.0
long,643,fixed_6,6.0,0,140.0
long,643,fixed_12,12.0,0,140.0
long,643,fixed_24,24.0,0,140.0
long,643,fixed_48,48.0,0,140.0
long,643,threshold_reset,120.0,0,140.0
long,643,readiness_current,120.0,0,140.0
long,643,readiness_history,120.0,0,140.0
long,643,oracle,120.0,0,140.0
long,644,fixed_6,6.0,0,140.0
long,644,fixed_12,12.0,0,140.0
long,644,fixed_24,24.0,0,140.0
long,644,fixed_48,48.0,0,140.0
long,644,threshold_reset,120.0,0,140.0
long,644,readiness_current,120.0,0,140.0
long,644,readiness_history,120.0,0,140.0
long,644,oracle,120.0,0,140.0
long,645,fixed_6,6.0,0,140.0
long,645,fixed_12,12.0,0,140.0
long,645,fixed_24,24.0,0,140.0
long,645,fixed_48,48.0,0,140.0
long,645,threshold_reset,120.0,0,140.0
long,645,readiness_current,120.0,0,140.0
long,645,readiness_history,120.0,0,140.0
long,645,oracle,120.0,0,140.0
long,646,fixed_6,6.0,0,140.0
long,646,fixed_12,12.0,0,140.0
long,646,fixed_24,24.0,0,140.0
long,646,fixed_48,48.0,0,140.0
long,646,threshold_reset,120.0,0,140.0
long,646,readiness_current,120.0,0,140.0
long,646,readiness_history,120.0,0,140.0
long,646,oracle,120.0,0,140.0
long,647,fixed_6,6.0,0,140.0
long,647,fixed_12,12.0,0,140.0
long,647,fixed_24,24.0,0,140.0
long,647,fixed_48,48.0,0,140.0
long,647,threshold_reset,120.0,0,140.0
long,647,readiness_current,120.0,0,140.0
long,647,readiness_history,120.0,0,140.0
long,647,oracle,120.0,0,140.0
long,648,fixed_6,6.0,0,140.0
long,648,fixed_12,12.0,0,140.0
long,648,fixed_24,24.0,0,140.0
long,648,fixed_48,48.0,0,140.0
long,648,threshold_reset,120.0,0,140.0
long,648,readiness_current,120.0,0,140.0
long,648,readiness_history,120.0,0,140.0
long,648,oracle,120.0,0,140.0
long,649,fixed_6,6.0,0,140.0
long,649,fixed_12,12.0,0,140.0
long,649,fixed_24,24.0,0,140.0
long,649,fixed_48,48.0,0,140.0
long,649,threshold_reset,120.0,0,140.0
long,649,readiness_current,120.0,0,140.0
long,649,readiness_history,120.0,0,140.0
long,649,oracle,120.0,0,140.0
long,650,fixed_6,6.0,0,140.0
long,650,fixed_12,12.0,0,140.0
long,650,fixed_24,24.0,0,140.0
long,650,fixed_48,48.0,0,140.0
long,650,threshold_reset,120.0,0,140.0
long,650,readiness_current,120.0,0,140.0
long,650,readiness_history,120.0,0,140.0
long,650,oracle,120.0,0,140.0
long,651,fixed_6,6.0,0,140.0
long,651,fixed_12,12.0,0,140.0
long,651,fixed_24,24.0,0,140.0
long,651,fixed_48,48.0,0,140.0
long,651,threshold_reset,120.0,0,140.0
long,651,readiness_current,120.0,0,140.0
long,651,readiness_history,120.0,0,140.0
long,651,oracle,120.0,0,140.0
long,652,fixed_6,6.0,0,140.0
long,652,fixed_12,12.0,0,140.0
long,652,fixed_24,24.0,0,140.0
long,652,fixed_48,48.0,0,140.0
long,652,threshold_reset,120.0,0,140.0
long,652,readiness_current,120.0,0,140.0
long,652,readiness_history,120.0,0,140.0
long,652,oracle,120.0,0,140.0
long,653,fixed_6,6.0,0,140.0
long,653,fixed_12,12.0,0,140.0
long,653,fixed_24,24.0,0,140.0
long,653,fixed_48,48.0,0,140.0
long,653,threshold_reset,120.0,0,140.0
long,653,readiness_current,120.0,0,140.0
long,653,readiness_history,120.0,0,140.0
long,653,oracle,120.0,0,140.0
long,654,fixed_6,6.0,0,140.0
long,654,fixed_12,12.0,0,140.0
long,654,fixed_24,24.0,0,140.0
long,654,fixed_48,48.0,0,140.0
long,654,threshold_reset,120.0,0,140.0
long,654,readiness_current,120.0,0,140.0
long,654,readiness_history,120.0,0,140.0
long,654,oracle,120.0,0,140.0
long,655,fixed_6,6.0,0,140.0
long,655,fixed_12,12.0,0,140.0
long,655,fixed_24,24.0,0,140.0
long,655,fixed_48,48.0,0,140.0
long,655,threshold_reset,120.0,0,140.0
long,655,readiness_current,120.0,0,140.0
long,655,readiness_history,120.0,0,140.0
long,655,oracle,120.0,0,140.0
long,656,fixed_6,6.0,0,140.0
long,656,fixed_12,12.0,0,140.0
long,656,fixed_24,24.0,0,140.0
long,656,fixed_48,48.0,0,140.0
long,656,threshold_reset,120.0,0,140.0
long,656,readiness_current,120.0,0,140.0
long,656,readiness_history,120.0,0,140.0
long,656,oracle,120.0,0,140.0
long,657,fixed_6,6.0,0,140.0
long,657,fixed_12,12.0,0,140.0
long,657,fixed_24,24.0,0,140.0
long,657,fixed_48,48.0,0,140.0
long,657,threshold_reset,120.0,0,140.0
long,657,readiness_current,120.0,0,140.0
long,657,readiness_history,120.0,0,140.0
long,657,oracle,120.0,0,140.0
long,658,fixed_6,6.0,0,140.0
long,658,fixed_12,12.0,0,140.0
long,658,fixed_24,24.0,0,140.0
long,658,fixed_48,48.0,0,140.0
long,658,threshold_reset,120.0,0,140.0
long,658,readiness_current,120.0,0,140.0
long,658,readiness_history,120.0,0,140.0
long,658,oracle,120.0,0,140.0
long,659,fixed_6,6.0,0,140.0
long,659,fixed_12,12.0,0,140.0
long,659,fixed_24,24.0,0,140.0
long,659,fixed_48,48.0,0,140.0
long,659,threshold_reset,120.0,0,140.0
long,659,readiness_current,120.0,0,140.0
long,659,readiness_history,120.0,0,140.0
long,659,oracle,120.0,0,140.0
long,660,fixed_6,6.0,0,140.0
long,660,fixed_12,12.0,0,140.0
long,660,fixed_24,24.0,0,140.0
long,660,fixed_48,48.0,0,140.0
long,660,threshold_reset,120.0,0,140.0
long,660,readiness_current,120.0,0,140.0
long,660,readiness_history,120.0,0,140.0
long,660,oracle,120.0,0,140.0
long,661,fixed_6,6.0,0,140.0
long,661,fixed_12,12.0,0,140.0
long,661,fixed_24,24.0,0,140.0
long,661,fixed_48,48.0,0,140.0
long,661,threshold_reset,120.0,0,140.0
long,661,readiness_current,120.0,0,140.0
long,661,readiness_history,120.0,0,140.0
long,661,oracle,120.0,0,140.0
long,662,fixed_6,6.0,0,140.0
long,662,fixed_12,12.0,0,140.0
long,662,fixed_24,24.0,0,140.0
long,662,fixed_48,48.0,0,140.0
long,662,threshold_reset,120.0,0,140.0
long,662,readiness_current,120.0,0,140.0
long,662,readiness_history,120.0,0,140.0
long,662,oracle,120.0,0,140.0
long,663,fixed_6,6.0,0,140.0
long,663,fixed_12,12.0,0,140.0
long,663,fixed_24,24.0,0,140.0
long,663,fixed_48,48.0,0,140.0
long,663,threshold_reset,120.0,0,140.0
long,663,readiness_current,120.0,0,140.0
long,663,readiness_history,120.0,0,140.0
long,663,oracle,120.0,0,140.0
long,664,fixed_6,6.0,0,140.0
long,664,fixed_12,12.0,0,140.0
long,664,fixed_24,24.0,0,140.0
long,664,fixed_48,48.0,0,140.0
long,664,threshold_reset,120.0,0,140.0
long,664,readiness_current,120.0,0,140.0
long,664,readiness_history,120.0,0,140.0
long,664,oracle,120.0,0,140.0
long,665,fixed_6,6.0,0,140.0
long,665,fixed_12,12.0,0,140.0
long,665,fixed_24,24.0,0,140.0
long,665,fixed_48,48.0,0,140.0
long,665,threshold_reset,120.0,0,140.0
long,665,readiness_current,120.0,0,140.0
long,665,readiness_history,120.0,0,140.0
long,665,oracle,120.0,0,140.0
long,666,fixed_6,6.0,0,140.0
long,666,fixed_12,12.0,0,140.0
long,666,fixed_24,24.0,0,140.0
long,666,fixed_48,48.0,0,140.0
long,666,threshold_reset,120.0,0,140.0
long,666,readiness_current,120.0,0,140.0
long,666,readiness_history,120.0,0,140.0
long,666,oracle,120.0,0,140.0
long,667,fixed_6,6.0,0,140.0
long,667,fixed_12,12.0,0,140.0
long,667,fixed_24,24.0,0,140.0
long,667,fixed_48,48.0,0,140.0
long,667,threshold_reset,120.0,0,140.0
long,667,readiness_current,120.0,0,140.0
long,667,readiness_history,120.0,0,140.0
long,667,oracle,120.0,0,140.0
long,668,fixed_6,6.0,0,140.0
long,668,fixed_12,12.0,0,140.0
long,668,fixed_24,24.0,0,140.0
long,668,fixed_48,48.0,0,140.0
long,668,threshold_reset,120.0,0,140.0
long,668,readiness_current,120.0,0,140.0
long,668,readiness_history,120.0,0,140.0
long,668,oracle,120.0,0,140.0
long,669,fixed_6,6.0,0,140.0
long,669,fixed_12,12.0,0,140.0
long,669,fixed_24,24.0,0,140.0
long,669,fixed_48,48.0,0,140.0
long,669,threshold_reset,120.0,0,140.0
long,669,readiness_current,120.0,0,140.0
long,669,readiness_history,120.0,0,140.0
long,669,oracle,120.0,0,140.0
long,670,fixed_6,6.0,0,140.0
long,670,fixed_12,12.0,0,140.0
long,670,fixed_24,24.0,0,140.0
long,670,fixed_48,48.0,0,140.0
long,670,threshold_reset,120.0,0,140.0
long,670,readiness_current,120.0,0,140.0
long,670,readiness_history,120.0,0,140.0
long,670,oracle,120.0,0,140.0
long,671,fixed_6,6.0,0,140.0
long,671,fixed_12,12.0,0,140.0
long,671,fixed_24,24.0,0,140.0
long,671,fixed_48,48.0,0,140.0
long,671,threshold_reset,120.0,0,140.0
long,671,readiness_current,120.0,0,140.0
long,671,readiness_history,120.0,0,140.0
long,671,oracle,120.0,0,140.0
long,672,fixed_6,6.0,0,140.0
long,672,fixed_12,12.0,0,140.0
long,672,fixed_24,24.0,0,140.0
long,672,fixed_48,48.0,0,140.0
long,672,threshold_reset,120.0,0,140.0
long,672,readiness_current,120.0,0,140.0
long,672,readiness_history,120.0,0,140.0
long,672,oracle,120.0,0,140.0
long,673,fixed_6,6.0,0,140.0
long,673,fixed_12,12.0,0,140.0
long,673,fixed_24,24.0,0,140.0
long,673,fixed_48,48.0,0,140.0
long,673,threshold_reset,120.0,0,140.0
long,673,readiness_current,120.0,0,140.0
long,673,readiness_history,120.0,0,140.0
long,673,oracle,120.0,0,140.0
long,674,fixed_6,6.0,0,140.0
long,674,fixed_12,12.0,0,140.0
long,674,fixed_24,24.0,0,140.0
long,674,fixed_48,48.0,0,140.0
long,674,threshold_reset,120.0,0,140.0
long,674,readiness_current,120.0,0,140.0
long,674,readiness_history,120.0,0,140.0
long,674,oracle,120.0,0,140.0
long,675,fixed_6,6.0,0,140.0
long,675,fixed_12,12.0,0,140.0
long,675,fixed_24,24.0,0,140.0
long,675,fixed_48,48.0,0,140.0
long,675,threshold_reset,120.0,0,140.0
long,675,readiness_current,120.0,0,140.0
long,675,readiness_history,120.0,0,140.0
long,675,oracle,120.0,0,140.0
long,676,fixed_6,6.0,0,140.0
long,676,fixed_12,12.0,0,140.0
long,676,fixed_24,24.0,0,140.0
long,676,fixed_48,48.0,0,140.0
long,676,threshold_reset,120.0,0,140.0
long,676,readiness_current,120.0,0,140.0
long,676,readiness_history,120.0,0,140.0
long,676,oracle,120.0,0,140.0
long,677,fixed_6,6.0,0,140.0
long,677,fixed_12,12.0,0,140.0
long,677,fixed_24,24.0,0,140.0
long,677,fixed_48,48.0,0,140.0
long,677,threshold_reset,120.0,0,140.0
long,677,readiness_current,120.0,0,140.0
long,677,readiness_history,120.0,0,140.0
long,677,oracle,120.0,0,140.0
long,678,fixed_6,6.0,0,140.0
long,678,fixed_12,12.0,0,140.0
long,678,fixed_24,24.0,0,140.0
long,678,fixed_48,48.0,0,140.0
long,678,threshold_reset,120.0,0,140.0
long,678,readiness_current,120.0,0,140.0
long,678,readiness_history,120.0,0,140.0
long,678,oracle,120.0,0,140.0
long,679,fixed_6,6.0,0,140.0
long,679,fixed_12,12.0,0,140.0
long,679,fixed_24,24.0,0,140.0
long,679,fixed_48,48.0,0,140.0
long,679,threshold_reset,120.0,0,140.0
long,679,readiness_current,120.0,0,140.0
long,679,readiness_history,120.0,0,140.0
long,679,oracle,120.0,0,140.0
long,680,fixed_6,6.0,0,140.0
long,680,fixed_12,12.0,0,140.0
long,680,fixed_24,24.0,0,140.0
long,680,fixed_48,48.0,0,140.0
long,680,threshold_reset,120.0,0,140.0
long,680,readiness_current,120.0,0,140.0
long,680,readiness_history,120.0,0,140.0
long,680,oracle,120.0,0,140.0
long,681,fixed_6,6.0,0,140.0
long,681,fixed_12,12.0,0,140.0
long,681,fixed_24,24.0,0,140.0
long,681,fixed_48,48.0,0,140.0
long,681,threshold_reset,120.0,0,140.0
long,681,readiness_current,120.0,0,140.0
long,681,readiness_history,120.0,0,140.0
long,681,oracle,120.0,0,140.0
long,682,fixed_6,6.0,0,140.0
long,682,fixed_12,12.0,0,140.0
long,682,fixed_24,24.0,0,140.0
long,682,fixed_48,48.0,0,140.0
long,682,threshold_reset,120.0,0,140.0
long,682,readiness_current,120.0,0,140.0
long,682,readiness_history,120.0,0,140.0
long,682,oracle,120.0,0,140.0
long,683,fixed_6,6.0,0,140.0
long,683,fixed_12,12.0,0,140.0
long,683,fixed_24,24.0,0,140.0
long,683,fixed_48,48.0,0,140.0
long,683,threshold_reset,120.0,0,140.0
long,683,readiness_current,120.0,0,140.0
long,683,readiness_history,120.0,0,140.0
long,683,oracle,120.0,0,140.0
long,684,fixed_6,6.0,0,140.0
long,684,fixed_12,12.0,0,140.0
long,684,fixed_24,24.0,0,140.0
long,684,fixed_48,48.0,0,140.0
long,684,threshold_reset,120.0,0,140.0
long,684,readiness_current,120.0,0,140.0
long,684,readiness_history,120.0,0,140.0
long,684,oracle,120.0,0,140.0
long,685,fixed_6,6.0,0,140.0
long,685,fixed_12,12.0,0,140.0
long,685,fixed_24,24.0,0,140.0
long,685,fixed_48,48.0,0,140.0
long,685,threshold_reset,120.0,0,140.0
long,685,readiness_current,120.0,0,140.0
long,685,readiness_history,120.0,0,140.0
long,685,oracle,120.0,0,140.0
long,686,fixed_6,6.0,0,140.0
long,686,fixed_12,12.0,0,140.0
long,686,fixed_24,24.0,0,140.0
long,686,fixed_48,48.0,0,140.0
long,686,threshold_reset,120.0,0,140.0
long,686,readiness_current,120.0,0,140.0
long,686,readiness_history,120.0,0,140.0
long,686,oracle,120.0,0,140.0
long,687,fixed_6,6.0,0,140.0
long,687,fixed_12,12.0,0,140.0
long,687,fixed_24,24.0,0,140.0
long,687,fixed_48,48.0,0,140.0
long,687,threshold_reset,120.0,0,140.0
long,687,readiness_current,120.0,0,140.0
long,687,readiness_history,120.0,0,140.0
long,687,oracle,120.0,0,140.0
long,688,fixed_6,6.0,0,140.0
long,688,fixed_12,12.0,0,140.0
long,688,fixed_24,24.0,0,140.0
long,688,fixed_48,48.0,0,140.0
long,688,threshold_reset,120.0,0,140.0
long,688,readiness_current,120.0,0,140.0
long,688,readiness_history,120.0,0,140.0
long,688,oracle,120.0,0,140.0
long,689,fixed_6,6.0,0,140.0
long,689,fixed_12,12.0,0,140.0
long,689,fixed_24,24.0,0,140.0
long,689,fixed_48,48.0,0,140.0
long,689,threshold_reset,120.0,0,140.0
long,689,readiness_current,120.0,0,140.0
long,689,readiness_history,120.0,0,140.0
long,689,oracle,120.0,0,140.0
long,690,fixed_6,6.0,0,140.0
long,690,fixed_12,12.0,0,140.0
long,690,fixed_24,24.0,0,140.0
long,690,fixed_48,48.0,0,140.0
long,690,threshold_reset,120.0,0,140.0
long,690,readiness_current,120.0,0,140.0
long,690,readiness_history,120.0,0,140.0
long,690,oracle,120.0,0,140.0
long,691,fixed_6,6.0,0,140.0
long,691,fixed_12,12.0,0,140.0
long,691,fixed_24,24.0,0,140.0
long,691,fixed_48,48.0,0,140.0
long,691,threshold_reset,120.0,0,140.0
long,691,readiness_current,120.0,0,140.0
long,691,readiness_history,120.0,0,140.0
long,691,oracle,120.0,0,140.0
long,692,fixed_6,6.0,0,140.0
long,692,fixed_12,12.0,0,140.0
long,692,fixed_24,24.0,0,140.0
long,692,fixed_48,48.0,0,140.0
long,692,threshold_reset,120.0,0,140.0
long,692,readiness_current,120.0,0,140.0
long,692,readiness_history,120.0,0,140.0
long,692,oracle,120.0,0,140.0
long,693,fixed_6,6.0,0,140.0
long,693,fixed_12,12.0,0,140.0
long,693,fixed_24,24.0,0,140.0
long,693,fixed_48,48.0,0,140.0
long,693,threshold_reset,120.0,0,140.0
long,693,readiness_current,120.0,0,140.0
long,693,readiness_history,120.0,0,140.0
long,693,oracle,120.0,0,140.0
long,694,fixed_6,6.0,0,140.0
long,694,fixed_12,12.0,0,140.0
long,694,fixed_24,24.0,0,140.0
long,694,fixed_48,48.0,0,140.0
long,694,threshold_reset,120.0,0,140.0
long,694,readiness_current,120.0,0,140.0
long,694,readiness_history,120.0,0,140.0
long,694,oracle,120.0,0,140.0
long,695,fixed_6,6.0,0,140.0
long,695,fixed_12,12.0,0,140.0
long,695,fixed_24,24.0,0,140.0
long,695,fixed_48,48.0,0,140.0
long,695,threshold_reset,120.0,0,140.0
long,695,readiness_current,120.0,0,140.0
long,695,readiness_history,120.0,0,140.0
long,695,oracle,120.0,0,140.0
long,696,fixed_6,6.0,0,140.0
long,696,fixed_12,12.0,0,140.0
long,696,fixed_24,24.0,0,140.0
long,696,fixed_48,48.0,0,140.0
long,696,threshold_reset,120.0,0,140.0
long,696,readiness_current,120.0,0,140.0
long,696,readiness_history,120.0,0,140.0
long,696,oracle,120.0,0,140.0
long,697,fixed_6,6.0,0,140.0
long,697,fixed_12,12.0,0,140.0
long,697,fixed_24,24.0,0,140.0
long,697,fixed_48,48.0,0,140.0
long,697,threshold_reset,120.0,0,140.0
long,697,readiness_current,120.0,0,140.0
long,697,readiness_history,120.0,0,140.0
long,697,oracle,120.0,0,140.0
long,698,fixed_6,6.0,0,140.0
long,698,fixed_12,12.0,0,140.0
long,698,fixed_24,24.0,0,140.0
long,698,fixed_48,48.0,0,140.0
long,698,threshold_reset,120.0,0,140.0
long,698,readiness_current,120.0,0,140.0
long,698,readiness_history,120.0,0,140.0
long,698,oracle,120.0,0,140.0
long,699,fixed_6,6.0,0,140.0
long,699,fixed_12,12.0,0,140.0
long,699,fixed_24,24.0,0,140.0
long,699,fixed_48,48.0,0,140.0
long,699,threshold_reset,120.0,0,140.0
long,699,readiness_current,120.0,0,140.0
long,699,readiness_history,120.0,0,140.0
long,699,oracle,120.0,0,140.0
long,700,fixed_6,6.0,0,140.0
long,700,fixed_12,12.0,0,140.0
long,700,fixed_24,24.0,0,140.0
long,700,fixed_48,48.0,0,140.0
long,700,threshold_reset,120.0,0,140.0
long,700,readiness_current,120.0,0,140.0
long,700,readiness_history,120.0,0,140.0
long,700,oracle,120.0,0,140.0
long,701,fixed_6,6.0,0,140.0
long,701,fixed_12,12.0,0,140.0
long,701,fixed_24,24.0,0,140.0
long,701,fixed_48,48.0,0,140.0
long,701,threshold_reset,120.0,0,140.0
long,701,readiness_current,120.0,0,140.0
long,701,readiness_history,120.0,0,140.0
long,701,oracle,120.0,0,140.0
long,702,fixed_6,6.0,0,140.0
long,702,fixed_12,12.0,0,140.0
long,702,fixed_24,24.0,0,140.0
long,702,fixed_48,48.0,0,140.0
long,702,threshold_reset,120.0,0,140.0
long,702,readiness_current,120.0,0,140.0
long,702,readiness_history,120.0,0,140.0
long,702,oracle,120.0,0,140.0
long,703,fixed_6,6.0,0,140.0
long,703,fixed_12,12.0,0,140.0
long,703,fixed_24,24.0,0,140.0
long,703,fixed_48,48.0,0,140.0
long,703,threshold_reset,120.0,0,140.0
long,703,readiness_current,120.0,0,140.0
long,703,readiness_history,120.0,0,140.0
long,703,oracle,120.0,0,140.0
long,704,fixed_6,6.0,0,140.0
long,704,fixed_12,12.0,0,140.0
long,704,fixed_24,24.0,0,140.0
long,704,fixed_48,48.0,0,140.0
long,704,threshold_reset,120.0,0,140.0
long,704,readiness_current,120.0,0,140.0
long,704,readiness_history,120.0,0,140.0
long,704,oracle,120.0,0,140.0
long,705,fixed_6,6.0,0,140.0
long,705,fixed_12,12.0,0,140.0
long,705,fixed_24,24.0,0,140.0
long,705,fixed_48,48.0,0,140.0
long,705,threshold_reset,120.0,0,140.0
long,705,readiness_current,120.0,0,140.0
long,705,readiness_history,120.0,0,140.0
long,705,oracle,120.0,0,140.0
long,706,fixed_6,6.0,0,140.0
long,706,fixed_12,12.0,0,140.0
long,706,fixed_24,24.0,0,140.0
long,706,fixed_48,48.0,0,140.0
long,706,threshold_reset,120.0,0,140.0
long,706,readiness_current,120.0,0,140.0
long,706,readiness_history,120.0,0,140.0
long,706,oracle,120.0,0,140.0
long,707,fixed_6,6.0,0,140.0
long,707,fixed_12,12.0,0,140.0
long,707,fixed_24,24.0,0,140.0
long,707,fixed_48,48.0,0,140.0
long,707,threshold_reset,120.0,0,140.0
long,707,readiness_current,120.0,0,140.0
long,707,readiness_history,120.0,0,140.0
long,707,oracle,120.0,0,140.0
long,708,fixed_6,6.0,0,140.0
long,708,fixed_12,12.0,0,140.0
long,708,fixed_24,24.0,0,140.0
long,708,fixed_48,48.0,0,140.0
long,708,threshold_reset,120.0,0,140.0
long,708,readiness_current,120.0,0,140.0
long,708,readiness_history,120.0,0,140.0
long,708,oracle,120.0,0,140.0
long,709,fixed_6,6.0,0,140.0
long,709,fixed_12,12.0,0,140.0
long,709,fixed_24,24.0,0,140.0
long,709,fixed_48,48.0,0,140.0
long,709,threshold_reset,120.0,0,140.0
long,709,readiness_current,120.0,0,140.0
long,709,readiness_history,120.0,0,140.0
long,709,oracle,120.0,0,140.0
long,710,fixed_6,6.0,0,140.0
long,710,fixed_12,12.0,0,140.0
long,710,fixed_24,24.0,0,140.0
long,710,fixed_48,48.0,0,140.0
long,710,threshold_reset,120.0,0,140.0
long,710,readiness_current,120.0,0,140.0
long,710,readiness_history,120.0,0,140.0
long,710,oracle,120.0,0,140.0
long,711,fixed_6,6.0,0,140.0
long,711,fixed_12,12.0,0,140.0
long,711,fixed_24,24.0,0,140.0
long,711,fixed_48,48.0,0,140.0
long,711,threshold_reset,120.0,0,140.0
long,711,readiness_current,120.0,0,140.0
long,711,readiness_history,120.0,0,140.0
long,711,oracle,120.0,0,140.0
long,712,fixed_6,6.0,0,140.0
long,712,fixed_12,12.0,0,140.0
long,712,fixed_24,24.0,0,140.0
long,712,fixed_48,48.0,0,140.0
long,712,threshold_reset,120.0,0,140.0
long,712,readiness_current,120.0,0,140.0
long,712,readiness_history,120.0,0,140.0
long,712,oracle,120.0,0,140.0
long,713,fixed_6,6.0,0,140.0
long,713,fixed_12,12.0,0,140.0
long,713,fixed_24,24.0,0,140.0
long,713,fixed_48,48.0,0,140.0
long,713,threshold_reset,120.0,0,140.0
long,713,readiness_current,120.0,0,140.0
long,713,readiness_history,120.0,0,140.0
long,713,oracle,120.0,0,140.0
long,714,fixed_6,6.0,0,140.0
long,714,fixed_12,12.0,0,140.0
long,714,fixed_24,24.0,0,140.0
long,714,fixed_48,48.0,0,140.0
long,714,threshold_reset,120.0,0,140.0
long,714,readiness_current,120.0,0,140.0
long,714,readiness_history,120.0,0,140.0
long,714,oracle,120.0,0,140.0
long,715,fixed_6,6.0,0,140.0
long,715,fixed_12,12.0,0,140.0
long,715,fixed_24,24.0,0,140.0
long,715,fixed_48,48.0,0,140.0
long,715,threshold_reset,120.0,0,140.0
long,715,readiness_current,120.0,0,140.0
long,715,readiness_history,120.0,0,140.0
long,715,oracle,120.0,0,140.0
long,716,fixed_6,6.0,0,140.0
long,716,fixed_12,12.0,0,140.0
long,716,fixed_24,24.0,0,140.0
long,716,fixed_48,48.0,0,140.0
long,716,threshold_reset,120.0,0,140.0
long,716,readiness_current,120.0,0,140.0
long,716,readiness_history,120.0,0,140.0
long,716,oracle,120.0,0,140.0
long,717,fixed_6,6.0,0,140.0
long,717,fixed_12,12.0,0,140.0
long,717,fixed_24,24.0,0,140.0
long,717,fixed_48,48.0,0,140.0
long,717,threshold_reset,120.0,0,140.0
long,717,readiness_current,120.0,0,140.0
long,717,readiness_history,120.0,0,140.0
long,717,oracle,120.0,0,140.0
long,718,fixed_6,6.0,0,140.0
long,718,fixed_12,12.0,0,140.0
long,718,fixed_24,24.0,0,140.0
long,718,fixed_48,48.0,0,140.0
long,718,threshold_reset,120.0,0,140.0
long,718,readiness_current,120.0,0,140.0
long,718,readiness_history,120.0,0,140.0
long,718,oracle,120.0,0,140.0
long,719,fixed_6,6.0,0,140.0
long,719,fixed_12,12.0,0,140.0
long,719,fixed_24,24.0,0,140.0
long,719,fixed_48,48.0,0,140.0
long,719,threshold_reset,120.0,0,140.0
long,719,readiness_current,120.0,0,140.0
long,719,readiness_history,120.0,0,140.0
long,719,oracle,120.0,0,140.0
long,720,fixed_6,6.0,0,140.0
long,720,fixed_12,12.0,0,140.0
long,720,fixed_24,24.0,0,140.0
long,720,fixed_48,48.0,0,140.0
long,720,threshold_reset,120.0,0,140.0
long,720,readiness_current,120.0,0,140.0
long,720,readiness_history,120.0,0,140.0
long,720,oracle,120.0,0,140.0
long,721,fixed_6,6.0,0,140.0
long,721,fixed_12,12.0,0,140.0
long,721,fixed_24,24.0,0,140.0
long,721,fixed_48,48.0,0,140.0
long,721,threshold_reset,120.0,0,140.0
long,721,readiness_current,120.0,0,140.0
long,721,readiness_history,120.0,0,140.0
long,721,oracle,120.0,0,140.0
long,722,fixed_6,6.0,0,140.0
long,722,fixed_12,12.0,0,140.0
long,722,fixed_24,24.0,0,140.0
long,722,fixed_48,48.0,0,140.0
long,722,threshold_reset,120.0,0,140.0
long,722,readiness_current,120.0,0,140.0
long,722,readiness_history,120.0,0,140.0
long,722,oracle,120.0,0,140.0
long,723,fixed_6,6.0,0,140.0
long,723,fixed_12,12.0,0,140.0
long,723,fixed_24,24.0,0,140.0
long,723,fixed_48,48.0,0,140.0
long,723,threshold_reset,120.0,0,140.0
long,723,readiness_current,120.0,0,140.0
long,723,readiness_history,120.0,0,140.0
long,723,oracle,120.0,0,140.0
long,724,fixed_6,6.0,0,140.0
long,724,fixed_12,12.0,0,140.0
long,724,fixed_24,24.0,0,140.0
long,724,fixed_48,48.0,0,140.0
long,724,threshold_reset,120.0,0,140.0
long,724,readiness_current,120.0,0,140.0
long,724,readiness_history,120.0,0,140.0
long,724,oracle,120.0,0,140.0
long,725,fixed_6,6.0,0,140.0
long,725,fixed_12,12.0,0,140.0
long,725,fixed_24,24.0,0,140.0
long,725,fixed_48,48.0,0,140.0
long,725,threshold_reset,120.0,0,140.0
long,725,readiness_current,120.0,0,140.0
long,725,readiness_history,120.0,0,140.0
long,725,oracle,120.0,0,140.0
long,726,fixed_6,6.0,0,140.0
long,726,fixed_12,12.0,0,140.0
long,726,fixed_24,24.0,0,140.0
long,726,fixed_48,48.0,0,140.0
long,726,threshold_reset,120.0,0,140.0
long,726,readiness_current,120.0,0,140.0
long,726,readiness_history,120.0,0,140.0
long,726,oracle,120.0,0,140.0
long,727,fixed_6,6.0,0,140.0
long,727,fixed_12,12.0,0,140.0
long,727,fixed_24,24.0,0,140.0
long,727,fixed_48,48.0,0,140.0
long,727,threshold_reset,120.0,0,140.0
long,727,readiness_current,120.0,0,140.0
long,727,readiness_history,120.0,0,140.0
long,727,oracle,120.0,0,140.0
long,728,fixed_6,6.0,0,140.0
long,728,fixed_12,12.0,0,140.0
long,728,fixed_24,24.0,0,140.0
long,728,fixed_48,48.0,0,140.0
long,728,threshold_reset,120.0,0,140.0
long,728,readiness_current,120.0,0,140.0
long,728,readiness_history,120.0,0,140.0
long,728,oracle,120.0,0,140.0
long,729,fixed_6,6.0,0,140.0
long,729,fixed_12,12.0,0,140.0
long,729,fixed_24,24.0,0,140.0
long,729,fixed_48,48.0,0,140.0
long,729,threshold_reset,120.0,0,140.0
long,729,readiness_current,120.0,0,140.0
long,729,readiness_history,120.0,0,140.0
long,729,oracle,120.0,0,140.0
long,730,fixed_6,6.0,0,140.0
long,730,fixed_12,12.0,0,140.0
long,730,fixed_24,24.0,0,140.0
long,730,fixed_48,48.0,0,140.0
long,730,threshold_reset,120.0,0,140.0
long,730,readiness_current,120.0,0,140.0
long,730,readiness_history,120.0,0,140.0
long,730,oracle,120.0,0,140.0
long,731,fixed_6,6.0,0,140.0
long,731,fixed_12,12.0,0,140.0
long,731,fixed_24,24.0,0,140.0
long,731,fixed_48,48.0,0,140.0
long,731,threshold_reset,120.0,0,140.0
long,731,readiness_current,120.0,0,140.0
long,731,readiness_history,120.0,0,140.0
long,731,oracle,120.0,0,140.0
long,732,fixed_6,6.0,0,140.0
long,732,fixed_12,12.0,0,140.0
long,732,fixed_24,24.0,0,140.0
long,732,fixed_48,48.0,0,140.0
long,732,threshold_reset,120.0,0,140.0
long,732,readiness_current,120.0,0,140.0
long,732,readiness_history,120.0,0,140.0
long,732,oracle,120.0,0,140.0
long,733,fixed_6,6.0,0,140.0
long,733,fixed_12,12.0,0,140.0
long,733,fixed_24,24.0,0,140.0
long,733,fixed_48,48.0,0,140.0
long,733,threshold_reset,120.0,0,140.0
long,733,readiness_current,120.0,0,140.0
long,733,readiness_history,120.0,0,140.0
long,733,oracle,120.0,0,140.0
long,734,fixed_6,6.0,0,140.0
long,734,fixed_12,12.0,0,140.0
long,734,fixed_24,24.0,0,140.0
long,734,fixed_48,48.0,0,140.0
long,734,threshold_reset,120.0,0,140.0
long,734,readiness_current,120.0,0,140.0
long,734,readiness_history,120.0,0,140.0
long,734,oracle,120.0,0,140.0
long,735,fixed_6,6.0,0,140.0
long,735,fixed_12,12.0,0,140.0
long,735,fixed_24,24.0,0,140.0
long,735,fixed_48,48.0,0,140.0
long,735,threshold_reset,120.0,0,140.0
long,735,readiness_current,120.0,0,140.0
long,735,readiness_history,120.0,0,140.0
long,735,oracle,120.0,0,140.0
long,736,fixed_6,6.0,0,140.0
long,736,fixed_12,12.0,0,140.0
long,736,fixed_24,24.0,0,140.0
long,736,fixed_48,48.0,0,140.0
long,736,threshold_reset,120.0,0,140.0
long,736,readiness_current,120.0,0,140.0
long,736,readiness_history,120.0,0,140.0
long,736,oracle,120.0,0,140.0
long,737,fixed_6,6.0,0,140.0
long,737,fixed_12,12.0,0,140.0
long,737,fixed_24,24.0,0,140.0
long,737,fixed_48,48.0,0,140.0
long,737,threshold_reset,120.0,0,140.0
long,737,readiness_current,120.0,0,140.0
long,737,readiness_history,120.0,0,140.0
long,737,oracle,120.0,0,140.0
long,738,fixed_6,6.0,0,140.0
long,738,fixed_12,12.0,0,140.0
long,738,fixed_24,24.0,0,140.0
long,738,fixed_48,48.0,0,140.0
long,738,threshold_reset,120.0,0,140.0
long,738,readiness_current,120.0,0,140.0
long,738,readiness_history,120.0,0,140.0
long,738,oracle,120.0,0,140.0
long,739,fixed_6,6.0,0,140.0
long,739,fixed_12,12.0,0,140.0
long,739,fixed_24,24.0,0,140.0
long,739,fixed_48,48.0,0,140.0
long,739,threshold_reset,120.0,0,140.0
long,739,readiness_current,120.0,0,140.0
long,739,readiness_history,120.0,0,140.0
long,739,oracle,120.0,0,140.0
long,740,fixed_6,6.0,0,140.0
long,740,fixed_12,12.0,0,140.0
long,740,fixed_24,24.0,0,140.0
long,740,fixed_48,48.0,0,140.0
long,740,threshold_reset,120.0,0,140.0
long,740,readiness_current,120.0,0,140.0
long,740,readiness_history,120.0,0,140.0
long,740,oracle,120.0,0,140.0
long,741,fixed_6,6.0,0,140.0
long,741,fixed_12,12.0,0,140.0
long,741,fixed_24,24.0,0,140.0
long,741,fixed_48,48.0,0,140.0
long,741,threshold_reset,120.0,0,140.0
long,741,readiness_current,120.0,0,140.0
long,741,readiness_history,120.0,0,140.0
long,741,oracle,120.0,0,140.0
long,742,fixed_6,6.0,0,140.0
long,742,fixed_12,12.0,0,140.0
long,742,fixed_24,24.0,0,140.0
long,742,fixed_48,48.0,0,140.0
long,742,threshold_reset,120.0,0,140.0
long,742,readiness_current,120.0,0,140.0
long,742,readiness_history,120.0,0,140.0
long,742,oracle,120.0,0,140.0
long,743,fixed_6,6.0,0,140.0
long,743,fixed_12,12.0,0,140.0
long,743,fixed_24,24.0,0,140.0
long,743,fixed_48,48.0,0,140.0
long,743,threshold_reset,120.0,0,140.0
long,743,readiness_current,120.0,0,140.0
long,743,readiness_history,120.0,0,140.0
long,743,oracle,120.0,0,140.0
long,744,fixed_6,6.0,0,140.0
long,744,fixed_12,12.0,0,140.0
long,744,fixed_24,24.0,0,140.0
long,744,fixed_48,48.0,0,140.0
long,744,threshold_reset,120.0,0,140.0
long,744,readiness_current,120.0,0,140.0
long,744,readiness_history,120.0,0,140.0
long,744,oracle,120.0,0,140.0
long,745,fixed_6,6.0,0,140.0
long,745,fixed_12,12.0,0,140.0
long,745,fixed_24,24.0,0,140.0
long,745,fixed_48,48.0,0,140.0
long,745,threshold_reset,120.0,0,140.0
long,745,readiness_current,120.0,0,140.0
long,745,readiness_history,120.0,0,140.0
long,745,oracle,120.0,0,140.0
long,746,fixed_6,6.0,0,140.0
long,746,fixed_12,12.0,0,140.0
long,746,fixed_24,24.0,0,140.0
long,746,fixed_48,48.0,0,140.0
long,746,threshold_reset,120.0,0,140.0
long,746,readiness_current,120.0,0,140.0
long,746,readiness_history,120.0,0,140.0
long,746,oracle,120.0,0,140.0
long,747,fixed_6,6.0,0,140.0
long,747,fixed_12,12.0,0,140.0
long,747,fixed_24,24.0,0,140.0
long,747,fixed_48,48.0,0,140.0
long,747,threshold_reset,120.0,0,140.0
long,747,readiness_current,120.0,0,140.0
long,747,readiness_history,120.0,0,140.0
long,747,oracle,120.0,0,140.0
long,748,fixed_6,6.0,0,140.0
long,748,fixed_12,12.0,0,140.0
long,748,fixed_24,24.0,0,140.0
long,748,fixed_48,48.0,0,140.0
long,748,threshold_reset,120.0,0,140.0
long,748,readiness_current,120.0,0,140.0
long,748,readiness_history,120.0,0,140.0
long,748,oracle,120.0,0,140.0
long,749,fixed_6,6.0,0,140.0
long,749,fixed_12,12.0,0,140.0
long,749,fixed_24,24.0,0,140.0
long,749,fixed_48,48.0,0,140.0
long,749,threshold_reset,120.0,0,140.0
long,749,readiness_current,120.0,0,140.0
long,749,readiness_history,120.0,0,140.0
long,749,oracle,120.0,0,140.0
long,750,fixed_6,6.0,0,140.0
long,750,fixed_12,12.0,0,140.0
long,750,fixed_24,24.0,0,140.0
long,750,fixed_48,48.0,0,140.0
long,750,threshold_reset,120.0,0,140.0
long,750,readiness_current,120.0,0,140.0
long,750,readiness_history,120.0,0,140.0
long,750,oracle,120.0,0,140.0
long,751,fixed_6,6.0,0,140.0
long,751,fixed_12,12.0,0,140.0
long,751,fixed_24,24.0,0,140.0
long,751,fixed_48,48.0,0,140.0
long,751,threshold_reset,120.0,0,140.0
long,751,readiness_current,120.0,0,140.0
long,751,readiness_history,120.0,0,140.0
long,751,oracle,120.0,0,140.0
long,752,fixed_6,6.0,0,140.0
long,752,fixed_12,12.0,0,140.0
long,752,fixed_24,24.0,0,140.0
long,752,fixed_48,48.0,0,140.0
long,752,threshold_reset,120.0,0,140.0
long,752,readiness_current,120.0,0,140.0
long,752,readiness_history,120.0,0,140.0
long,752,oracle,120.0,0,140.0
long,753,fixed_6,6.0,0,140.0
long,753,fixed_12,12.0,0,140.0
long,753,fixed_24,24.0,0,140.0
long,753,fixed_48,48.0,0,140.0
long,753,threshold_reset,120.0,0,140.0
long,753,readiness_current,120.0,0,140.0
long,753,readiness_history,120.0,0,140.0
long,753,oracle,120.0,0,140.0
long,754,fixed_6,6.0,0,140.0
long,754,fixed_12,12.0,0,140.0
long,754,fixed_24,24.0,0,140.0
long,754,fixed_48,48.0,0,140.0
long,754,threshold_reset,120.0,0,140.0
long,754,readiness_current,120.0,0,140.0
long,754,readiness_history,120.0,0,140.0
long,754,oracle,120.0,0,140.0
long,755,fixed_6,6.0,0,140.0
long,755,fixed_12,12.0,0,140.0
long,755,fixed_24,24.0,0,140.0
long,755,fixed_48,48.0,0,140.0
long,755,threshold_reset,120.0,0,140.0
long,755,readiness_current,120.0,0,140.0
long,755,readiness_history,120.0,0,140.0
long,755,oracle,120.0,0,140.0
long,756,fixed_6,6.0,0,140.0
long,756,fixed_12,12.0,0,140.0
long,756,fixed_24,24.0,0,140.0
long,756,fixed_48,48.0,0,140.0
long,756,threshold_reset,120.0,0,140.0
long,756,readiness_current,120.0,0,140.0
long,756,readiness_history,120.0,0,140.0
long,756,oracle,120.0,0,140.0
long,757,fixed_6,6.0,0,140.0
long,757,fixed_12,12.0,0,140.0
long,757,fixed_24,24.0,0,140.0
long,757,fixed_48,48.0,0,140.0
long,757,threshold_reset,120.0,0,140.0
long,757,readiness_current,120.0,0,140.0
long,757,readiness_history,120.0,0,140.0
long,757,oracle,120.0,0,140.0
long,758,fixed_6,6.0,0,140.0
long,758,fixed_12,12.0,0,140.0
long,758,fixed_24,24.0,0,140.0
long,758,fixed_48,48.0,0,140.0
long,758,threshold_reset,120.0,0,140.0
long,758,readiness_current,120.0,0,140.0
long,758,readiness_history,120.0,0,140.0
long,758,oracle,120.0,0,140.0
long,759,fixed_6,6.0,0,140.0
long,759,fixed_12,12.0,0,140.0
long,759,fixed_24,24.0,0,140.0
long,759,fixed_48,48.0,0,140.0
long,759,threshold_reset,120.0,0,140.0
long,759,readiness_current,120.0,0,140.0
long,759,readiness_history,120.0,0,140.0
long,759,oracle,120.0,0,140.0
long,760,fixed_6,6.0,0,140.0
long,760,fixed_12,12.0,0,140.0
long,760,fixed_24,24.0,0,140.0
long,760,fixed_48,48.0,0,140.0
long,760,threshold_reset,120.0,0,140.0
long,760,readiness_current,120.0,0,140.0
long,760,readiness_history,120.0,0,140.0
long,760,oracle,120.0,0,140.0
long,761,fixed_6,6.0,0,140.0
long,761,fixed_12,12.0,0,140.0
long,761,fixed_24,24.0,0,140.0
long,761,fixed_48,48.0,0,140.0
long,761,threshold_reset,120.0,0,140.0
long,761,readiness_current,120.0,0,140.0
long,761,readiness_history,120.0,0,140.0
long,761,oracle,120.0,0,140.0
long,762,fixed_6,6.0,0,140.0
long,762,fixed_12,12.0,0,140.0
long,762,fixed_24,24.0,0,140.0
long,762,fixed_48,48.0,0,140.0
long,762,threshold_reset,120.0,0,140.0
long,762,readiness_current,120.0,0,140.0
long,762,readiness_history,120.0,0,140.0
long,762,oracle,120.0,0,140.0
long,763,fixed_6,6.0,0,140.0
long,763,fixed_12,12.0,0,140.0
long,763,fixed_24,24.0,0,140.0
long,763,fixed_48,48.0,0,140.0
long,763,threshold_reset,120.0,0,140.0
long,763,readiness_current,120.0,0,140.0
long,763,readiness_history,120.0,0,140.0
long,763,oracle,120.0,0,140.0
long,764,fixed_6,6.0,0,140.0
long,764,fixed_12,12.0,0,140.0
long,764,fixed_24,24.0,0,140.0
long,764,fixed_48,48.0,0,140.0
long,764,threshold_reset,120.0,0,140.0
long,764,readiness_current,120.0,0,140.0
long,764,readiness_history,120.0,0,140.0
long,764,oracle,120.0,0,140.0
long,765,fixed_6,6.0,0,140.0
long,765,fixed_12,12.0,0,140.0
long,765,fixed_24,24.0,0,140.0
long,765,fixed_48,48.0,0,140.0
long,765,threshold_reset,120.0,0,140.0
long,765,readiness_current,120.0,0,140.0
long,765,readiness_history,120.0,0,140.0
long,765,oracle,120.0,0,140.0
long,766,fixed_6,6.0,0,140.0
long,766,fixed_12,12.0,0,140.0
long,766,fixed_24,24.0,0,140.0
long,766,fixed_48,48.0,0,140.0
long,766,threshold_reset,120.0,0,140.0
long,766,readiness_current,120.0,0,140.0
long,766,readiness_history,120.0,0,140.0
long,766,oracle,120.0,0,140.0
long,767,fixed_6,6.0,0,140.0
long,767,fixed_12,12.0,0,140.0
long,767,fixed_24,24.0,0,140.0
long,767,fixed_48,48.0,0,140.0
long,767,threshold_reset,120.0,0,140.0
long,767,readiness_current,120.0,0,140.0
long,767,readiness_history,120.0,0,140.0
long,767,oracle,120.0,0,140.0
long,768,fixed_6,6.0,0,140.0
long,768,fixed_12,12.0,0,140.0
long,768,fixed_24,24.0,0,140.0
long,768,fixed_48,48.0,0,140.0
long,768,threshold_reset,120.0,0,140.0
long,768,readiness_current,120.0,0,140.0
long,768,readiness_history,120.0,0,140.0
long,768,oracle,120.0,0,140.0
long,769,fixed_6,6.0,0,140.0
long,769,fixed_12,12.0,0,140.0
long,769,fixed_24,24.0,0,140.0
long,769,fixed_48,48.0,0,140.0
long,769,threshold_reset,120.0,0,140.0
long,769,readiness_current,120.0,0,140.0
long,769,readiness_history,120.0,0,140.0
long,769,oracle,120.0,0,140.0
long,770,fixed_6,6.0,0,140.0
long,770,fixed_12,12.0,0,140.0
long,770,fixed_24,24.0,0,140.0
long,770,fixed_48,48.0,0,140.0
long,770,threshold_reset,120.0,0,140.0
long,770,readiness_current,120.0,0,140.0
long,770,readiness_history,120.0,0,140.0
long,770,oracle,120.0,0,140.0
long,771,fixed_6,6.0,0,140.0
long,771,fixed_12,12.0,0,140.0
long,771,fixed_24,24.0,0,140.0
long,771,fixed_48,48.0,0,140.0
long,771,threshold_reset,120.0,0,140.0
long,771,readiness_current,120.0,0,140.0
long,771,readiness_history,120.0,0,140.0
long,771,oracle,120.0,0,140.0
long,772,fixed_6,6.0,0,140.0
long,772,fixed_12,12.0,0,140.0
long,772,fixed_24,24.0,0,140.0
long,772,fixed_48,48.0,0,140.0
long,772,threshold_reset,120.0,0,140.0
long,772,readiness_current,120.0,0,140.0
long,772,readiness_history,120.0,0,140.0
long,772,oracle,120.0,0,140.0
long,773,fixed_6,6.0,0,140.0
long,773,fixed_12,12.0,0,140.0
long,773,fixed_24,24.0,0,140.0
long,773,fixed_48,48.0,0,140.0
long,773,threshold_reset,120.0,0,140.0
long,773,readiness_current,120.0,0,140.0
long,773,readiness_history,120.0,0,140.0
long,773,oracle,120.0,0,140.0
long,774,fixed_6,6.0,0,140.0
long,774,fixed_12,12.0,0,140.0
long,774,fixed_24,24.0,0,140.0
long,774,fixed_48,48.0,0,140.0
long,774,threshold_reset,120.0,0,140.0
long,774,readiness_current,120.0,0,140.0
long,774,readiness_history,120.0,0,140.0
long,774,oracle,120.0,0,140.0
long,775,fixed_6,6.0,0,140.0
long,775,fixed_12,12.0,0,140.0
long,775,fixed_24,24.0,0,140.0
long,775,fixed_48,48.0,0,140.0
long,775,threshold_reset,120.0,0,140.0
long,775,readiness_current,120.0,0,140.0
long,775,readiness_history,120.0,0,140.0
long,775,oracle,120.0,0,140.0
long,776,fixed_6,6.0,0,140.0
long,776,fixed_12,12.0,0,140.0
long,776,fixed_24,24.0,0,140.0
long,776,fixed_48,48.0,0,140.0
long,776,threshold_reset,120.0,0,140.0
long,776,readiness_current,120.0,0,140.0
long,776,readiness_history,120.0,0,140.0
long,776,oracle,120.0,0,140.0
long,777,fixed_6,6.0,0,140.0
long,777,fixed_12,12.0,0,140.0
long,777,fixed_24,24.0,0,140.0
long,777,fixed_48,48.0,0,140.0
long,777,threshold_reset,120.0,0,140.0
long,777,readiness_current,120.0,0,140.0
long,777,readiness_history,120.0,0,140.0
long,777,oracle,120.0,0,140.0
long,778,fixed_6,6.0,0,140.0
long,778,fixed_12,12.0,0,140.0
long,778,fixed_24,24.0,0,140.0
long,778,fixed_48,48.0,0,140.0
long,778,threshold_reset,120.0,0,140.0
long,778,readiness_current,120.0,0,140.0
long,778,readiness_history,120.0,0,140.0
long,778,oracle,120.0,0,140.0
long,779,fixed_6,6.0,0,140.0
long,779,fixed_12,12.0,0,140.0
long,779,fixed_24,24.0,0,140.0
long,779,fixed_48,48.0,0,140.0
long,779,threshold_reset,120.0,0,140.0
long,779,readiness_current,120.0,0,140.0
long,779,readiness_history,120.0,0,140.0
long,779,oracle,120.0,0,140.0
long,780,fixed_6,6.0,0,140.0
long,780,fixed_12,12.0,0,140.0
long,780,fixed_24,24.0,0,140.0
long,780,fixed_48,48.0,0,140.0
long,780,threshold_reset,120.0,0,140.0
long,780,readiness_current,120.0,0,140.0
long,780,readiness_history,120.0,0,140.0
long,780,oracle,120.0,0,140.0
long,781,fixed_6,6.0,0,140.0
long,781,fixed_12,12.0,0,140.0
long,781,fixed_24,24.0,0,140.0
long,781,fixed_48,48.0,0,140.0
long,781,threshold_reset,120.0,0,140.0
long,781,readiness_current,120.0,0,140.0
long,781,readiness_history,120.0,0,140.0
long,781,oracle,120.0,0,140.0
long,782,fixed_6,6.0,0,140.0
long,782,fixed_12,12.0,0,140.0
long,782,fixed_24,24.0,0,140.0
long,782,fixed_48,48.0,0,140.0
long,782,threshold_reset,120.0,0,140.0
long,782,readiness_current,120.0,0,140.0
long,782,readiness_history,120.0,0,140.0
long,782,oracle,120.0,0,140.0
long,783,fixed_6,6.0,0,140.0
long,783,fixed_12,12.0,0,140.0
long,783,fixed_24,24.0,0,140.0
long,783,fixed_48,48.0,0,140.0
long,783,threshold_reset,120.0,0,140.0
long,783,readiness_current,120.0,0,140.0
long,783,readiness_history,120.0,0,140.0
long,783,oracle,120.0,0,140.0
long,784,fixed_6,6.0,0,140.0
long,784,fixed_12,12.0,0,140.0
long,784,fixed_24,24.0,0,140.0
long,784,fixed_48,48.0,0,140.0
long,784,threshold_reset,120.0,0,140.0
long,784,readiness_current,120.0,0,140.0
long,784,readiness_history,120.0,0,140.0
long,784,oracle,120.0,0,140.0
long,785,fixed_6,6.0,0,140.0
long,785,fixed_12,12.0,0,140.0
long,785,fixed_24,24.0,0,140.0
long,785,fixed_48,48.0,0,140.0
long,785,threshold_reset,120.0,0,140.0
long,785,readiness_current,120.0,0,140.0
long,785,readiness_history,120.0,0,140.0
long,785,oracle,120.0,0,140.0
long,786,fixed_6,6.0,0,140.0
long,786,fixed_12,12.0,0,140.0
long,786,fixed_24,24.0,0,140.0
long,786,fixed_48,48.0,0,140.0
long,786,threshold_reset,120.0,0,140.0
long,786,readiness_current,120.0,0,140.0
long,786,readiness_history,120.0,0,140.0
long,786,oracle,120.0,0,140.0
long,787,fixed_6,6.0,0,140.0
long,787,fixed_12,12.0,0,140.0
long,787,fixed_24,24.0,0,140.0
long,787,fixed_48,48.0,0,140.0
long,787,threshold_reset,120.0,0,140.0
long,787,readiness_current,120.0,0,140.0
long,787,readiness_history,120.0,0,140.0
long,787,oracle,120.0,0,140.0
long,788,fixed_6,6.0,0,140.0
long,788,fixed_12,12.0,0,140.0
long,788,fixed_24,24.0,0,140.0
long,788,fixed_48,48.0,0,140.0
long,788,threshold_reset,120.0,0,140.0
long,788,readiness_current,120.0,0,140.0
long,788,readiness_history,120.0,0,140.0
long,788,oracle,120.0,0,140.0
long,789,fixed_6,6.0,0,140.0
long,789,fixed_12,12.0,0,140.0
long,789,fixed_24,24.0,0,140.0
long,789,fixed_48,48.0,0,140.0
long,789,threshold_reset,120.0,0,140.0
long,789,readiness_current,120.0,0,140.0
long,789,readiness_history,120.0,0,140.0
long,789,oracle,120.0,0,140.0
long,790,fixed_6,6.0,0,140.0
long,790,fixed_12,12.0,0,140.0
long,790,fixed_24,24.0,0,140.0
long,790,fixed_48,48.0,0,140.0
long,790,threshold_reset,120.0,0,140.0
long,790,readiness_current,120.0,0,140.0
long,790,readiness_history,120.0,0,140.0
long,790,oracle,120.0,0,140.0
long,791,fixed_6,6.0,0,140.0
long,791,fixed_12,12.0,0,140.0
long,791,fixed_24,24.0,0,140.0
long,791,fixed_48,48.0,0,140.0
long,791,threshold_reset,120.0,0,140.0
long,791,readiness_current,120.0,0,140.0
long,791,readiness_history,120.0,0,140.0
long,791,oracle,120.0,0,140.0
long,792,fixed_6,6.0,0,140.0
long,792,fixed_12,12.0,0,140.0
long,792,fixed_24,24.0,0,140.0
long,792,fixed_48,48.0,0,140.0
long,792,threshold_reset,120.0,0,140.0
long,792,readiness_current,120.0,0,140.0
long,792,readiness_history,120.0,0,140.0
long,792,oracle,120.0,0,140.0
long,793,fixed_6,6.0,0,140.0
long,793,fixed_12,12.0,0,140.0
long,793,fixed_24,24.0,0,140.0
long,793,fixed_48,48.0,0,140.0
long,793,threshold_reset,120.0,0,140.0
long,793,readiness_current,120.0,0,140.0
long,793,readiness_history,120.0,0,140.0
long,793,oracle,120.0,0,140.0
long,794,fixed_6,6.0,0,140.0
long,794,fixed_12,12.0,0,140.0
long,794,fixed_24,24.0,0,140.0
long,794,fixed_48,48.0,0,140.0
long,794,threshold_reset,120.0,0,140.0
long,794,readiness_current,120.0,0,140.0
long,794,readiness_history,120.0,0,140.0
long,794,oracle,120.0,0,140.0
long,795,fixed_6,6.0,0,140.0
long,795,fixed_12,12.0,0,140.0
long,795,fixed_24,24.0,0,140.0
long,795,fixed_48,48.0,0,140.0
long,795,threshold_reset,120.0,0,140.0
long,795,readiness_current,120.0,0,140.0
long,795,readiness_history,120.0,0,140.0
long,795,oracle,120.0,0,140.0
long,796,fixed_6,6.0,0,140.0
long,796,fixed_12,12.0,0,140.0
long,796,fixed_24,24.0,0,140.0
long,796,fixed_48,48.0,0,140.0
long,796,threshold_reset,120.0,0,140.0
long,796,readiness_current,120.0,0,140.0
long,796,readiness_history,120.0,0,140.0
long,796,oracle,120.0,0,140.0
long,797,fixed_6,6.0,0,140.0
long,797,fixed_12,12.0,0,140.0
long,797,fixed_24,24.0,0,140.0
long,797,fixed_48,48.0,0,140.0
long,797,threshold_reset,120.0,0,140.0
long,797,readiness_current,120.0,0,140.0
long,797,readiness_history,120.0,0,140.0
long,797,oracle,120.0,0,140.0
long,798,fixed_6,6.0,0,140.0
long,798,fixed_12,12.0,0,140.0
long,798,fixed_24,24.0,0,140.0
long,798,fixed_48,48.0,0,140.0
long,798,threshold_reset,120.0,0,140.0
long,798,readiness_current,120.0,0,140.0
long,798,readiness_history,120.0,0,140.0
long,798,oracle,120.0,0,140.0
long,799,fixed_6,6.0,0,140.0
long,799,fixed_12,12.0,0,140.0
long,799,fixed_24,24.0,0,140.0
long,799,fixed_48,48.0,0,140.0
long,799,threshold_reset,120.0,0,140.0
long,799,readiness_current,120.0,0,140.0
long,799,readiness_history,120.0,0,140.0
long,799,oracle,120.0,0,140.0
long,800,fixed_6,6.0,0,140.0
long,800,fixed_12,12.0,0,140.0
long,800,fixed_24,24.0,0,140.0
long,800,fixed_48,48.0,0,140.0
long,800,threshold_reset,120.0,0,140.0
long,800,readiness_current,120.0,0,140.0
long,800,readiness_history,120.0,0,140.0
long,800,oracle,120.0,0,140.0
long,801,fixed_6,6.0,0,140.0
long,801,fixed_12,12.0,0,140.0
long,801,fixed_24,24.0,0,140.0
long,801,fixed_48,48.0,0,140.0
long,801,threshold_reset,120.0,0,140.0
long,801,readiness_current,120.0,0,140.0
long,801,readiness_history,120.0,0,140.0
long,801,oracle,120.0,0,140.0
long,802,fixed_6,6.0,0,140.0
long,802,fixed_12,12.0,0,140.0
long,802,fixed_24,24.0,0,140.0
long,802,fixed_48,48.0,0,140.0
long,802,threshold_reset,120.0,0,140.0
long,802,readiness_current,120.0,0,140.0
long,802,readiness_history,120.0,0,140.0
long,802,oracle,120.0,0,140.0
long,803,fixed_6,6.0,0,140.0
long,803,fixed_12,12.0,0,140.0
long,803,fixed_24,24.0,0,140.0
long,803,fixed_48,48.0,0,140.0
long,803,threshold_reset,120.0,0,140.0
long,803,readiness_current,120.0,0,140.0
long,803,readiness_history,120.0,0,140.0
long,803,oracle,120.0,0,140.0
long,804,fixed_6,6.0,0,140.0
long,804,fixed_12,12.0,0,140.0
long,804,fixed_24,24.0,0,140.0
long,804,fixed_48,48.0,0,140.0
long,804,threshold_reset,120.0,0,140.0
long,804,readiness_current,120.0,0,140.0
long,804,readiness_history,120.0,0,140.0
long,804,oracle,120.0,0,140.0
long,805,fixed_6,6.0,0,140.0
long,805,fixed_12,12.0,0,140.0
long,805,fixed_24,24.0,0,140.0
long,805,fixed_48,48.0,0,140.0
long,805,threshold_reset,120.0,0,140.0
long,805,readiness_current,120.0,0,140.0
long,805,readiness_history,120.0,0,140.0
long,805,oracle,120.0,0,140.0
long,806,fixed_6,6.0,0,140.0
long,806,fixed_12,12.0,0,140.0
long,806,fixed_24,24.0,0,140.0
long,806,fixed_48,48.0,0,140.0
long,806,threshold_reset,120.0,0,140.0
long,806,readiness_current,120.0,0,140.0
long,806,readiness_history,120.0,0,140.0
long,806,oracle,120.0,0,140.0
long,807,fixed_6,6.0,0,140.0
long,807,fixed_12,12.0,0,140.0
long,807,fixed_24,24.0,0,140.0
long,807,fixed_48,48.0,0,140.0
long,807,threshold_reset,120.0,0,140.0
long,807,readiness_current,120.0,0,140.0
long,807,readiness_history,120.0,0,140.0
long,807,oracle,120.0,0,140.0
long,808,fixed_6,6.0,0,140.0
long,808,fixed_12,12.0,0,140.0
long,808,fixed_24,24.0,0,140.0
long,808,fixed_48,48.0,0,140.0
long,808,threshold_reset,120.0,0,140.0
long,808,readiness_current,120.0,0,140.0
long,808,readiness_history,120.0,0,140.0
long,808,oracle,120.0,0,140.0
long,809,fixed_6,6.0,0,140.0
long,809,fixed_12,12.0,0,140.0
long,809,fixed_24,24.0,0,140.0
long,809,fixed_48,48.0,0,140.0
long,809,threshold_reset,120.0,0,140.0
long,809,readiness_current,120.0,0,140.0
long,809,readiness_history,120.0,0,140.0
long,809,oracle,120.0,0,140.0
long,810,fixed_6,6.0,0,140.0
long,810,fixed_12,12.0,0,140.0
long,810,fixed_24,24.0,0,140.0
long,810,fixed_48,48.0,0,140.0
long,810,threshold_reset,120.0,0,140.0
long,810,readiness_current,120.0,0,140.0
long,810,readiness_history,120.0,0,140.0
long,810,oracle,120.0,0,140.0
long,811,fixed_6,6.0,0,140.0
long,811,fixed_12,12.0,0,140.0
long,811,fixed_24,24.0,0,140.0
long,811,fixed_48,48.0,0,140.0
long,811,threshold_reset,120.0,0,140.0
long,811,readiness_current,120.0,0,140.0
long,811,readiness_history,120.0,0,140.0
long,811,oracle,120.0,0,140.0
long,812,fixed_6,6.0,0,140.0
long,812,fixed_12,12.0,0,140.0
long,812,fixed_24,24.0,0,140.0
long,812,fixed_48,48.0,0,140.0
long,812,threshold_reset,120.0,0,140.0
long,812,readiness_current,120.0,0,140.0
long,812,readiness_history,120.0,0,140.0
long,812,oracle,120.0,0,140.0
long,813,fixed_6,6.0,0,140.0
long,813,fixed_12,12.0,0,140.0
long,813,fixed_24,24.0,0,140.0
long,813,fixed_48,48.0,0,140.0
long,813,threshold_reset,120.0,0,140.0
long,813,readiness_current,120.0,0,140.0
long,813,readiness_history,120.0,0,140.0
long,813,oracle,120.0,0,140.0
long,814,fixed_6,6.0,0,140.0
long,814,fixed_12,12.0,0,140.0
long,814,fixed_24,24.0,0,140.0
long,814,fixed_48,48.0,0,140.0
long,814,threshold_reset,120.0,0,140.0
long,814,readiness_current,120.0,0,140.0
long,814,readiness_history,120.0,0,140.0
long,814,oracle,120.0,0,140.0
long,815,fixed_6,6.0,0,140.0
long,815,fixed_12,12.0,0,140.0
long,815,fixed_24,24.0,0,140.0
long,815,fixed_48,48.0,0,140.0
long,815,threshold_reset,120.0,0,140.0
long,815,readiness_current,120.0,0,140.0
long,815,readiness_history,120.0,0,140.0
long,815,oracle,120.0,0,140.0
long,816,fixed_6,6.0,0,140.0
long,816,fixed_12,12.0,0,140.0
long,816,fixed_24,24.0,0,140.0
long,816,fixed_48,48.0,0,140.0
long,816,threshold_reset,120.0,0,140.0
long,816,readiness_current,120.0,0,140.0
long,816,readiness_history,120.0,0,140.0
long,816,oracle,120.0,0,140.0
long,817,fixed_6,6.0,0,140.0
long,817,fixed_12,12.0,0,140.0
long,817,fixed_24,24.0,0,140.0
long,817,fixed_48,48.0,0,140.0
long,817,threshold_reset,120.0,0,140.0
long,817,readiness_current,120.0,0,140.0
long,817,readiness_history,120.0,0,140.0
long,817,oracle,120.0,0,140.0
long,818,fixed_6,6.0,0,140.0
long,818,fixed_12,12.0,0,140.0
long,818,fixed_24,24.0,0,140.0
long,818,fixed_48,48.0,0,140.0
long,818,threshold_reset,120.0,0,140.0
long,818,readiness_current,120.0,0,140.0
long,818,readiness_history,120.0,0,140.0
long,818,oracle,120.0,0,140.0
long,819,fixed_6,6.0,0,140.0
long,819,fixed_12,12.0,0,140.0
long,819,fixed_24,24.0,0,140.0
long,819,fixed_48,48.0,0,140.0
long,819,threshold_reset,120.0,0,140.0
long,819,readiness_current,120.0,0,140.0
long,819,readiness_history,120.0,0,140.0
long,819,oracle,120.0,0,140.0
long,820,fixed_6,6.0,0,140.0
long,820,fixed_12,12.0,0,140.0
long,820,fixed_24,24.0,0,140.0
long,820,fixed_48,48.0,0,140.0
long,820,threshold_reset,120.0,0,140.0
long,820,readiness_current,120.0,0,140.0
long,820,readiness_history,120.0,0,140.0
long,820,oracle,120.0,0,140.0
long,821,fixed_6,6.0,0,140.0
long,821,fixed_12,12.0,0,140.0
long,821,fixed_24,24.0,0,140.0
long,821,fixed_48,48.0,0,140.0
long,821,threshold_reset,120.0,0,140.0
long,821,readiness_current,120.0,0,140.0
long,821,readiness_history,120.0,0,140.0
long,821,oracle,120.0,0,140.0
long,822,fixed_6,6.0,0,140.0
long,822,fixed_12,12.0,0,140.0
long,822,fixed_24,24.0,0,140.0
long,822,fixed_48,48.0,0,140.0
long,822,threshold_reset,120.0,0,140.0
long,822,readiness_current,120.0,0,140.0
long,822,readiness_history,120.0,0,140.0
long,822,oracle,120.0,0,140.0
long,823,fixed_6,6.0,0,140.0
long,823,fixed_12,12.0,0,140.0
long,823,fixed_24,24.0,0,140.0
long,823,fixed_48,48.0,0,140.0
long,823,threshold_reset,120.0,0,140.0
long,823,readiness_current,120.0,0,140.0
long,823,readiness_history,120.0,0,140.0
long,823,oracle,120.0,0,140.0
long,824,fixed_6,6.0,0,140.0
long,824,fixed_12,12.0,0,140.0
long,824,fixed_24,24.0,0,140.0
long,824,fixed_48,48.0,0,140.0
long,824,threshold_reset,120.0,0,140.0
long,824,readiness_current,120.0,0,140.0
long,824,readiness_history,120.0,0,140.0
long,824,oracle,120.0,0,140.0
long,825,fixed_6,6.0,0,140.0
long,825,fixed_12,12.0,0,140.0
long,825,fixed_24,24.0,0,140.0
long,825,fixed_48,48.0,0,140.0
long,825,threshold_reset,120.0,0,140.0
long,825,readiness_current,120.0,0,140.0
long,825,readiness_history,120.0,0,140.0
long,825,oracle,120.0,0,140.0
long,826,fixed_6,6.0,0,140.0
long,826,fixed_12,12.0,0,140.0
long,826,fixed_24,24.0,0,140.0
long,826,fixed_48,48.0,0,140.0
long,826,threshold_reset,120.0,0,140.0
long,826,readiness_current,120.0,0,140.0
long,826,readiness_history,120.0,0,140.0
long,826,oracle,120.0,0,140.0
long,827,fixed_6,6.0,0,140.0
long,827,fixed_12,12.0,0,140.0
long,827,fixed_24,24.0,0,140.0
long,827,fixed_48,48.0,0,140.0
long,827,threshold_reset,120.0,0,140.0
long,827,readiness_current,120.0,0,140.0
long,827,readiness_history,120.0,0,140.0
long,827,oracle,120.0,0,140.0
long,828,fixed_6,6.0,0,140.0
long,828,fixed_12,12.0,0,140.0
long,828,fixed_24,24.0,0,140.0
long,828,fixed_48,48.0,0,140.0
long,828,threshold_reset,120.0,0,140.0
long,828,readiness_current,120.0,0,140.0
long,828,readiness_history,120.0,0,140.0
long,828,oracle,120.0,0,140.0
long,829,fixed_6,6.0,0,140.0
long,829,fixed_12,12.0,0,140.0
long,829,fixed_24,24.0,0,140.0
long,829,fixed_48,48.0,0,140.0
long,829,threshold_reset,120.0,0,140.0
long,829,readiness_current,120.0,0,140.0
long,829,readiness_history,120.0,0,140.0
long,829,oracle,120.0,0,140.0
long,830,fixed_6,6.0,0,140.0
long,830,fixed_12,12.0,0,140.0
long,830,fixed_24,24.0,0,140.0
long,830,fixed_48,48.0,0,140.0
long,830,threshold_reset,120.0,0,140.0
long,830,readiness_current,120.0,0,140.0
long,830,readiness_history,120.0,0,140.0
long,830,oracle,120.0,0,140.0
long,831,fixed_6,6.0,0,140.0
long,831,fixed_12,12.0,0,140.0
long,831,fixed_24,24.0,0,140.0
long,831,fixed_48,48.0,0,140.0
long,831,threshold_reset,120.0,0,140.0
long,831,readiness_current,120.0,0,140.0
long,831,readiness_history,120.0,0,140.0
long,831,oracle,120.0,0,140.0
long,832,fixed_6,6.0,0,140.0
long,832,fixed_12,12.0,0,140.0
long,832,fixed_24,24.0,0,140.0
long,832,fixed_48,48.0,0,140.0
long,832,threshold_reset,120.0,0,140.0
long,832,readiness_current,120.0,0,140.0
long,832,readiness_history,120.0,0,140.0
long,832,oracle,120.0,0,140.0
long,833,fixed_6,6.0,0,140.0
long,833,fixed_12,12.0,0,140.0
long,833,fixed_24,24.0,0,140.0
long,833,fixed_48,48.0,0,140.0
long,833,threshold_reset,120.0,0,140.0
long,833,readiness_current,120.0,0,140.0
long,833,readiness_history,120.0,0,140.0
long,833,oracle,120.0,0,140.0
long,834,fixed_6,6.0,0,140.0
long,834,fixed_12,12.0,0,140.0
long,834,fixed_24,24.0,0,140.0
long,834,fixed_48,48.0,0,140.0
long,834,threshold_reset,120.0,0,140.0
long,834,readiness_current,120.0,0,140.0
long,834,readiness_history,120.0,0,140.0
long,834,oracle,120.0,0,140.0
long,835,fixed_6,6.0,0,140.0
long,835,fixed_12,12.0,0,140.0
long,835,fixed_24,24.0,0,140.0
long,835,fixed_48,48.0,0,140.0
long,835,threshold_reset,120.0,0,140.0
long,835,readiness_current,120.0,0,140.0
long,835,readiness_history,120.0,0,140.0
long,835,oracle,120.0,0,140.0
long,836,fixed_6,6.0,0,140.0
long,836,fixed_12,12.0,0,140.0
long,836,fixed_24,24.0,0,140.0
long,836,fixed_48,48.0,0,140.0
long,836,threshold_reset,120.0,0,140.0
long,836,readiness_current,120.0,0,140.0
long,836,readiness_history,120.0,0,140.0
long,836,oracle,120.0,0,140.0
long,837,fixed_6,6.0,0,140.0
long,837,fixed_12,12.0,0,140.0
long,837,fixed_24,24.0,0,140.0
long,837,fixed_48,48.0,0,140.0
long,837,threshold_reset,120.0,0,140.0
long,837,readiness_current,120.0,0,140.0
long,837,readiness_history,120.0,0,140.0
long,837,oracle,120.0,0,140.0
long,838,fixed_6,6.0,0,140.0
long,838,fixed_12,12.0,0,140.0
long,838,fixed_24,24.0,0,140.0
long,838,fixed_48,48.0,0,140.0
long,838,threshold_reset,120.0,0,140.0
long,838,readiness_current,120.0,0,140.0
long,838,readiness_history,120.0,0,140.0
long,838,oracle,120.0,0,140.0
long,839,fixed_6,6.0,0,140.0
long,839,fixed_12,12.0,0,140.0
long,839,fixed_24,24.0,0,140.0
long,839,fixed_48,48.0,0,140.0
long,839,threshold_reset,120.0,0,140.0
long,839,readiness_current,120.0,0,140.0
long,839,readiness_history,120.0,0,140.0
long,839,oracle,120.0,0,140.0
long,840,fixed_6,6.0,0,140.0
long,840,fixed_12,12.0,0,140.0
long,840,fixed_24,24.0,0,140.0
long,840,fixed_48,48.0,0,140.0
long,840,threshold_reset,120.0,0,140.0
long,840,readiness_current,120.0,0,140.0
long,840,readiness_history,120.0,0,140.0
long,840,oracle,120.0,0,140.0
long,841,fixed_6,6.0,0,140.0
long,841,fixed_12,12.0,0,140.0
long,841,fixed_24,24.0,0,140.0
long,841,fixed_48,48.0,0,140.0
long,841,threshold_reset,120.0,0,140.0
long,841,readiness_current,120.0,0,140.0
long,841,readiness_history,120.0,0,140.0
long,841,oracle,120.0,0,140.0
long,842,fixed_6,6.0,0,140.0
long,842,fixed_12,12.0,0,140.0
long,842,fixed_24,24.0,0,140.0
long,842,fixed_48,48.0,0,140.0
long,842,threshold_reset,120.0,0,140.0
long,842,readiness_current,120.0,0,140.0
long,842,readiness_history,120.0,0,140.0
long,842,oracle,120.0,0,140.0
long,843,fixed_6,6.0,0,140.0
long,843,fixed_12,12.0,0,140.0
long,843,fixed_24,24.0,0,140.0
long,843,fixed_48,48.0,0,140.0
long,843,threshold_reset,120.0,0,140.0
long,843,readiness_current,120.0,0,140.0
long,843,readiness_history,120.0,0,140.0
long,843,oracle,120.0,0,140.0
long,844,fixed_6,6.0,0,140.0
long,844,fixed_12,12.0,0,140.0
long,844,fixed_24,24.0,0,140.0
long,844,fixed_48,48.0,0,140.0
long,844,threshold_reset,120.0,0,140.0
long,844,readiness_current,120.0,0,140.0
long,844,readiness_history,120.0,0,140.0
long,844,oracle,120.0,0,140.0
long,845,fixed_6,6.0,0,140.0
long,845,fixed_12,12.0,0,140.0
long,845,fixed_24,24.0,0,140.0
long,845,fixed_48,48.0,0,140.0
long,845,threshold_reset,120.0,0,140.0
long,845,readiness_current,120.0,0,140.0
long,845,readiness_history,120.0,0,140.0
long,845,oracle,120.0,0,140.0
long,846,fixed_6,6.0,0,140.0
long,846,fixed_12,12.0,0,140.0
long,846,fixed_24,24.0,0,140.0
long,846,fixed_48,48.0,0,140.0
long,846,threshold_reset,120.0,0,140.0
long,846,readiness_current,120.0,0,140.0
long,846,readiness_history,120.0,0,140.0
long,846,oracle,120.0,0,140.0
long,847,fixed_6,6.0,0,140.0
long,847,fixed_12,12.0,0,140.0
long,847,fixed_24,24.0,0,140.0
long,847,fixed_48,48.0,0,140.0
long,847,threshold_reset,120.0,0,140.0
long,847,readiness_current,120.0,0,140.0
long,847,readiness_history,120.0,0,140.0
long,847,oracle,120.0,0,140.0
long,848,fixed_6,6.0,0,140.0
long,848,fixed_12,12.0,0,140.0
long,848,fixed_24,24.0,0,140.0
long,848,fixed_48,48.0,0,140.0
long,848,threshold_reset,120.0,0,140.0
long,848,readiness_current,120.0,0,140.0
long,848,readiness_history,120.0,0,140.0
long,848,oracle,120.0,0,140.0
long,849,fixed_6,6.0,0,140.0
long,849,fixed_12,12.0,0,140.0
long,849,fixed_24,24.0,0,140.0
long,849,fixed_48,48.0,0,140.0
long,849,threshold_reset,120.0,0,140.0
long,849,readiness_current,120.0,0,140.0
long,849,readiness_history,120.0,0,140.0
long,849,oracle,120.0,0,140.0
long,850,fixed_6,6.0,0,140.0
long,850,fixed_12,12.0,0,140.0
long,850,fixed_24,24.0,0,140.0
long,850,fixed_48,48.0,0,140.0
long,850,threshold_reset,120.0,0,140.0
long,850,readiness_current,120.0,0,140.0
long,850,readiness_history,120.0,0,140.0
long,850,oracle,120.0,0,140.0
long,851,fixed_6,6.0,0,140.0
long,851,fixed_12,12.0,0,140.0
long,851,fixed_24,24.0,0,140.0
long,851,fixed_48,48.0,0,140.0
long,851,threshold_reset,120.0,0,140.0
long,851,readiness_current,120.0,0,140.0
long,851,readiness_history,120.0,0,140.0
long,851,oracle,120.0,0,140.0
long,852,fixed_6,6.0,0,140.0
long,852,fixed_12,12.0,0,140.0
long,852,fixed_24,24.0,0,140.0
long,852,fixed_48,48.0,0,140.0
long,852,threshold_reset,120.0,0,140.0
long,852,readiness_current,120.0,0,140.0
long,852,readiness_history,120.0,0,140.0
long,852,oracle,120.0,0,140.0
long,853,fixed_6,6.0,0,140.0
long,853,fixed_12,12.0,0,140.0
long,853,fixed_24,24.0,0,140.0
long,853,fixed_48,48.0,0,140.0
long,853,threshold_reset,120.0,0,140.0
long,853,readiness_current,120.0,0,140.0
long,853,readiness_history,120.0,0,140.0
long,853,oracle,120.0,0,140.0
long,854,fixed_6,6.0,0,140.0
long,854,fixed_12,12.0,0,140.0
long,854,fixed_24,24.0,0,140.0
long,854,fixed_48,48.0,0,140.0
long,854,threshold_reset,120.0,0,140.0
long,854,readiness_current,120.0,0,140.0
long,854,readiness_history,120.0,0,140.0
long,854,oracle,120.0,0,140.0
long,855,fixed_6,6.0,0,140.0
long,855,fixed_12,12.0,0,140.0
long,855,fixed_24,24.0,0,140.0
long,855,fixed_48,48.0,0,140.0
long,855,threshold_reset,120.0,0,140.0
long,855,readiness_current,120.0,0,140.0
long,855,readiness_history,120.0,0,140.0
long,855,oracle,120.0,0,140.0
long,856,fixed_6,6.0,0,140.0
long,856,fixed_12,12.0,0,140.0
long,856,fixed_24,24.0,0,140.0
long,856,fixed_48,48.0,0,140.0
long,856,threshold_reset,120.0,0,140.0
long,856,readiness_current,120.0,0,140.0
long,856,readiness_history,120.0,0,140.0
long,856,oracle,120.0,0,140.0
long,857,fixed_6,6.0,0,140.0
long,857,fixed_12,12.0,0,140.0
long,857,fixed_24,24.0,0,140.0
long,857,fixed_48,48.0,0,140.0
long,857,threshold_reset,120.0,0,140.0
long,857,readiness_current,120.0,0,140.0
long,857,readiness_history,120.0,0,140.0
long,857,oracle,120.0,0,140.0
long,858,fixed_6,6.0,0,140.0
long,858,fixed_12,12.0,0,140.0
long,858,fixed_24,24.0,0,140.0
long,858,fixed_48,48.0,0,140.0
long,858,threshold_reset,120.0,0,140.0
long,858,readiness_current,120.0,0,140.0
long,858,readiness_history,120.0,0,140.0
long,858,oracle,120.0,0,140.0
long,859,fixed_6,6.0,0,140.0
long,859,fixed_12,12.0,0,140.0
long,859,fixed_24,24.0,0,140.0
long,859,fixed_48,48.0,0,140.0
long,859,threshold_reset,120.0,0,140.0
long,859,readiness_current,120.0,0,140.0
long,859,readiness_history,120.0,0,140.0
long,859,oracle,120.0,0,140.0
long,860,fixed_6,6.0,0,140.0
long,860,fixed_12,12.0,0,140.0
long,860,fixed_24,24.0,0,140.0
long,860,fixed_48,48.0,0,140.0
long,860,threshold_reset,120.0,0,140.0
long,860,readiness_current,120.0,0,140.0
long,860,readiness_history,120.0,0,140.0
long,860,oracle,120.0,0,140.0
long,861,fixed_6,6.0,0,140.0
long,861,fixed_12,12.0,0,140.0
long,861,fixed_24,24.0,0,140.0
long,861,fixed_48,48.0,0,140.0
long,861,threshold_reset,120.0,0,140.0
long,861,readiness_current,120.0,0,140.0
long,861,readiness_history,120.0,0,140.0
long,861,oracle,120.0,0,140.0
long,862,fixed_6,6.0,0,140.0
long,862,fixed_12,12.0,0,140.0
long,862,fixed_24,24.0,0,140.0
long,862,fixed_48,48.0,0,140.0
long,862,threshold_reset,120.0,0,140.0
long,862,readiness_current,120.0,0,140.0
long,862,readiness_history,120.0,0,140.0
long,862,oracle,120.0,0,140.0
long,863,fixed_6,6.0,0,140.0
long,863,fixed_12,12.0,0,140.0
long,863,fixed_24,24.0,0,140.0
long,863,fixed_48,48.0,0,140.0
long,863,threshold_reset,120.0,0,140.0
long,863,readiness_current,120.0,0,140.0
long,863,readiness_history,120.0,0,140.0
long,863,oracle,120.0,0,140.0
long,864,fixed_6,6.0,0,140.0
long,864,fixed_12,12.0,0,140.0
long,864,fixed_24,24.0,0,140.0
long,864,fixed_48,48.0,0,140.0
long,864,threshold_reset,120.0,0,140.0
long,864,readiness_current,120.0,0,140.0
long,864,readiness_history,120.0,0,140.0
long,864,oracle,120.0,0,140.0
long,865,fixed_6,6.0,0,140.0
long,865,fixed_12,12.0,0,140.0
long,865,fixed_24,24.0,0,140.0
long,865,fixed_48,48.0,0,140.0
long,865,threshold_reset,120.0,0,140.0
long,865,readiness_current,120.0,0,140.0
long,865,readiness_history,120.0,0,140.0
long,865,oracle,120.0,0,140.0
long,866,fixed_6,6.0,0,140.0
long,866,fixed_12,12.0,0,140.0
long,866,fixed_24,24.0,0,140.0
long,866,fixed_48,48.0,0,140.0
long,866,threshold_reset,120.0,0,140.0
long,866,readiness_current,120.0,0,140.0
long,866,readiness_history,120.0,0,140.0
long,866,oracle,120.0,0,140.0
long,867,fixed_6,6.0,0,140.0
long,867,fixed_12,12.0,0,140.0
long,867,fixed_24,24.0,0,140.0
long,867,fixed_48,48.0,0,140.0
long,867,threshold_reset,120.0,0,140.0
long,867,readiness_current,120.0,0,140.0
long,867,readiness_history,120.0,0,140.0
long,867,oracle,120.0,0,140.0
long,868,fixed_6,6.0,0,140.0
long,868,fixed_12,12.0,0,140.0
long,868,fixed_24,24.0,0,140.0
long,868,fixed_48,48.0,0,140.0
long,868,threshold_reset,120.0,0,140.0
long,868,readiness_current,120.0,0,140.0
long,868,readiness_history,120.0,0,140.0
long,868,oracle,120.0,0,140.0
long,869,fixed_6,6.0,0,140.0
long,869,fixed_12,12.0,0,140.0
long,869,fixed_24,24.0,0,140.0
long,869,fixed_48,48.0,0,140.0
long,869,threshold_reset,120.0,0,140.0
long,869,readiness_current,120.0,0,140.0
long,869,readiness_history,120.0,0,140.0
long,869,oracle,120.0,0,140.0
long,870,fixed_6,6.0,0,140.0
long,870,fixed_12,12.0,0,140.0
long,870,fixed_24,24.0,0,140.0
long,870,fixed_48,48.0,0,140.0
long,870,threshold_reset,120.0,0,140.0
long,870,readiness_current,120.0,0,140.0
long,870,readiness_history,120.0,0,140.0
long,870,oracle,120.0,0,140.0
long,871,fixed_6,6.0,0,140.0
long,871,fixed_12,12.0,0,140.0
long,871,fixed_24,24.0,0,140.0
long,871,fixed_48,48.0,0,140.0
long,871,threshold_reset,120.0,0,140.0
long,871,readiness_current,120.0,0,140.0
long,871,readiness_history,120.0,0,140.0
long,871,oracle,120.0,0,140.0
long,872,fixed_6,6.0,0,140.0
long,872,fixed_12,12.0,0,140.0
long,872,fixed_24,24.0,0,140.0
long,872,fixed_48,48.0,0,140.0
long,872,threshold_reset,120.0,0,140.0
long,872,readiness_current,120.0,0,140.0
long,872,readiness_history,120.0,0,140.0
long,872,oracle,120.0,0,140.0
long,873,fixed_6,6.0,0,140.0
long,873,fixed_12,12.0,0,140.0
long,873,fixed_24,24.0,0,140.0
long,873,fixed_48,48.0,0,140.0
long,873,threshold_reset,120.0,0,140.0
long,873,readiness_current,120.0,0,140.0
long,873,readiness_history,120.0,0,140.0
long,873,oracle,120.0,0,140.0
long,874,fixed_6,6.0,0,140.0
long,874,fixed_12,12.0,0,140.0
long,874,fixed_24,24.0,0,140.0
long,874,fixed_48,48.0,0,140.0
long,874,threshold_reset,120.0,0,140.0
long,874,readiness_current,120.0,0,140.0
long,874,readiness_history,120.0,0,140.0
long,874,oracle,120.0,0,140.0
long,875,fixed_6,6.0,0,140.0
long,875,fixed_12,12.0,0,140.0
long,875,fixed_24,24.0,0,140.0
long,875,fixed_48,48.0,0,140.0
long,875,threshold_reset,120.0,0,140.0
long,875,readiness_current,120.0,0,140.0
long,875,readiness_history,120.0,0,140.0
long,875,oracle,120.0,0,140.0
long,876,fixed_6,6.0,0,140.0
long,876,fixed_12,12.0,0,140.0
long,876,fixed_24,24.0,0,140.0
long,876,fixed_48,48.0,0,140.0
long,876,threshold_reset,120.0,0,140.0
long,876,readiness_current,120.0,0,140.0
long,876,readiness_history,120.0,0,140.0
long,876,oracle,120.0,0,140.0
long,877,fixed_6,6.0,0,140.0
long,877,fixed_12,12.0,0,140.0
long,877,fixed_24,24.0,0,140.0
long,877,fixed_48,48.0,0,140.0
long,877,threshold_reset,120.0,0,140.0
long,877,readiness_current,120.0,0,140.0
long,877,readiness_history,120.0,0,140.0
long,877,oracle,120.0,0,140.0
long,878,fixed_6,6.0,0,140.0
long,878,fixed_12,12.0,0,140.0
long,878,fixed_24,24.0,0,140.0
long,878,fixed_48,48.0,0,140.0
long,878,threshold_reset,120.0,0,140.0
long,878,readiness_current,120.0,0,140.0
long,878,readiness_history,120.0,0,140.0
long,878,oracle,120.0,0,140.0
long,879,fixed_6,6.0,0,140.0
long,879,fixed_12,12.0,0,140.0
long,879,fixed_24,24.0,0,140.0
long,879,fixed_48,48.0,0,140.0
long,879,threshold_reset,120.0,0,140.0
long,879,readiness_current,120.0,0,140.0
long,879,readiness_history,120.0,0,140.0
long,879,oracle,120.0,0,140.0
long,880,fixed_6,6.0,0,140.0
long,880,fixed_12,12.0,0,140.0
long,880,fixed_24,24.0,0,140.0
long,880,fixed_48,48.0,0,140.0
long,880,threshold_reset,120.0,0,140.0
long,880,readiness_current,120.0,0,140.0
long,880,readiness_history,120.0,0,140.0
long,880,oracle,120.0,0,140.0
long,881,fixed_6,6.0,0,140.0
long,881,fixed_12,12.0,0,140.0
long,881,fixed_24,24.0,0,140.0
long,881,fixed_48,48.0,0,140.0
long,881,threshold_reset,120.0,0,140.0
long,881,readiness_current,120.0,0,140.0
long,881,readiness_history,120.0,0,140.0
long,881,oracle,120.0,0,140.0
long,882,fixed_6,6.0,0,140.0
long,882,fixed_12,12.0,0,140.0
long,882,fixed_24,24.0,0,140.0
long,882,fixed_48,48.0,0,140.0
long,882,threshold_reset,120.0,0,140.0
long,882,readiness_current,120.0,0,140.0
long,882,readiness_history,120.0,0,140.0
long,882,oracle,120.0,0,140.0
long,883,fixed_6,6.0,0,140.0
long,883,fixed_12,12.0,0,140.0
long,883,fixed_24,24.0,0,140.0
long,883,fixed_48,48.0,0,140.0
long,883,threshold_reset,120.0,0,140.0
long,883,readiness_current,120.0,0,140.0
long,883,readiness_history,120.0,0,140.0
long,883,oracle,120.0,0,140.0
long,884,fixed_6,6.0,0,140.0
long,884,fixed_12,12.0,0,140.0
long,884,fixed_24,24.0,0,140.0
long,884,fixed_48,48.0,0,140.0
long,884,threshold_reset,120.0,0,140.0
long,884,readiness_current,120.0,0,140.0
long,884,readiness_history,120.0,0,140.0
long,884,oracle,120.0,0,140.0
long,885,fixed_6,6.0,0,140.0
long,885,fixed_12,12.0,0,140.0
long,885,fixed_24,24.0,0,140.0
long,885,fixed_48,48.0,0,140.0
long,885,threshold_reset,120.0,0,140.0
long,885,readiness_current,120.0,0,140.0
long,885,readiness_history,120.0,0,140.0
long,885,oracle,120.0,0,140.0
long,886,fixed_6,6.0,0,140.0
long,886,fixed_12,12.0,0,140.0
long,886,fixed_24,24.0,0,140.0
long,886,fixed_48,48.0,0,140.0
long,886,threshold_reset,120.0,0,140.0
long,886,readiness_current,120.0,0,140.0
long,886,readiness_history,120.0,0,140.0
long,886,oracle,120.0,0,140.0
long,887,fixed_6,6.0,0,140.0
long,887,fixed_12,12.0,0,140.0
long,887,fixed_24,24.0,0,140.0
long,887,fixed_48,48.0,0,140.0
long,887,threshold_reset,120.0,0,140.0
long,887,readiness_current,120.0,0,140.0
long,887,readiness_history,120.0,0,140.0
long,887,oracle,120.0,0,140.0
long,888,fixed_6,6.0,0,140.0
long,888,fixed_12,12.0,0,140.0
long,888,fixed_24,24.0,0,140.0
long,888,fixed_48,48.0,0,140.0
long,888,threshold_reset,120.0,0,140.0
long,888,readiness_current,120.0,0,140.0
long,888,readiness_history,120.0,0,140.0
long,888,oracle,120.0,0,140.0
long,889,fixed_6,6.0,0,140.0
long,889,fixed_12,12.0,0,140.0
long,889,fixed_24,24.0,0,140.0
long,889,fixed_48,48.0,0,140.0
long,889,threshold_reset,120.0,0,140.0
long,889,readiness_current,120.0,0,140.0
long,889,readiness_history,120.0,0,140.0
long,889,oracle,120.0,0,140.0
long,890,fixed_6,6.0,0,140.0
long,890,fixed_12,12.0,0,140.0
long,890,fixed_24,24.0,0,140.0
long,890,fixed_48,48.0,0,140.0
long,890,threshold_reset,120.0,0,140.0
long,890,readiness_current,120.0,0,140.0
long,890,readiness_history,120.0,0,140.0
long,890,oracle,120.0,0,140.0
long,891,fixed_6,6.0,0,140.0
long,891,fixed_12,12.0,0,140.0
long,891,fixed_24,24.0,0,140.0
long,891,fixed_48,48.0,0,140.0
long,891,threshold_reset,120.0,0,140.0
long,891,readiness_current,120.0,0,140.0
long,891,readiness_history,120.0,0,140.0
long,891,oracle,120.0,0,140.0
long,892,fixed_6,6.0,0,140.0
long,892,fixed_12,12.0,0,140.0
long,892,fixed_24,24.0,0,140.0
long,892,fixed_48,48.0,0,140.0
long,892,threshold_reset,120.0,0,140.0
long,892,readiness_current,120.0,0,140.0
long,892,readiness_history,120.0,0,140.0
long,892,oracle,120.0,0,140.0
long,893,fixed_6,6.0,0,140.0
long,893,fixed_12,12.0,0,140.0
long,893,fixed_24,24.0,0,140.0
long,893,fixed_48,48.0,0,140.0
long,893,threshold_reset,120.0,0,140.0
long,893,readiness_current,120.0,0,140.0
long,893,readiness_history,120.0,0,140.0
long,893,oracle,120.0,0,140.0
long,894,fixed_6,6.0,0,140.0
long,894,fixed_12,12.0,0,140.0
long,894,fixed_24,24.0,0,140.0
long,894,fixed_48,48.0,0,140.0
long,894,threshold_reset,120.0,0,140.0
long,894,readiness_current,120.0,0,140.0
long,894,readiness_history,120.0,0,140.0
long,894,oracle,120.0,0,140.0
long,895,fixed_6,6.0,0,140.0
long,895,fixed_12,12.0,0,140.0
long,895,fixed_24,24.0,0,140.0
long,895,fixed_48,48.0,0,140.0
long,895,threshold_reset,120.0,0,140.0
long,895,readiness_current,120.0,0,140.0
long,895,readiness_history,120.0,0,140.0
long,895,oracle,120.0,0,140.0
long,896,fixed_6,6.0,0,140.0
long,896,fixed_12,12.0,0,140.0
long,896,fixed_24,24.0,0,140.0
long,896,fixed_48,48.0,0,140.0
long,896,threshold_reset,120.0,0,140.0
long,896,readiness_current,120.0,0,140.0
long,896,readiness_history,120.0,0,140.0
long,896,oracle,120.0,0,140.0
long,897,fixed_6,6.0,0,140.0
long,897,fixed_12,12.0,0,140.0
long,897,fixed_24,24.0,0,140.0
long,897,fixed_48,48.0,0,140.0
long,897,threshold_reset,120.0,0,140.0
long,897,readiness_current,120.0,0,140.0
long,897,readiness_history,120.0,0,140.0
long,897,oracle,120.0,0,140.0
long,898,fixed_6,6.0,0,140.0
long,898,fixed_12,12.0,0,140.0
long,898,fixed_24,24.0,0,140.0
long,898,fixed_48,48.0,0,140.0
long,898,threshold_reset,120.0,0,140.0
long,898,readiness_current,120.0,0,140.0
long,898,readiness_history,120.0,0,140.0
long,898,oracle,120.0,0,140.0
long,899,fixed_6,6.0,0,140.0
long,899,fixed_12,12.0,0,140.0
long,899,fixed_24,24.0,0,140.0
long,899,fixed_48,48.0,0,140.0
long,899,threshold_reset,120.0,0,140.0
long,899,readiness_current,120.0,0,140.0
long,899,readiness_history,120.0,0,140.0
long,899,oracle,120.0,0,140.0
long,900,fixed_6,6.0,0,140.0
long,900,fixed_12,12.0,0,140.0
long,900,fixed_24,24.0,0,140.0
long,900,fixed_48,48.0,0,140.0
long,900,threshold_reset,120.0,0,140.0
long,900,readiness_current,120.0,0,140.0
long,900,readiness_history,120.0,0,140.0
long,900,oracle,120.0,0,140.0
long,901,fixed_6,6.0,0,140.0
long,901,fixed_12,12.0,0,140.0
long,901,fixed_24,24.0,0,140.0
long,901,fixed_48,48.0,0,140.0
long,901,threshold_reset,120.0,0,140.0
long,901,readiness_current,120.0,0,140.0
long,901,readiness_history,120.0,0,140.0
long,901,oracle,120.0,0,140.0
long,902,fixed_6,6.0,0,140.0
long,902,fixed_12,12.0,0,140.0
long,902,fixed_24,24.0,0,140.0
long,902,fixed_48,48.0,0,140.0
long,902,threshold_reset,120.0,0,140.0
long,902,readiness_current,120.0,0,140.0
long,902,readiness_history,120.0,0,140.0
long,902,oracle,120.0,0,140.0
long,903,fixed_6,6.0,0,140.0
long,903,fixed_12,12.0,0,140.0
long,903,fixed_24,24.0,0,140.0
long,903,fixed_48,48.0,0,140.0
long,903,threshold_reset,120.0,0,140.0
long,903,readiness_current,120.0,0,140.0
long,903,readiness_history,120.0,0,140.0
long,903,oracle,120.0,0,140.0
long,904,fixed_6,6.0,0,140.0
long,904,fixed_12,12.0,0,140.0
long,904,fixed_24,24.0,0,140.0
long,904,fixed_48,48.0,0,140.0
long,904,threshold_reset,120.0,0,140.0
long,904,readiness_current,120.0,0,140.0
long,904,readiness_history,120.0,0,140.0
long,904,oracle,120.0,0,140.0
long,905,fixed_6,6.0,0,140.0
long,905,fixed_12,12.0,0,140.0
long,905,fixed_24,24.0,0,140.0
long,905,fixed_48,48.0,0,140.0
long,905,threshold_reset,120.0,0,140.0
long,905,readiness_current,120.0,0,140.0
long,905,readiness_history,120.0,0,140.0
long,905,oracle,120.0,0,140.0
long,906,fixed_6,6.0,0,140.0
long,906,fixed_12,12.0,0,140.0
long,906,fixed_24,24.0,0,140.0
long,906,fixed_48,48.0,0,140.0
long,906,threshold_reset,120.0,0,140.0
long,906,readiness_current,120.0,0,140.0
long,906,readiness_history,120.0,0,140.0
long,906,oracle,120.0,0,140.0
long,907,fixed_6,6.0,0,140.0
long,907,fixed_12,12.0,0,140.0
long,907,fixed_24,24.0,0,140.0
long,907,fixed_48,48.0,0,140.0
long,907,threshold_reset,120.0,0,140.0
long,907,readiness_current,120.0,0,140.0
long,907,readiness_history,120.0,0,140.0
long,907,oracle,120.0,0,140.0
long,908,fixed_6,6.0,0,140.0
long,908,fixed_12,12.0,0,140.0
long,908,fixed_24,24.0,0,140.0
long,908,fixed_48,48.0,0,140.0
long,908,threshold_reset,120.0,0,140.0
long,908,readiness_current,120.0,0,140.0
long,908,readiness_history,120.0,0,140.0
long,908,oracle,120.0,0,140.0
long,909,fixed_6,6.0,0,140.0
long,909,fixed_12,12.0,0,140.0
long,909,fixed_24,24.0,0,140.0
long,909,fixed_48,48.0,0,140.0
long,909,threshold_reset,120.0,0,140.0
long,909,readiness_current,120.0,0,140.0
long,909,readiness_history,120.0,0,140.0
long,909,oracle,120.0,0,140.0
long,910,fixed_6,6.0,0,140.0
long,910,fixed_12,12.0,0,140.0
long,910,fixed_24,24.0,0,140.0
long,910,fixed_48,48.0,0,140.0
long,910,threshold_reset,120.0,0,140.0
long,910,readiness_current,120.0,0,140.0
long,910,readiness_history,120.0,0,140.0
long,910,oracle,120.0,0,140.0
long,911,fixed_6,6.0,0,140.0
long,911,fixed_12,12.0,0,140.0
long,911,fixed_24,24.0,0,140.0
long,911,fixed_48,48.0,0,140.0
long,911,threshold_reset,120.0,0,140.0
long,911,readiness_current,120.0,0,140.0
long,911,readiness_history,120.0,0,140.0
long,911,oracle,120.0,0,140.0
long,912,fixed_6,6.0,0,140.0
long,912,fixed_12,12.0,0,140.0
long,912,fixed_24,24.0,0,140.0
long,912,fixed_48,48.0,0,140.0
long,912,threshold_reset,120.0,0,140.0
long,912,readiness_current,120.0,0,140.0
long,912,readiness_history,120.0,0,140.0
long,912,oracle,120.0,0,140.0
long,913,fixed_6,6.0,0,140.0
long,913,fixed_12,12.0,0,140.0
long,913,fixed_24,24.0,0,140.0
long,913,fixed_48,48.0,0,140.0
long,913,threshold_reset,120.0,0,140.0
long,913,readiness_current,120.0,0,140.0
long,913,readiness_history,120.0,0,140.0
long,913,oracle,120.0,0,140.0
long,914,fixed_6,6.0,0,140.0
long,914,fixed_12,12.0,0,140.0
long,914,fixed_24,24.0,0,140.0
long,914,fixed_48,48.0,0,140.0
long,914,threshold_reset,120.0,0,140.0
long,914,readiness_current,120.0,0,140.0
long,914,readiness_history,120.0,0,140.0
long,914,oracle,120.0,0,140.0
long,915,fixed_6,6.0,0,140.0
long,915,fixed_12,12.0,0,140.0
long,915,fixed_24,24.0,0,140.0
long,915,fixed_48,48.0,0,140.0
long,915,threshold_reset,120.0,0,140.0
long,915,readiness_current,120.0,0,140.0
long,915,readiness_history,120.0,0,140.0
long,915,oracle,120.0,0,140.0
long,916,fixed_6,6.0,0,140.0
long,916,fixed_12,12.0,0,140.0
long,916,fixed_24,24.0,0,140.0
long,916,fixed_48,48.0,0,140.0
long,916,threshold_reset,120.0,0,140.0
long,916,readiness_current,120.0,0,140.0
long,916,readiness_history,120.0,0,140.0
long,916,oracle,120.0,0,140.0
long,917,fixed_6,6.0,0,140.0
long,917,fixed_12,12.0,0,140.0
long,917,fixed_24,24.0,0,140.0
long,917,fixed_48,48.0,0,140.0
long,917,threshold_reset,120.0,0,140.0
long,917,readiness_current,120.0,0,140.0
long,917,readiness_history,120.0,0,140.0
long,917,oracle,120.0,0,140.0
long,918,fixed_6,6.0,0,140.0
long,918,fixed_12,12.0,0,140.0
long,918,fixed_24,24.0,0,140.0
long,918,fixed_48,48.0,0,140.0
long,918,threshold_reset,120.0,0,140.0
long,918,readiness_current,120.0,0,140.0
long,918,readiness_history,120.0,0,140.0
long,918,oracle,120.0,0,140.0
long,919,fixed_6,6.0,0,140.0
long,919,fixed_12,12.0,0,140.0
long,919,fixed_24,24.0,0,140.0
long,919,fixed_48,48.0,0,140.0
long,919,threshold_reset,120.0,0,140.0
long,919,readiness_current,120.0,0,140.0
long,919,readiness_history,120.0,0,140.0
long,919,oracle,120.0,0,140.0
long,920,fixed_6,6.0,0,140.0
long,920,fixed_12,12.0,0,140.0
long,920,fixed_24,24.0,0,140.0
long,920,fixed_48,48.0,0,140.0
long,920,threshold_reset,120.0,0,140.0
long,920,readiness_current,120.0,0,140.0
long,920,readiness_history,120.0,0,140.0
long,920,oracle,120.0,0,140.0
long,921,fixed_6,6.0,0,140.0
long,921,fixed_12,12.0,0,140.0
long,921,fixed_24,24.0,0,140.0
long,921,fixed_48,48.0,0,140.0
long,921,threshold_reset,120.0,0,140.0
long,921,readiness_current,120.0,0,140.0
long,921,readiness_history,120.0,0,140.0
long,921,oracle,120.0,0,140.0
long,922,fixed_6,6.0,0,140.0
long,922,fixed_12,12.0,0,140.0
long,922,fixed_24,24.0,0,140.0
long,922,fixed_48,48.0,0,140.0
long,922,threshold_reset,120.0,0,140.0
long,922,readiness_current,120.0,0,140.0
long,922,readiness_history,120.0,0,140.0
long,922,oracle,120.0,0,140.0
long,923,fixed_6,6.0,0,140.0
long,923,fixed_12,12.0,0,140.0
long,923,fixed_24,24.0,0,140.0
long,923,fixed_48,48.0,0,140.0
long,923,threshold_reset,120.0,0,140.0
long,923,readiness_current,120.0,0,140.0
long,923,readiness_history,120.0,0,140.0
long,923,oracle,120.0,0,140.0
long,924,fixed_6,6.0,0,140.0
long,924,fixed_12,12.0,0,140.0
long,924,fixed_24,24.0,0,140.0
long,924,fixed_48,48.0,0,140.0
long,924,threshold_reset,120.0,0,140.0
long,924,readiness_current,120.0,0,140.0
long,924,readiness_history,120.0,0,140.0
long,924,oracle,120.0,0,140.0
long,925,fixed_6,6.0,0,140.0
long,925,fixed_12,12.0,0,140.0
long,925,fixed_24,24.0,0,140.0
long,925,fixed_48,48.0,0,140.0
long,925,threshold_reset,120.0,0,140.0
long,925,readiness_current,120.0,0,140.0
long,925,readiness_history,120.0,0,140.0
long,925,oracle,120.0,0,140.0
long,926,fixed_6,6.0,0,140.0
long,926,fixed_12,12.0,0,140.0
long,926,fixed_24,24.0,0,140.0
long,926,fixed_48,48.0,0,140.0
long,926,threshold_reset,120.0,0,140.0
long,926,readiness_current,120.0,0,140.0
long,926,readiness_history,120.0,0,140.0
long,926,oracle,120.0,0,140.0
long,927,fixed_6,6.0,0,140.0
long,927,fixed_12,12.0,0,140.0
long,927,fixed_24,24.0,0,140.0
long,927,fixed_48,48.0,0,140.0
long,927,threshold_reset,120.0,0,140.0
long,927,readiness_current,120.0,0,140.0
long,927,readiness_history,120.0,0,140.0
long,927,oracle,120.0,0,140.0
long,928,fixed_6,6.0,0,140.0
long,928,fixed_12,12.0,0,140.0
long,928,fixed_24,24.0,0,140.0
long,928,fixed_48,48.0,0,140.0
long,928,threshold_reset,120.0,0,140.0
long,928,readiness_current,120.0,0,140.0
long,928,readiness_history,120.0,0,140.0
long,928,oracle,120.0,0,140.0
long,929,fixed_6,6.0,0,140.0
long,929,fixed_12,12.0,0,140.0
long,929,fixed_24,24.0,0,140.0
long,929,fixed_48,48.0,0,140.0
long,929,threshold_reset,120.0,0,140.0
long,929,readiness_current,120.0,0,140.0
long,929,readiness_history,120.0,0,140.0
long,929,oracle,120.0,0,140.0
long,930,fixed_6,6.0,0,140.0
long,930,fixed_12,12.0,0,140.0
long,930,fixed_24,24.0,0,140.0
long,930,fixed_48,48.0,0,140.0
long,930,threshold_reset,120.0,0,140.0
long,930,readiness_current,120.0,0,140.0
long,930,readiness_history,120.0,0,140.0
long,930,oracle,120.0,0,140.0
long,931,fixed_6,6.0,0,140.0
long,931,fixed_12,12.0,0,140.0
long,931,fixed_24,24.0,0,140.0
long,931,fixed_48,48.0,0,140.0
long,931,threshold_reset,120.0,0,140.0
long,931,readiness_current,120.0,0,140.0
long,931,readiness_history,120.0,0,140.0
long,931,oracle,120.0,0,140.0
long,932,fixed_6,6.0,0,140.0
long,932,fixed_12,12.0,0,140.0
long,932,fixed_24,24.0,0,140.0
long,932,fixed_48,48.0,0,140.0
long,932,threshold_reset,120.0,0,140.0
long,932,readiness_current,120.0,0,140.0
long,932,readiness_history,120.0,0,140.0
long,932,oracle,120.0,0,140.0
long,933,fixed_6,6.0,0,140.0
long,933,fixed_12,12.0,0,140.0
long,933,fixed_24,24.0,0,140.0
long,933,fixed_48,48.0,0,140.0
long,933,threshold_reset,120.0,0,140.0
long,933,readiness_current,120.0,0,140.0
long,933,readiness_history,120.0,0,140.0
long,933,oracle,120.0,0,140.0
long,934,fixed_6,6.0,0,140.0
long,934,fixed_12,12.0,0,140.0
long,934,fixed_24,24.0,0,140.0
long,934,fixed_48,48.0,0,140.0
long,934,threshold_reset,120.0,0,140.0
long,934,readiness_current,120.0,0,140.0
long,934,readiness_history,120.0,0,140.0
long,934,oracle,120.0,0,140.0
long,935,fixed_6,6.0,0,140.0
long,935,fixed_12,12.0,0,140.0
long,935,fixed_24,24.0,0,140.0
long,935,fixed_48,48.0,0,140.0
long,935,threshold_reset,120.0,0,140.0
long,935,readiness_current,120.0,0,140.0
long,935,readiness_history,120.0,0,140.0
long,935,oracle,120.0,0,140.0
long,936,fixed_6,6.0,0,140.0
long,936,fixed_12,12.0,0,140.0
long,936,fixed_24,24.0,0,140.0
long,936,fixed_48,48.0,0,140.0
long,936,threshold_reset,120.0,0,140.0
long,936,readiness_current,120.0,0,140.0
long,936,readiness_history,120.0,0,140.0
long,936,oracle,120.0,0,140.0
long,937,fixed_6,6.0,0,140.0
long,937,fixed_12,12.0,0,140.0
long,937,fixed_24,24.0,0,140.0
long,937,fixed_48,48.0,0,140.0
long,937,threshold_reset,120.0,0,140.0
long,937,readiness_current,120.0,0,140.0
long,937,readiness_history,120.0,0,140.0
long,937,oracle,120.0,0,140.0
long,938,fixed_6,6.0,0,140.0
long,938,fixed_12,12.0,0,140.0
long,938,fixed_24,24.0,0,140.0
long,938,fixed_48,48.0,0,140.0
long,938,threshold_reset,120.0,0,140.0
long,938,readiness_current,120.0,0,140.0
long,938,readiness_history,120.0,0,140.0
long,938,oracle,120.0,0,140.0
long,939,fixed_6,6.0,0,140.0
long,939,fixed_12,12.0,0,140.0
long,939,fixed_24,24.0,0,140.0
long,939,fixed_48,48.0,0,140.0
long,939,threshold_reset,120.0,0,140.0
long,939,readiness_current,120.0,0,140.0
long,939,readiness_history,120.0,0,140.0
long,939,oracle,120.0,0,140.0
long,940,fixed_6,6.0,0,140.0
long,940,fixed_12,12.0,0,140.0
long,940,fixed_24,24.0,0,140.0
long,940,fixed_48,48.0,0,140.0
long,940,threshold_reset,120.0,0,140.0
long,940,readiness_current,120.0,0,140.0
long,940,readiness_history,120.0,0,140.0
long,940,oracle,120.0,0,140.0
long,941,fixed_6,6.0,0,140.0
long,941,fixed_12,12.0,0,140.0
long,941,fixed_24,24.0,0,140.0
long,941,fixed_48,48.0,0,140.0
long,941,threshold_reset,120.0,0,140.0
long,941,readiness_current,120.0,0,140.0
long,941,readiness_history,120.0,0,140.0
long,941,oracle,120.0,0,140.0
long,942,fixed_6,6.0,0,140.0
long,942,fixed_12,12.0,0,140.0
long,942,fixed_24,24.0,0,140.0
long,942,fixed_48,48.0,0,140.0
long,942,threshold_reset,120.0,0,140.0
long,942,readiness_current,120.0,0,140.0
long,942,readiness_history,120.0,0,140.0
long,942,oracle,120.0,0,140.0
long,943,fixed_6,6.0,0,140.0
long,943,fixed_12,12.0,0,140.0
long,943,fixed_24,24.0,0,140.0
long,943,fixed_48,48.0,0,140.0
long,943,threshold_reset,120.0,0,140.0
long,943,readiness_current,120.0,0,140.0
long,943,readiness_history,120.0,0,140.0
long,943,oracle,120.0,0,140.0
long,944,fixed_6,6.0,0,140.0
long,944,fixed_12,12.0,0,140.0
long,944,fixed_24,24.0,0,140.0
long,944,fixed_48,48.0,0,140.0
long,944,threshold_reset,120.0,0,140.0
long,944,readiness_current,120.0,0,140.0
long,944,readiness_history,120.0,0,140.0
long,944,oracle,120.0,0,140.0
long,945,fixed_6,6.0,0,140.0
long,945,fixed_12,12.0,0,140.0
long,945,fixed_24,24.0,0,140.0
long,945,fixed_48,48.0,0,140.0
long,945,threshold_reset,120.0,0,140.0
long,945,readiness_current,120.0,0,140.0
long,945,readiness_history,120.0,0,140.0
long,945,oracle,120.0,0,140.0
long,946,fixed_6,6.0,0,140.0
long,946,fixed_12,12.0,0,140.0
long,946,fixed_24,24.0,0,140.0
long,946,fixed_48,48.0,0,140.0
long,946,threshold_reset,120.0,0,140.0
long,946,readiness_current,120.0,0,140.0
long,946,readiness_history,120.0,0,140.0
long,946,oracle,120.0,0,140.0
long,947,fixed_6,6.0,0,140.0
long,947,fixed_12,12.0,0,140.0
long,947,fixed_24,24.0,0,140.0
long,947,fixed_48,48.0,0,140.0
long,947,threshold_reset,120.0,0,140.0
long,947,readiness_current,120.0,0,140.0
long,947,readiness_history,120.0,0,140.0
long,947,oracle,120.0,0,140.0
long,948,fixed_6,6.0,0,140.0
long,948,fixed_12,12.0,0,140.0
long,948,fixed_24,24.0,0,140.0
long,948,fixed_48,48.0,0,140.0
long,948,threshold_reset,120.0,0,140.0
long,948,readiness_current,120.0,0,140.0
long,948,readiness_history,120.0,0,140.0
long,948,oracle,120.0,0,140.0
long,949,fixed_6,6.0,0,140.0
long,949,fixed_12,12.0,0,140.0
long,949,fixed_24,24.0,0,140.0
long,949,fixed_48,48.0,0,140.0
long,949,threshold_reset,120.0,0,140.0
long,949,readiness_current,120.0,0,140.0
long,949,readiness_history,120.0,0,140.0
long,949,oracle,120.0,0,140.0
long,950,fixed_6,6.0,0,140.0
long,950,fixed_12,12.0,0,140.0
long,950,fixed_24,24.0,0,140.0
long,950,fixed_48,48.0,0,140.0
long,950,threshold_reset,120.0,0,140.0
long,950,readiness_current,120.0,0,140.0
long,950,readiness_history,120.0,0,140.0
long,950,oracle,120.0,0,140.0
long,951,fixed_6,6.0,0,140.0
long,951,fixed_12,12.0,0,140.0
long,951,fixed_24,24.0,0,140.0
long,951,fixed_48,48.0,0,140.0
long,951,threshold_reset,120.0,0,140.0
long,951,readiness_current,120.0,0,140.0
long,951,readiness_history,120.0,0,140.0
long,951,oracle,120.0,0,140.0
long,952,fixed_6,6.0,0,140.0
long,952,fixed_12,12.0,0,140.0
long,952,fixed_24,24.0,0,140.0
long,952,fixed_48,48.0,0,140.0
long,952,threshold_reset,120.0,0,140.0
long,952,readiness_current,120.0,0,140.0
long,952,readiness_history,120.0,0,140.0
long,952,oracle,120.0,0,140.0
long,953,fixed_6,6.0,0,140.0
long,953,fixed_12,12.0,0,140.0
long,953,fixed_24,24.0,0,140.0
long,953,fixed_48,48.0,0,140.0
long,953,threshold_reset,120.0,0,140.0
long,953,readiness_current,120.0,0,140.0
long,953,readiness_history,120.0,0,140.0
long,953,oracle,120.0,0,140.0
long,954,fixed_6,6.0,0,140.0
long,954,fixed_12,12.0,0,140.0
long,954,fixed_24,24.0,0,140.0
long,954,fixed_48,48.0,0,140.0
long,954,threshold_reset,120.0,0,140.0
long,954,readiness_current,120.0,0,140.0
long,954,readiness_history,120.0,0,140.0
long,954,oracle,120.0,0,140.0
long,955,fixed_6,6.0,0,140.0
long,955,fixed_12,12.0,0,140.0
long,955,fixed_24,24.0,0,140.0
long,955,fixed_48,48.0,0,140.0
long,955,threshold_reset,120.0,0,140.0
long,955,readiness_current,120.0,0,140.0
long,955,readiness_history,120.0,0,140.0
long,955,oracle,120.0,0,140.0
long,956,fixed_6,6.0,0,140.0
long,956,fixed_12,12.0,0,140.0
long,956,fixed_24,24.0,0,140.0
long,956,fixed_48,48.0,0,140.0
long,956,threshold_reset,120.0,0,140.0
long,956,readiness_current,120.0,0,140.0
long,956,readiness_history,120.0,0,140.0
long,956,oracle,120.0,0,140.0
long,957,fixed_6,6.0,0,140.0
long,957,fixed_12,12.0,0,140.0
long,957,fixed_24,24.0,0,140.0
long,957,fixed_48,48.0,0,140.0
long,957,threshold_reset,120.0,0,140.0
long,957,readiness_current,120.0,0,140.0
long,957,readiness_history,120.0,0,140.0
long,957,oracle,120.0,0,140.0
long,958,fixed_6,6.0,0,140.0
long,958,fixed_12,12.0,0,140.0
long,958,fixed_24,24.0,0,140.0
long,958,fixed_48,48.0,0,140.0
long,958,threshold_reset,120.0,0,140.0
long,958,readiness_current,120.0,0,140.0
long,958,readiness_history,120.0,0,140.0
long,958,oracle,120.0,0,140.0
long,959,fixed_6,6.0,0,140.0
long,959,fixed_12,12.0,0,140.0
long,959,fixed_24,24.0,0,140.0
long,959,fixed_48,48.0,0,140.0
long,959,threshold_reset,120.0,0,140.0
long,959,readiness_current,120.0,0,140.0
long,959,readiness_history,120.0,0,140.0
long,959,oracle,120.0,0,140.0
long,960,fixed_6,6.0,0,140.0
long,960,fixed_12,12.0,0,140.0
long,960,fixed_24,24.0,0,140.0
long,960,fixed_48,48.0,0,140.0
long,960,threshold_reset,120.0,0,140.0
long,960,readiness_current,120.0,0,140.0
long,960,readiness_history,120.0,0,140.0
long,960,oracle,120.0,0,140.0
long,961,fixed_6,6.0,0,140.0
long,961,fixed_12,12.0,0,140.0
long,961,fixed_24,24.0,0,140.0
long,961,fixed_48,48.0,0,140.0
long,961,threshold_reset,120.0,0,140.0
long,961,readiness_current,120.0,0,140.0
long,961,readiness_history,120.0,0,140.0
long,961,oracle,120.0,0,140.0
long,962,fixed_6,6.0,0,140.0
long,962,fixed_12,12.0,0,140.0
long,962,fixed_24,24.0,0,140.0
long,962,fixed_48,48.0,0,140.0
long,962,threshold_reset,120.0,0,140.0
long,962,readiness_current,120.0,0,140.0
long,962,readiness_history,120.0,0,140.0
long,962,oracle,120.0,0,140.0
long,963,fixed_6,6.0,0,140.0
long,963,fixed_12,12.0,0,140.0
long,963,fixed_24,24.0,0,140.0
long,963,fixed_48,48.0,0,140.0
long,963,threshold_reset,120.0,0,140.0
long,963,readiness_current,120.0,0,140.0
long,963,readiness_history,120.0,0,140.0
long,963,oracle,120.0,0,140.0
long,964,fixed_6,6.0,0,140.0
long,964,fixed_12,12.0,0,140.0
long,964,fixed_24,24.0,0,140.0
long,964,fixed_48,48.0,0,140.0
long,964,threshold_reset,120.0,0,140.0
long,964,readiness_current,120.0,0,140.0
long,964,readiness_history,120.0,0,140.0
long,964,oracle,120.0,0,140.0
long,965,fixed_6,6.0,0,140.0
long,965,fixed_12,12.0,0,140.0
long,965,fixed_24,24.0,0,140.0
long,965,fixed_48,48.0,0,140.0
long,965,threshold_reset,120.0,0,140.0
long,965,readiness_current,120.0,0,140.0
long,965,readiness_history,120.0,0,140.0
long,965,oracle,120.0,0,140.0
long,966,fixed_6,6.0,0,140.0
long,966,fixed_12,12.0,0,140.0
long,966,fixed_24,24.0,0,140.0
long,966,fixed_48,48.0,0,140.0
long,966,threshold_reset,120.0,0,140.0
long,966,readiness_current,120.0,0,140.0
long,966,readiness_history,120.0,0,140.0
long,966,oracle,120.0,0,140.0
long,967,fixed_6,6.0,0,140.0
long,967,fixed_12,12.0,0,140.0
long,967,fixed_24,24.0,0,140.0
long,967,fixed_48,48.0,0,140.0
long,967,threshold_reset,120.0,0,140.0
long,967,readiness_current,120.0,0,140.0
long,967,readiness_history,120.0,0,140.0
long,967,oracle,120.0,0,140.0
long,968,fixed_6,6.0,0,140.0
long,968,fixed_12,12.0,0,140.0
long,968,fixed_24,24.0,0,140.0
long,968,fixed_48,48.0,0,140.0
long,968,threshold_reset,120.0,0,140.0
long,968,readiness_current,120.0,0,140.0
long,968,readiness_history,120.0,0,140.0
long,968,oracle,120.0,0,140.0
long,969,fixed_6,6.0,0,140.0
long,969,fixed_12,12.0,0,140.0
long,969,fixed_24,24.0,0,140.0
long,969,fixed_48,48.0,0,140.0
long,969,threshold_reset,120.0,0,140.0
long,969,readiness_current,120.0,0,140.0
long,969,readiness_history,120.0,0,140.0
long,969,oracle,120.0,0,140.0
long,970,fixed_6,6.0,0,140.0
long,970,fixed_12,12.0,0,140.0
long,970,fixed_24,24.0,0,140.0
long,970,fixed_48,48.0,0,140.0
long,970,threshold_reset,120.0,0,140.0
long,970,readiness_current,120.0,0,140.0
long,970,readiness_history,120.0,0,140.0
long,970,oracle,120.0,0,140.0
long,971,fixed_6,6.0,0,140.0
long,971,fixed_12,12.0,0,140.0
long,971,fixed_24,24.0,0,140.0
long,971,fixed_48,48.0,0,140.0
long,971,threshold_reset,120.0,0,140.0
long,971,readiness_current,120.0,0,140.0
long,971,readiness_history,120.0,0,140.0
long,971,oracle,120.0,0,140.0
long,972,fixed_6,6.0,0,140.0
long,972,fixed_12,12.0,0,140.0
long,972,fixed_24,24.0,0,140.0
long,972,fixed_48,48.0,0,140.0
long,972,threshold_reset,120.0,0,140.0
long,972,readiness_current,120.0,0,140.0
long,972,readiness_history,120.0,0,140.0
long,972,oracle,120.0,0,140.0
long,973,fixed_6,6.0,0,140.0
long,973,fixed_12,12.0,0,140.0
long,973,fixed_24,24.0,0,140.0
long,973,fixed_48,48.0,0,140.0
long,973,threshold_reset,120.0,0,140.0
long,973,readiness_current,120.0,0,140.0
long,973,readiness_history,120.0,0,140.0
long,973,oracle,120.0,0,140.0
long,974,fixed_6,6.0,0,140.0
long,974,fixed_12,12.0,0,140.0
long,974,fixed_24,24.0,0,140.0
long,974,fixed_48,48.0,0,140.0
long,974,threshold_reset,120.0,0,140.0
long,974,readiness_current,120.0,0,140.0
long,974,readiness_history,120.0,0,140.0
long,974,oracle,120.0,0,140.0
long,975,fixed_6,6.0,0,140.0
long,975,fixed_12,12.0,0,140.0
long,975,fixed_24,24.0,0,140.0
long,975,fixed_48,48.0,0,140.0
long,975,threshold_reset,120.0,0,140.0
long,975,readiness_current,120.0,0,140.0
long,975,readiness_history,120.0,0,140.0
long,975,oracle,120.0,0,140.0
long,976,fixed_6,6.0,0,140.0
long,976,fixed_12,12.0,0,140.0
long,976,fixed_24,24.0,0,140.0
long,976,fixed_48,48.0,0,140.0
long,976,threshold_reset,120.0,0,140.0
long,976,readiness_current,120.0,0,140.0
long,976,readiness_history,120.0,0,140.0
long,976,oracle,120.0,0,140.0
long,977,fixed_6,6.0,0,140.0
long,977,fixed_12,12.0,0,140.0
long,977,fixed_24,24.0,0,140.0
long,977,fixed_48,48.0,0,140.0
long,977,threshold_reset,120.0,0,140.0
long,977,readiness_current,120.0,0,140.0
long,977,readiness_history,120.0,0,140.0
long,977,oracle,120.0,0,140.0
long,978,fixed_6,6.0,0,140.0
long,978,fixed_12,12.0,0,140.0
long,978,fixed_24,24.0,0,140.0
long,978,fixed_48,48.0,0,140.0
long,978,threshold_reset,120.0,0,140.0
long,978,readiness_current,120.0,0,140.0
long,978,readiness_history,120.0,0,140.0
long,978,oracle,120.0,0,140.0
long,979,fixed_6,6.0,0,140.0
long,979,fixed_12,12.0,0,140.0
long,979,fixed_24,24.0,0,140.0
long,979,fixed_48,48.0,0,140.0
long,979,threshold_reset,120.0,0,140.0
long,979,readiness_current,120.0,0,140.0
long,979,readiness_history,120.0,0,140.0
long,979,oracle,120.0,0,140.0
long,980,fixed_6,6.0,0,140.0
long,980,fixed_12,12.0,0,140.0
long,980,fixed_24,24.0,0,140.0
long,980,fixed_48,48.0,0,140.0
long,980,threshold_reset,120.0,0,140.0
long,980,readiness_current,120.0,0,140.0
long,980,readiness_history,120.0,0,140.0
long,980,oracle,120.0,0,140.0
long,981,fixed_6,6.0,0,140.0
long,981,fixed_12,12.0,0,140.0
long,981,fixed_24,24.0,0,140.0
long,981,fixed_48,48.0,0,140.0
long,981,threshold_reset,120.0,0,140.0
long,981,readiness_current,120.0,0,140.0
long,981,readiness_history,120.0,0,140.0
long,981,oracle,120.0,0,140.0
long,982,fixed_6,6.0,0,140.0
long,982,fixed_12,12.0,0,140.0
long,982,fixed_24,24.0,0,140.0
long,982,fixed_48,48.0,0,140.0
long,982,threshold_reset,120.0,0,140.0
long,982,readiness_current,120.0,0,140.0
long,982,readiness_history,120.0,0,140.0
long,982,oracle,120.0,0,140.0
long,983,fixed_6,6.0,0,140.0
long,983,fixed_12,12.0,0,140.0
long,983,fixed_24,24.0,0,140.0
long,983,fixed_48,48.0,0,140.0
long,983,threshold_reset,120.0,0,140.0
long,983,readiness_current,120.0,0,140.0
long,983,readiness_history,120.0,0,140.0
long,983,oracle,120.0,0,140.0
long,984,fixed_6,6.0,0,140.0
long,984,fixed_12,12.0,0,140.0
long,984,fixed_24,24.0,0,140.0
long,984,fixed_48,48.0,0,140.0
long,984,threshold_reset,120.0,0,140.0
long,984,readiness_current,120.0,0,140.0
long,984,readiness_history,120.0,0,140.0
long,984,oracle,120.0,0,140.0
long,985,fixed_6,6.0,0,140.0
long,985,fixed_12,12.0,0,140.0
long,985,fixed_24,24.0,0,140.0
long,985,fixed_48,48.0,0,140.0
long,985,threshold_reset,120.0,0,140.0
long,985,readiness_current,120.0,0,140.0
long,985,readiness_history,120.0,0,140.0
long,985,oracle,120.0,0,140.0
long,986,fixed_6,6.0,0,140.0
long,986,fixed_12,12.0,0,140.0
long,986,fixed_24,24.0,0,140.0
long,986,fixed_48,48.0,0,140.0
long,986,threshold_reset,120.0,0,140.0
long,986,readiness_current,120.0,0,140.0
long,986,readiness_history,120.0,0,140.0
long,986,oracle,120.0,0,140.0
long,987,fixed_6,6.0,0,140.0
long,987,fixed_12,12.0,0,140.0
long,987,fixed_24,24.0,0,140.0
long,987,fixed_48,48.0,0,140.0
long,987,threshold_reset,120.0,0,140.0
long,987,readiness_current,120.0,0,140.0
long,987,readiness_history,120.0,0,140.0
long,987,oracle,120.0,0,140.0
long,988,fixed_6,6.0,0,140.0
long,988,fixed_12,12.0,0,140.0
long,988,fixed_24,24.0,0,140.0
long,988,fixed_48,48.0,0,140.0
long,988,threshold_reset,120.0,0,140.0
long,988,readiness_current,120.0,0,140.0
long,988,readiness_history,120.0,0,140.0
long,988,oracle,120.0,0,140.0
long,989,fixed_6,6.0,0,140.0
long,989,fixed_12,12.0,0,140.0
long,989,fixed_24,24.0,0,140.0
long,989,fixed_48,48.0,0,140.0
long,989,threshold_reset,120.0,0,140.0
long,989,readiness_current,120.0,0,140.0
long,989,readiness_history,120.0,0,140.0
long,989,oracle,120.0,0,140.0
long,990,fixed_6,6.0,0,140.0
long,990,fixed_12,12.0,0,140.0
long,990,fixed_24,24.0,0,140.0
long,990,fixed_48,48.0,0,140.0
long,990,threshold_reset,120.0,0,140.0
long,990,readiness_current,120.0,0,140.0
long,990,readiness_history,120.0,0,140.0
long,990,oracle,120.0,0,140.0
long,991,fixed_6,6.0,0,140.0
long,991,fixed_12,12.0,0,140.0
long,991,fixed_24,24.0,0,140.0
long,991,fixed_48,48.0,0,140.0
long,991,threshold_reset,120.0,0,140.0
long,991,readiness_current,120.0,0,140.0
long,991,readiness_history,120.0,0,140.0
long,991,oracle,120.0,0,140.0
long,992,fixed_6,6.0,0,140.0
long,992,fixed_12,12.0,0,140.0
long,992,fixed_24,24.0,0,140.0
long,992,fixed_48,48.0,0,140.0
long,992,threshold_reset,120.0,0,140.0
long,992,readiness_current,120.0,0,140.0
long,992,readiness_history,120.0,0,140.0
long,992,oracle,120.0,0,140.0
long,993,fixed_6,6.0,0,140.0
long,993,fixed_12,12.0,0,140.0
long,993,fixed_24,24.0,0,140.0
long,993,fixed_48,48.0,0,140.0
long,993,threshold_reset,120.0,0,140.0
long,993,readiness_current,120.0,0,140.0
long,993,readiness_history,120.0,0,140.0
long,993,oracle,120.0,0,140.0
long,994,fixed_6,6.0,0,140.0
long,994,fixed_12,12.0,0,140.0
long,994,fixed_24,24.0,0,140.0
long,994,fixed_48,48.0,0,140.0
long,994,threshold_reset,120.0,0,140.0
long,994,readiness_current,120.0,0,140.0
long,994,readiness_history,120.0,0,140.0
long,994,oracle,120.0,0,140.0
long,995,fixed_6,6.0,0,140.0
long,995,fixed_12,12.0,0,140.0
long,995,fixed_24,24.0,0,140.0
long,995,fixed_48,48.0,0,140.0
long,995,threshold_reset,120.0,0,140.0
long,995,readiness_current,120.0,0,140.0
long,995,readiness_history,120.0,0,140.0
long,995,oracle,120.0,0,140.0
long,996,fixed_6,6.0,0,140.0
long,996,fixed_12,12.0,0,140.0
long,996,fixed_24,24.0,0,140.0
long,996,fixed_48,48.0,0,140.0
long,996,threshold_reset,120.0,0,140.0
long,996,readiness_current,120.0,0,140.0
long,996,readiness_history,120.0,0,140.0
long,996,oracle,120.0,0,140.0
long,997,fixed_6,6.0,0,140.0
long,997,fixed_12,12.0,0,140.0
long,997,fixed_24,24.0,0,140.0
long,997,fixed_48,48.0,0,140.0
long,997,threshold_reset,120.0,0,140.0
long,997,readiness_current,120.0,0,140.0
long,997,readiness_history,120.0,0,140.0
long,997,oracle,120.0,0,140.0
long,998,fixed_6,6.0,0,140.0
long,998,fixed_12,12.0,0,140.0
long,998,fixed_24,24.0,0,140.0
long,998,fixed_48,48.0,0,140.0
long,998,threshold_reset,120.0,0,140.0
long,998,readiness_current,120.0,0,140.0
long,998,readiness_history,120.0,0,140.0
long,998,oracle,120.0,0,140.0
long,999,fixed_6,6.0,0,140.0
long,999,fixed_12,12.0,0,140.0
long,999,fixed_24,24.0,0,140.0
long,999,fixed_48,48.0,0,140.0
long,999,threshold_reset,120.0,0,140.0
long,999,readiness_current,120.0,0,140.0
long,999,readiness_history,120.0,0,140.0
long,999,oracle,120.0,0,140.0
